{"type":"FeatureCollection","name":"ne_50m_admin_0_countries","crs":{"type":"name","properties":{"name":"urn:ogc:def:crs:OGC:1.3:CRS84"}},"features":[{"type":"Feature","geometry":{"type":"Polygon","coordinates":[[[31.287891,-22.402051],[30.711621,-22.297852],[29.663086,-22.146289],[29.237207,-22.079492],[29.02334,-21.98125],[28.990723,-21.781445],[28.181641,-21.589355],[27.907422,-21.359082],[27.676953,-20.944824],[27.694824,-20.594531],[27.468945,-20.474805],[27.221484,-20.145801],[26.678223,-19.892773],[26.081934,-19.369922],[25.811914,-18.79707],[25.489258,-18.35127],[25.282422,-18.041211],[25.258789,-17.793555],[25.741602,-17.858203],[26.333398,-17.929297],[27.235742,-17.72832],[27.932227,-16.896191],[28.760547,-16.532129],[28.875586,-16.036133],[29.287891,-15.776465],[30.250684,-15.643457],[30.437793,-15.995313],[31.426172,-16.152344],[32.243262,-16.44873],[32.810254,-16.697656],[32.87627,-16.883594],[32.954688,-17.76543],[32.996387,-18.312598],[32.900293,-18.689063],[32.699219,-18.868457],[32.826172,-19.058789],[32.777637,-19.38877],[33.006738,-19.873828],[32.780859,-20.361523],[32.477637,-20.712988],[32.429785,-21.29707],[32.016309,-21.698047],[31.429492,-22.298828],[31.287891,-22.402051]]]}},{"type":"Feature","geometry":{"type":"Polygon","coordinates":[[[30.396094,-15.643066],[29.487305,-15.696777],[28.913086,-15.987793],[28.832715,-16.424121],[28.16377,-16.769727],[27.437891,-17.511914],[26.577539,-18.022559],[25.863281,-17.951953],[25.451758,-17.845117],[24.932422,-17.543457],[24.036914,-17.520898],[23.181641,-17.474414],[22.459473,-16.815137],[22.040234,-16.262793],[21.97959,-15.082324],[21.979102,-13.79873],[22.20957,-13.000977],[23.338672,-13.000977],[23.962988,-12.988477],[23.909375,-12.636133],[23.958887,-12.117773],[23.970996,-11.63584],[24.04668,-11.405371],[23.988281,-11.002832],[24.115137,-10.955664],[24.365723,-11.129883],[24.37793,-11.41709],[24.728125,-11.337793],[25.184863,-11.242969],[25.291797,-11.325488],[25.413379,-11.673535],[25.854883,-11.820117],[26.339648,-11.929883],[26.824023,-11.965234],[26.976855,-11.824609],[27.15918,-11.579199],[27.487012,-12.079688],[27.756836,-12.280859],[28.357715,-12.482031],[28.51123,-12.742188],[28.730078,-12.925488],[28.942285,-13.307129],[29.253711,-13.370801],[29.597168,-13.260547],[29.722656,-13.453809],[29.796289,-13.16748],[29.795508,-12.450586],[29.691992,-12.19834],[29.502246,-12.317578],[29.34375,-12.404785],[28.85,-12.120508],[28.48252,-11.812109],[28.357227,-11.483008],[28.544238,-10.802344],[28.617188,-10.312988],[28.604199,-9.678809],[28.484277,-9.169434],[28.793555,-8.891016],[28.898145,-8.485449],[29.766211,-8.34375],[30.751172,-8.193652],[30.968359,-8.550977],[31.449219,-8.653906],[31.673633,-8.908789],[31.886133,-8.921973],[32.035352,-9.067383],[32.433203,-9.156348],[32.863281,-9.380859],[32.979883,-9.520313],[33.072461,-9.638184],[33.212695,-9.683008],[33.337109,-9.954004],[33.528906,-10.234668],[33.661523,-10.553125],[33.344922,-10.812695],[33.293262,-10.981152],[33.268359,-11.403906],[33.288281,-11.611133],[33.252344,-12.112598],[33.512305,-12.347754],[33.243457,-12.556543],[32.970508,-12.864746],[32.977637,-13.158887],[32.851855,-13.457031],[32.67207,-13.610352],[32.785352,-13.731445],[32.920313,-13.883887],[33.009277,-14.02373],[33.201758,-14.013379],[32.272852,-14.323047],[31.728906,-14.496094],[31.130859,-14.694629],[30.446094,-14.90752],[30.252148,-15.183203],[30.396094,-15.643066]]]}},{"type":"Feature","geometry":{"type":"MultiPolygon","coordinates":[[[[53.085645,16.648389],[52.237305,16.171387],[52.087305,15.585938],[51.681543,15.379102],[50.527051,15.038184],[49.548633,14.722412],[49.004688,14.355029],[48.59375,14.04624],[47.916016,14.012842],[47.242578,13.609375],[46.501953,13.415576],[45.533984,13.233496],[45.038672,12.815869],[44.358496,12.669141],[43.929785,12.616504],[43.475293,12.839014],[43.234082,13.858936],[43.00625,14.483105],[42.922168,14.817383],[42.89707,15.005566],[42.736426,15.293555],[42.717188,15.654639],[43.033594,16.550391],[43.186328,16.770996],[43.126172,17.062451],[43.236914,17.266455],[43.346094,17.486035],[43.597266,17.471436],[43.866406,17.349609],[44.085938,17.365527],[44.746777,17.431689],[45.236621,17.406201],[46.070801,17.253174],[46.727637,17.265576],[47.143555,16.94668],[47.525391,17.316113],[47.945508,17.88584],[48.592969,18.362402],[49.445117,18.655322],[50.708203,18.825293],[51.742969,18.964551],[52.110449,18.696484],[52.2875,18.296924],[52.464551,17.897412],[52.641699,17.497852],[52.842969,17.175684],[53.085645,16.648389]]],[[[42.590234,15.303418],[42.558691,15.281201],[42.549023,15.320068],[42.569727,15.407324],[42.602344,15.43252],[42.624512,15.367969],[42.610449,15.332275],[42.590234,15.303418]]],[[[42.755859,13.704297],[42.689746,13.673633],[42.734961,13.752979],[42.78125,13.769287],[42.794141,13.766113],[42.755859,13.704297]]],[[[42.787402,13.971484],[42.774219,13.950244],[42.756055,13.954883],[42.694043,14.00791],[42.762109,14.06748],[42.79834,14.012256],[42.787402,13.971484]]],[[[53.763184,12.636816],[54.511133,12.552783],[54.129492,12.360645],[53.31582,12.533154],[53.534961,12.715771],[53.763184,12.636816]]]]}},{"type":"Feature","geometry":{"type":"MultiPolygon","coordinates":[[[[104.063965,10.39082],[104.04834,10.061035],[103.849512,10.371094],[104.063965,10.39082]]],[[[107.972656,21.507959],[107.636719,21.368066],[107.37334,21.128467],[107.075195,20.999268],[106.88623,20.95],[106.683398,21.000293],[106.550781,20.526562],[106.165723,19.992041],[105.812109,19.466992],[105.639063,19.057178],[105.808203,18.64585],[106.144531,18.259424],[106.459375,17.873682],[106.516797,17.662793],[107.180371,16.897949],[107.593457,16.568066],[107.882031,16.309619],[108.087988,16.242725],[108.267383,16.089795],[108.447461,15.762695],[108.821289,15.37793],[109.084863,14.716162],[109.207324,14.154297],[109.288086,13.765039],[109.271875,13.279346],[109.42002,12.719043],[109.274023,12.709033],[109.215723,12.0729],[109.220215,11.958838],[109.167285,11.912012],[109.173242,11.664746],[108.986719,11.336377],[108.418555,11.040723],[108.001367,10.720361],[107.384473,10.458643],[107.087793,10.49834],[106.983691,10.618311],[106.812695,10.433301],[106.698438,10.462061],[106.757422,10.295801],[106.602441,10.231738],[106.71416,10.060205],[106.595605,9.859863],[106.183594,10.14209],[106.53916,9.603564],[105.925684,9.961719],[106.206152,9.502344],[105.401367,8.962402],[104.891895,8.583252],[104.814648,9.185498],[105.092578,9.900977],[104.96582,10.100586],[104.663477,10.169922],[104.426367,10.41123],[104.689648,10.523242],[104.983887,10.661914],[105.022266,10.886865],[105.314648,10.845166],[105.576563,10.968896],[105.85332,10.863574],[106.098828,10.797266],[106.160937,11.037109],[105.860938,11.372412],[105.851465,11.63501],[106.006055,11.758008],[106.399219,11.687012],[106.413867,11.948437],[106.764648,12.052344],[107.212109,12.304004],[107.445996,12.295703],[107.543555,12.705908],[107.545508,13.225439],[107.462305,13.815625],[107.331445,14.126611],[107.493164,14.545752],[107.524512,14.871826],[107.555273,15.057031],[107.62168,15.309863],[107.279395,15.618701],[107.188867,15.838623],[107.396387,16.043018],[107.069727,16.279834],[106.851074,16.515625],[106.696094,16.458984],[106.546191,16.650732],[106.465332,16.981836],[106.00625,17.415283],[105.691406,17.737842],[105.518555,18.077441],[105.273242,18.235352],[105.087012,18.49624],[105.115137,18.678857],[104.517969,18.934082],[103.918359,19.268506],[104.027539,19.420459],[104.032031,19.675146],[104.546289,19.610547],[104.815137,19.904004],[104.888672,20.169092],[104.676953,20.224707],[104.496191,20.413672],[104.478613,20.52959],[104.530371,20.687988],[104.101367,20.945508],[103.714453,20.716943],[103.210742,20.840625],[102.872266,21.3375],[102.95918,21.626221],[102.845215,21.734766],[102.738574,21.67793],[102.63125,21.771338],[102.442676,22.027148],[102.175977,22.414648],[102.406445,22.708008],[102.598535,22.700391],[102.935156,22.466162],[103.136328,22.542236],[103.300586,22.764404],[103.492969,22.587988],[103.637305,22.77002],[103.99082,22.586133],[104.2125,22.809424],[104.526855,22.804102],[104.740039,22.860498],[104.864746,23.136377],[105.23877,23.322119],[105.494531,23.180859],[105.782324,22.969336],[106.000977,22.974756],[106.249414,22.869434],[106.541797,22.90835],[106.701563,22.637744],[106.536328,22.39541],[106.654199,22.241455],[106.697656,21.986182],[106.925195,21.920117],[107.061621,21.794189],[107.433496,21.642285],[107.802051,21.645166],[107.972656,21.507959]]],[[[106.61748,8.682812],[106.589258,8.680518],[106.567969,8.700928],[106.658594,8.766357],[106.649512,8.722998],[106.652539,8.701123],[106.61748,8.682812]]],[[[107.167676,10.397168],[107.083789,10.336572],[107.07793,10.3875],[107.150879,10.420312],[107.176562,10.446191],[107.194922,10.445703],[107.167676,10.397168]]],[[[106.865625,20.815723],[106.854102,20.796387],[106.803125,20.84375],[106.769434,20.864209],[106.795313,20.92793],[106.855078,20.858252],[106.865625,20.815723]]],[[[107.602734,21.216797],[107.458691,21.09165],[107.403516,21.093652],[107.452539,21.235303],[107.47627,21.268945],[107.562695,21.22041],[107.602734,21.216797]]],[[[107.521289,20.926611],[107.465527,20.900537],[107.399219,20.903467],[107.478613,20.952344],[107.518945,21.012842],[107.55127,21.034033],[107.551074,20.981201],[107.521289,20.926611]]],[[[107.031348,20.747021],[106.990039,20.743066],[106.910645,20.824219],[106.953418,20.867041],[107.04375,20.836816],[107.064453,20.817285],[107.063965,20.799756],[107.042285,20.761035],[107.031348,20.747021]]]]}},{"type":"Feature","geometry":{"type":"MultiPolygon","coordinates":[[[[-60.821191,9.138379],[-60.941406,9.105566],[-60.939453,9.132324],[-60.907275,9.178711],[-60.844873,9.191797],[-60.821387,9.207666],[-60.781592,9.218359],[-60.758887,9.216455],[-60.73584,9.20332],[-60.790381,9.177197],[-60.821191,9.138379]]],[[[-63.849365,11.131006],[-63.993555,10.881201],[-64.218945,10.941602],[-64.249756,11.080322],[-64.02832,11.001855],[-63.849365,11.131006]]],[[[-65.2125,10.906445],[-65.266406,10.883984],[-65.365234,10.906445],[-65.414648,10.937891],[-65.383203,10.973828],[-65.302344,10.973828],[-65.226562,10.930225],[-65.2125,10.906445]]],[[[-60.9979,8.867334],[-61.059961,8.847021],[-61.069189,8.947314],[-61.050488,8.974365],[-60.944775,9.055029],[-60.91582,9.070312],[-60.89458,9.053369],[-60.899902,9.031885],[-60.84917,8.995703],[-60.861426,8.949609],[-60.916406,8.899268],[-60.9979,8.867334]]],[[[-60.017529,8.549316],[-59.964844,8.191602],[-60.278906,7.919434],[-60.556348,7.772021],[-60.719238,7.498682],[-60.633301,7.211084],[-60.392383,7.164551],[-60.3521,7.002881],[-60.71792,6.768311],[-60.937988,6.732764],[-61.177246,6.650928],[-61.152295,6.385107],[-61.303125,6.049512],[-60.954004,5.437402],[-60.63501,5.081982],[-60.67915,4.8271],[-60.966406,4.574707],[-61.209424,4.508057],[-61.554248,4.287793],[-62.410645,4.156738],[-62.665332,4.039648],[-62.856982,3.593457],[-63.294727,3.922266],[-63.596631,3.915039],[-64.021484,3.929102],[-64.19248,4.126855],[-64.613672,4.157715],[-64.817871,4.232275],[-64.275293,3.662695],[-64.218848,3.204687],[-64.028711,2.576074],[-63.92417,2.452441],[-63.374854,2.34043],[-63.570264,2.120508],[-63.975781,1.953027],[-64.114844,1.619287],[-64.486035,1.452783],[-64.731543,1.25332],[-65.10376,1.108105],[-65.407227,0.790479],[-65.522998,0.843408],[-65.718115,0.978027],[-66.060059,0.785352],[-66.429248,0.82168],[-66.884473,1.358252],[-66.988135,1.680176],[-67.113818,2.050586],[-67.197607,2.332764],[-67.391602,2.559912],[-67.59668,2.769336],[-67.859082,2.793604],[-67.353613,3.322656],[-67.347705,3.46377],[-67.661621,3.864258],[-67.79541,4.380713],[-67.814307,4.930811],[-67.694629,5.44751],[-67.473877,5.92998],[-67.568066,6.241797],[-68.143066,6.19751],[-69.089941,6.184375],[-69.35708,6.147998],[-69.738965,6.494385],[-70.188135,6.952051],[-70.535547,7.040527],[-71.013281,6.994434],[-71.620898,7.03291],[-72.084277,7.096875],[-72.394629,7.415088],[-72.468896,7.757959],[-72.357617,8.087305],[-72.525732,8.489697],[-72.8521,9.135156],[-73.058398,9.25957],[-73.366211,9.194141],[-73.14126,9.554639],[-72.940381,10.195752],[-72.572266,10.977148],[-72.012305,11.601953],[-71.400195,11.823535],[-71.414551,11.755176],[-71.956934,11.569922],[-71.791455,11.135059],[-71.69043,10.835498],[-71.793506,10.315967],[-71.993262,9.641504],[-71.760742,9.335742],[-71.619531,9.047949],[-71.205371,9.222461],[-71.081738,9.833203],[-71.462793,10.469238],[-71.461133,10.835645],[-70.545605,11.261377],[-70.048535,11.530322],[-69.817334,11.67207],[-70.22002,11.730078],[-70.122021,12.136621],[-69.830615,11.995605],[-69.631592,11.479932],[-69.05459,11.461035],[-68.343164,11.052832],[-68.296289,10.689355],[-67.581348,10.52373],[-66.105859,10.574609],[-65.655859,10.228467],[-65.023291,10.07666],[-63.833691,10.448535],[-64.15791,10.579248],[-63.873437,10.66377],[-62.946729,10.70708],[-61.921387,10.681445],[-62.693555,10.562988],[-62.812939,10.399902],[-62.661621,10.198584],[-62.600488,10.116943],[-62.515137,10.176123],[-62.280664,9.792969],[-62.171973,9.826709],[-62.155322,9.979248],[-61.908594,9.869922],[-61.75874,9.676514],[-61.765918,9.813818],[-61.309375,9.633057],[-60.79248,9.360742],[-61.053076,9.095117],[-61.122363,8.843359],[-61.526904,8.546143],[-61.035986,8.493115],[-60.404492,8.610254],[-60.017529,8.549316]]]]}},{"type":"Feature","geometry":{"type":"Polygon","coordinates":[[[12.43916,41.898389],[12.430566,41.897559],[12.427539,41.900732],[12.430566,41.905469],[12.438379,41.906201],[12.43916,41.898389]]]}},{"type":"Feature","geometry":{"type":"MultiPolygon","coordinates":[[[[166.745801,-14.826855],[166.967578,-15.061719],[167.054297,-14.974414],[167.182031,-15.389746],[166.936621,-15.578027],[166.698926,-15.515625],[166.526074,-14.759766],[166.745801,-14.826855]]],[[[167.4125,-16.095898],[167.641992,-16.263281],[167.792578,-16.394629],[167.526367,-16.574316],[167.400977,-16.400586],[167.246094,-16.149609],[167.199512,-15.885059],[167.4125,-16.095898]]],[[[168.446777,-16.778809],[168.212305,-16.806152],[168.135352,-16.636914],[168.26543,-16.670801],[168.446777,-16.778809]]],[[[168.29668,-16.336523],[167.929004,-16.228711],[168.19834,-16.119824],[168.29668,-16.336523]]],[[[168.445801,-17.542188],[168.399414,-17.807227],[168.233203,-17.698047],[168.273145,-17.552246],[168.445801,-17.542188]]],[[[167.911328,-15.435938],[167.844238,-15.481836],[167.720215,-15.477441],[167.674219,-15.451563],[167.82627,-15.312012],[168.002539,-15.283203],[167.911328,-15.435938]]],[[[168.212891,-15.97041],[168.196191,-15.97168],[168.179297,-15.925684],[168.122852,-15.680859],[168.159961,-15.461816],[168.183496,-15.508203],[168.267773,-15.892285],[168.256348,-15.955176],[168.212891,-15.97041]]],[[[168.18916,-15.328711],[168.171875,-15.390625],[168.130469,-15.318945],[168.104199,-15.016602],[168.114941,-14.988574],[168.136426,-14.986426],[168.186914,-15.196875],[168.18916,-15.328711]]],[[[167.218945,-15.724121],[167.200781,-15.750098],[167.094727,-15.685254],[167.119043,-15.622559],[167.234375,-15.64502],[167.218945,-15.724121]]],[[[167.584863,-14.260938],[167.543262,-14.311621],[167.430273,-14.294922],[167.403516,-14.281543],[167.410742,-14.197461],[167.439063,-14.168457],[167.506445,-14.142188],[167.598926,-14.183789],[167.584863,-14.260938]]],[[[167.488867,-13.907227],[167.474219,-13.91709],[167.451074,-13.909375],[167.391797,-13.788379],[167.406836,-13.748047],[167.481055,-13.709473],[167.547266,-13.77666],[167.553516,-13.813965],[167.553027,-13.845703],[167.542871,-13.873145],[167.498633,-13.88457],[167.488867,-13.907227]]],[[[169.896289,-20.186621],[169.861133,-20.241797],[169.807031,-20.241113],[169.7375,-20.202148],[169.750684,-20.15332],[169.829492,-20.144727],[169.852344,-20.147949],[169.896289,-20.186621]]],[[[169.491309,-19.540137],[169.438477,-19.648828],[169.347266,-19.623535],[169.261914,-19.54502],[169.21748,-19.476367],[169.247461,-19.344727],[169.291113,-19.321777],[169.336719,-19.329297],[169.359961,-19.457813],[169.491309,-19.540137]]],[[[169.334375,-18.940234],[168.997852,-18.825195],[169.143848,-18.631055],[169.296191,-18.866797],[169.334375,-18.940234]]]]}},{"type":"Feature","geometry":{"type":"MultiPolygon","coordinates":[[[[70.946777,42.248682],[71.212695,42.206445],[70.910352,42.037988],[70.727734,41.905225],[70.180957,41.571436],[70.407813,41.449561],[70.734375,41.400537],[71.025977,41.186572],[71.393066,41.123389],[71.545605,41.308057],[71.602246,41.503271],[71.697266,41.515576],[71.825781,41.361035],[72.052441,41.164746],[72.180664,41.066846],[72.364063,41.043457],[72.658301,40.869922],[72.990039,40.860107],[72.773828,40.650391],[72.56748,40.524365],[72.369727,40.519727],[72.254004,40.424219],[72.13125,40.438623],[71.902734,40.240967],[71.666797,40.178613],[71.52041,40.208984],[71.094531,40.27124],[70.653125,40.201172],[70.469922,40.345361],[70.377148,40.439258],[70.712012,40.669092],[70.63916,40.778564],[70.578223,40.911475],[70.318945,40.919238],[69.773242,40.684277],[69.498242,40.76709],[69.313965,40.634766],[69.294434,40.296582],[69.110352,40.20874],[68.622461,40.147266],[68.966016,40.11958],[68.804688,40.050342],[68.863867,39.927344],[68.797656,39.909131],[68.735254,39.83623],[68.586133,39.634961],[68.303027,39.537695],[67.719043,39.621387],[67.426172,39.465576],[67.616504,39.150293],[67.694434,38.994629],[68.044336,38.983594],[68.047852,38.669287],[68.251367,38.294531],[68.341211,38.116797],[68.087598,37.835449],[67.798047,37.244971],[67.607422,37.22251],[67.319727,37.20957],[66.522266,37.348486],[66.629297,37.932031],[66.389746,38.050928],[66.094824,38.200146],[65.728516,38.226367],[65.07666,38.539453],[64.531641,38.816211],[63.763672,39.160547],[63.058105,39.633154],[62.483203,39.975635],[62.188477,40.541211],[61.902832,41.093701],[61.443652,41.274609],[61.242383,41.189209],[60.867188,41.248682],[60.2,41.348975],[60.106055,41.545215],[60.075586,41.759668],[60.19209,41.834424],[59.941797,41.973535],[59.981641,42.131738],[59.936523,42.236035],[59.354297,42.323291],[59.123145,42.523779],[58.72998,42.676172],[58.353125,42.671729],[58.162012,42.602979],[58.476953,42.340137],[58.431445,42.29209],[58.327246,42.398926],[58.075488,42.486523],[57.923438,42.335205],[57.381738,42.156299],[57.033691,41.914844],[57.07666,41.38999],[57.064258,41.307275],[56.773633,41.287988],[55.977344,41.551758],[55.976855,42.469971],[55.976465,43.388086],[55.976074,44.306299],[56.100488,45.023389],[56.791895,45.181055],[57.477344,45.337451],[58.291113,45.509424],[58.807031,45.441797],[59.35957,45.178613],[59.912207,44.915576],[60.464746,44.652441],[61.00791,44.393799],[61.271484,44.082275],[61.723242,43.713574],[62.237891,43.50957],[63.047656,43.608496],[63.848145,43.588135],[64.443164,43.551172],[64.811816,43.693945],[65.170898,43.494189],[65.570703,43.205176],[65.901074,42.914502],[66.078516,42.76665],[66.013184,42.194482],[66.328809,41.99834],[66.572559,41.606982],[66.709668,41.17915],[67.225,41.162354],[67.805078,41.163916],[68.019727,41.09624],[68.057031,40.860596],[68.291895,40.656104],[68.600684,40.659961],[68.584082,40.87627],[68.986914,41.205029],[69.249316,41.460254],[69.663867,41.672119],[70.225879,41.945996],[70.540137,42.039453],[70.715234,42.168652],[70.946777,42.248682]],[[70.652539,40.936621],[70.649219,40.96084],[70.618359,41.00166],[70.57207,41.024805],[70.55,41.014893],[70.56875,40.981836],[70.622754,40.934424],[70.652539,40.936621]]],[[[71.206152,39.892578],[71.043652,39.976318],[70.974414,40.038867],[71.024121,40.14917],[71.179297,39.979834],[71.206152,39.892578]]],[[[71.779688,39.950244],[71.75293,39.907129],[71.705859,39.917432],[71.668945,39.946094],[71.68125,39.968652],[71.736523,39.980957],[71.765332,39.993262],[71.789941,39.995312],[71.779688,39.950244]]]]}},{"type":"Feature","geometry":{"type":"Polygon","coordinates":[[[-53.370605,-33.742188],[-53.74292,-34.249512],[-54.272119,-34.666895],[-55.237891,-34.895801],[-56.11792,-34.90791],[-56.463086,-34.775391],[-57.829102,-34.477344],[-58.207031,-34.109082],[-58.353369,-33.260059],[-58.153564,-33.064648],[-58.162207,-32.566504],[-58.164795,-32.184863],[-58.189014,-31.924219],[-58.006982,-31.684961],[-58.053857,-31.494922],[-57.868408,-31.104395],[-57.834082,-30.91748],[-57.831201,-30.495215],[-57.608887,-30.187793],[-57.186914,-30.264844],[-56.832715,-30.107227],[-56.105859,-30.71377],[-56.015527,-31.059668],[-55.807764,-31.036719],[-55.650488,-30.89209],[-55.449561,-30.964453],[-55.278955,-31.18418],[-55.036035,-31.279004],[-54.477686,-31.622754],[-53.985156,-31.928125],[-53.761719,-32.056836],[-53.601709,-32.403027],[-53.157275,-32.680078],[-53.395215,-33.010352],[-53.530371,-33.500293],[-53.463574,-33.709863],[-53.370605,-33.742188]]]}},{"type":"Feature","geometry":{"type":"MultiPolygon","coordinates":[[[[162.983203,5.325732],[162.993457,5.277246],[162.929883,5.300781],[162.921094,5.31792],[162.958203,5.33501],[162.983203,5.325732]]],[[[138.142676,9.500684],[138.06709,9.419043],[138.061914,9.445752],[138.085059,9.49458],[138.116895,9.550195],[138.146973,9.583594],[138.18584,9.593311],[138.213574,9.547217],[138.18252,9.507373],[138.142676,9.500684]]],[[[151.647754,7.346191],[151.575098,7.351318],[151.605664,7.388721],[151.647754,7.346191]]],[[[151.881445,7.432031],[151.864258,7.426758],[151.855957,7.431787],[151.859961,7.457373],[151.865332,7.466162],[151.881836,7.46709],[151.910547,7.460156],[151.912598,7.453857],[151.881445,7.432031]]],[[[158.314844,6.813672],[158.256543,6.791016],[158.183398,6.80127],[158.16084,6.882812],[158.127637,6.904639],[158.134766,6.944824],[158.186133,6.977734],[158.294629,6.951074],[158.334961,6.893164],[158.309375,6.854639],[158.314844,6.813672]]]]}},{"type":"Feature","geometry":{"type":"MultiPolygon","coordinates":[[[[169.635059,5.830078],[169.61543,5.799805],[169.590527,5.801904],[169.612207,5.824414],[169.627148,5.855811],[169.651074,5.945117],[169.700391,5.977051],[169.73457,6.01416],[169.726367,5.975684],[169.672559,5.935205],[169.635059,5.830078]]],[[[168.830273,7.308984],[168.81543,7.293555],[168.719238,7.302734],[168.675098,7.321924],[168.679297,7.33623],[168.755469,7.322461],[168.830273,7.308984]]],[[[171.577344,7.048242],[171.614746,7.026611],[171.688379,7.028271],[171.756836,6.973145],[171.730469,6.976611],[171.693359,7.000146],[171.659375,7.010059],[171.61416,7.007178],[171.592773,7.01626],[171.577344,7.048242]]],[[[171.101953,7.138232],[171.226953,7.086963],[171.39375,7.110937],[171.366992,7.095557],[171.304688,7.081152],[171.263281,7.06875],[171.235352,7.06875],[171.202344,7.073535],[171.095508,7.109277],[171.035742,7.156104],[171.050391,7.171777],[171.101953,7.138232]]],[[[166.890332,11.153076],[166.864453,11.14624],[166.844727,11.153369],[166.858887,11.166309],[166.888086,11.168652],[166.899414,11.165039],[166.890332,11.153076]]]]}},{"type":"Feature","geometry":{"type":"MultiPolygon","coordinates":[[[[145.708398,18.7625],[145.678125,18.725244],[145.652539,18.752637],[145.645508,18.806787],[145.690137,18.801611],[145.706641,18.790479],[145.708398,18.7625]]],[[[145.712109,16.339111],[145.690234,16.332129],[145.658301,16.335791],[145.636035,16.351514],[145.631055,16.377979],[145.695508,16.379639],[145.719531,16.359766],[145.712109,16.339111]]],[[[145.264844,14.158105],[145.215332,14.111328],[145.17959,14.120996],[145.157422,14.136914],[145.152148,14.163623],[145.232422,14.189453],[145.26543,14.180225],[145.264844,14.158105]]],[[[145.777539,18.078955],[145.729102,18.056934],[145.789258,18.15542],[145.807422,18.172656],[145.835449,18.136768],[145.777539,18.078955]]],[[[145.751953,15.133154],[145.749219,15.107227],[145.698242,15.113525],[145.684277,15.125098],[145.713184,15.215283],[145.786328,15.256885],[145.821875,15.265381],[145.788574,15.222656],[145.782324,15.174609],[145.751953,15.133154]]],[[[145.662305,14.970508],[145.620996,14.919531],[145.591602,14.998828],[145.586719,15.030811],[145.624805,15.060156],[145.647363,15.059473],[145.662305,14.970508]]]]}},{"type":"Feature","geometry":{"type":"MultiPolygon","coordinates":[[[[-64.84502,18.330078],[-64.919971,18.321289],[-65.023633,18.367578],[-64.942041,18.385205],[-64.889111,18.374219],[-64.84502,18.330078]]],[[[-64.659814,18.354346],[-64.725977,18.327881],[-64.770605,18.331592],[-64.787695,18.341113],[-64.752441,18.371973],[-64.659814,18.354346]]],[[[-64.765625,17.794336],[-64.681836,17.750195],[-64.580469,17.750195],[-64.686279,17.706104],[-64.889111,17.701709],[-64.884717,17.772266],[-64.765625,17.794336]]]]}},{"type":"Feature","geometry":{"type":"Polygon","coordinates":[[[144.741797,13.259277],[144.699512,13.25752],[144.662793,13.291064],[144.65,13.313477],[144.649316,13.428711],[144.790332,13.526855],[144.836719,13.622363],[144.875391,13.614648],[144.909668,13.599023],[144.94082,13.570312],[144.779883,13.411133],[144.741797,13.259277]]]}},{"type":"Feature","geometry":{"type":"Polygon","coordinates":[[[-170.72627,-14.351172],[-170.769238,-14.359766],[-170.820508,-14.312109],[-170.72085,-14.275977],[-170.68916,-14.257422],[-170.568115,-14.266797],[-170.640479,-14.282227],[-170.72627,-14.351172]]]}},{"type":"Feature","geometry":{"type":"MultiPolygon","coordinates":[[[[-66.129395,18.444922],[-66.07041,18.468994],[-65.62085,18.242334],[-65.970801,17.974365],[-66.325781,17.96416],[-66.772412,17.986572],[-67.01333,17.967871],[-67.172461,18.224219],[-67.213379,18.393604],[-67.059619,18.522168],[-66.129395,18.444922]]],[[[-65.425586,18.105615],[-65.504004,18.099512],[-65.555078,18.107666],[-65.572217,18.137305],[-65.477148,18.165039],[-65.366211,18.161084],[-65.302686,18.144385],[-65.294873,18.13335],[-65.425586,18.105615]]],[[[-67.872461,18.059863],[-67.901904,18.071875],[-67.918945,18.120898],[-67.843359,18.103955],[-67.866797,18.070654],[-67.872461,18.059863]]]]}},{"type":"Feature","geometry":{"type":"MultiPolygon","coordinates":[[[[-132.746875,56.525684],[-132.948047,56.567236],[-132.842529,56.794775],[-132.634229,56.553467],[-132.746875,56.525684]]],[[[-132.779883,56.247266],[-133.037646,56.364844],[-132.706055,56.448486],[-132.652832,56.364355],[-132.779883,56.247266]]],[[[-134.312744,58.228906],[-134.319873,58.204102],[-134.45625,58.206543],[-134.593994,58.243115],[-134.661572,58.290918],[-134.647998,58.312402],[-134.519971,58.33252],[-134.398877,58.287207],[-134.312744,58.228906]]],[[[-145.118506,60.337109],[-145.150488,60.312646],[-145.237646,60.321338],[-145.284277,60.336816],[-145.128125,60.401123],[-145.102441,60.388232],[-145.118506,60.337109]]],[[[-144.565625,59.818408],[-144.613574,59.812646],[-144.541553,59.878223],[-144.444922,59.950684],[-144.353955,59.996191],[-144.235742,60.015186],[-144.248975,59.982129],[-144.403223,59.921094],[-144.565625,59.818408]]],[[[-148.021777,60.065332],[-148.07417,60.034717],[-148.271875,60.053271],[-148.230664,60.113525],[-148.07959,60.15166],[-147.914209,60.092334],[-148.021777,60.065332]]],[[[-152.020752,60.361719],[-152.069043,60.358057],[-152.004492,60.407422],[-151.959717,60.50376],[-151.899414,60.490381],[-151.887305,60.472705],[-151.986914,60.373975],[-152.020752,60.361719]]],[[[-160.329297,55.337695],[-160.343311,55.258789],[-160.480762,55.308984],[-160.51748,55.333838],[-160.49292,55.352344],[-160.362305,55.356982],[-160.329297,55.337695]]],[[[-159.362012,54.972412],[-159.394482,54.967334],[-159.421338,54.978125],[-159.458496,55.034961],[-159.461914,55.058789],[-159.39043,55.040869],[-159.363184,54.999512],[-159.362012,54.972412]]],[[[-159.515137,55.151855],[-159.617725,55.057324],[-159.597949,55.125684],[-159.545068,55.225977],[-159.515137,55.151855]]],[[[-166.209766,53.723291],[-166.223828,53.72041],[-166.249414,53.745166],[-166.250732,53.767773],[-166.234375,53.78418],[-166.187744,53.822461],[-166.154541,53.836133],[-166.113721,53.843066],[-166.102686,53.832812],[-166.138623,53.787402],[-166.18374,53.756885],[-166.209766,53.723291]]],[[[-176.008984,51.812354],[-176.093359,51.790479],[-176.204443,51.834814],[-176.193652,51.886279],[-176.071631,51.843311],[-176.008984,51.812354]]],[[[-166.109863,66.227441],[-166.148633,66.221826],[-166.146484,66.237158],[-166.03252,66.277734],[-165.822217,66.328076],[-165.829883,66.317139],[-165.942285,66.278174],[-166.109863,66.227441]]],[[[-171.463037,63.640039],[-171.034863,63.585498],[-170.43042,63.698828],[-170.082422,63.57666],[-169.624121,63.430566],[-169.295068,63.35752],[-168.761328,63.21377],[-169.47085,63.121289],[-169.676367,62.956104],[-169.863428,63.140381],[-170.243115,63.232275],[-170.5271,63.379297],[-171.176025,63.416211],[-171.631836,63.351221],[-171.81792,63.529834],[-171.463037,63.640039]]],[[[-166.135449,60.383545],[-165.784473,60.335596],[-165.714404,60.172852],[-165.605029,59.972803],[-166.099854,59.849609],[-166.187549,59.773828],[-166.985059,59.983887],[-167.344336,60.224463],[-166.730957,60.31626],[-166.363867,60.364746],[-166.135449,60.383545]]],[[[-152.898047,57.823926],[-152.616016,57.848877],[-152.419141,57.782324],[-152.236523,57.614893],[-152.380859,57.460107],[-152.912158,57.508154],[-152.781348,57.453418],[-152.714063,57.330957],[-153.051611,57.237646],[-153.524414,57.103076],[-153.633057,57.010352],[-153.972705,56.774219],[-154.07085,56.820654],[-153.999365,57.049951],[-154.025439,57.108496],[-154.24375,57.143018],[-154.269531,57.099463],[-154.184326,57.005322],[-154.498779,57.036572],[-154.673193,57.446094],[-154.179346,57.652441],[-154.015869,57.566895],[-153.80542,57.358203],[-153.797803,57.443262],[-153.690137,57.640723],[-153.906104,57.790771],[-153.768994,57.880371],[-153.524463,57.731006],[-153.39043,57.798389],[-153.200293,57.82002],[-153.225928,57.957617],[-152.898047,57.823926]]],[[[-130.025098,55.888232],[-130.146533,55.654492],[-130.039258,55.343604],[-130.214063,55.025879],[-130.61582,54.790918],[-131.047852,55.157666],[-130.748193,55.318018],[-130.873389,55.551123],[-131.127686,55.960156],[-131.287598,56.012109],[-131.826172,55.835352],[-131.869434,55.647168],[-132.15542,55.599561],[-132.090674,55.839551],[-131.551367,56.206787],[-131.962305,56.323682],[-132.255566,56.489111],[-132.357666,56.625879],[-132.639502,56.796436],[-132.838818,56.960205],[-133.465869,57.172168],[-133.626953,57.676514],[-133.142822,57.555127],[-133.535205,57.832959],[-133.194336,57.877686],[-133.657275,57.841016],[-133.894482,57.993262],[-134.045264,58.289258],[-133.911133,58.515234],[-134.208838,58.232959],[-134.663623,58.384717],[-134.986133,58.765625],[-135.330322,59.239063],[-135.402539,59.353076],[-135.400146,59.20791],[-135.334082,58.909619],[-135.151904,58.512207],[-135.090234,58.24585],[-135.449951,58.376123],[-135.896338,58.463818],[-136.043115,58.821631],[-136.049365,58.893213],[-136.159473,58.946777],[-136.146826,58.788818],[-136.380273,58.827295],[-136.566211,58.940918],[-136.952832,58.966943],[-137.038379,58.86665],[-136.613916,58.809277],[-136.410107,58.700635],[-136.224609,58.602246],[-136.08125,58.364209],[-136.607422,58.243994],[-137.543994,58.581201],[-137.661084,58.659912],[-137.960889,58.891016],[-138.451318,59.110107],[-138.514893,59.165918],[-139.576807,59.462451],[-139.766064,59.566064],[-139.505566,59.726318],[-139.569141,59.912354],[-139.446875,59.956836],[-139.286719,59.610937],[-139.245703,59.78208],[-138.988086,59.83501],[-139.518945,60.01709],[-140.216748,59.72666],[-141.331934,59.873779],[-141.329541,60.082813],[-141.422168,60.085498],[-141.670166,59.969873],[-143.506104,60.055029],[-144.160937,60.045801],[-144.332617,60.191016],[-144.741406,60.272705],[-144.824414,60.533594],[-144.863086,60.600879],[-145.248291,60.380127],[-145.847754,60.469238],[-145.690234,60.621973],[-146.16709,60.715527],[-146.502979,60.700781],[-146.391992,60.81084],[-146.636035,60.992529],[-146.582715,61.127832],[-147.034326,60.996191],[-147.285596,60.946777],[-147.433398,60.950293],[-147.623291,60.933008],[-147.990771,60.948291],[-147.773779,61.217822],[-148.15791,61.079687],[-148.38877,61.036963],[-148.225879,61.044043],[-148.393311,60.831885],[-148.398682,60.734033],[-148.284229,60.609326],[-148.50957,60.565234],[-148.549121,60.514795],[-148.119189,60.575146],[-147.990967,60.451855],[-148.203564,60.364941],[-148.21377,60.154248],[-148.430713,59.989111],[-148.574072,59.970068],[-149.004248,59.97998],[-149.304932,60.013672],[-149.459717,59.96626],[-149.629639,59.784668],[-149.803662,59.832715],[-150.005322,59.784424],[-150.198047,59.566553],[-150.485352,59.535303],[-150.621143,59.535059],[-150.899316,59.302686],[-151.182764,59.300781],[-151.222266,59.229395],[-151.619385,59.187305],[-151.964063,59.285107],[-151.692578,59.462207],[-151.189404,59.637695],[-151.403662,59.662256],[-151.816943,59.720898],[-151.611865,60.092041],[-151.317529,60.553564],[-150.95376,60.841211],[-150.281494,60.985205],[-149.85625,60.962256],[-149.071289,60.885547],[-149.967725,61.121729],[-149.895312,61.231738],[-149.595996,61.417285],[-149.695264,61.470703],[-149.975684,61.279346],[-150.567236,61.306787],[-151.150146,61.08584],[-151.733984,60.910742],[-151.785107,60.740234],[-152.306592,60.472217],[-152.368848,60.336328],[-152.7979,60.247168],[-152.89292,60.240381],[-152.628564,60.041113],[-153.106055,59.875049],[-153.024609,59.793994],[-153.364014,59.659863],[-153.414404,59.740137],[-153.609375,59.615039],[-153.81416,59.47373],[-154.17832,59.155566],[-153.656396,59.038672],[-153.334424,58.857861],[-153.698584,58.626367],[-154.062451,58.441748],[-154.281787,58.293457],[-154.282275,58.146777],[-154.584912,58.055664],[-155.312744,57.807129],[-155.59585,57.701074],[-155.813672,57.559033],[-156.089893,57.445068],[-156.478418,57.327881],[-156.400488,57.204834],[-156.629004,57.009961],[-156.871729,56.947656],[-157.13916,56.826563],[-157.390234,56.809814],[-157.578369,56.634473],[-157.869092,56.645215],[-157.928711,56.531689],[-158.124365,56.501025],[-158.537402,56.335449],[-158.386133,56.301562],[-158.275635,56.19624],[-158.52334,56.072461],[-158.626758,56.154688],[-159.523242,55.81001],[-159.659668,55.625928],[-159.743018,55.84375],[-159.913525,55.792187],[-160.373193,55.635107],[-160.553516,55.535498],[-160.77085,55.483545],[-161.099512,55.405713],[-161.480518,55.397803],[-161.372705,55.556299],[-161.255127,55.579004],[-161.598779,55.592822],[-161.741553,55.391162],[-162.211475,55.121338],[-162.42793,55.061475],[-162.426807,55.14541],[-162.644141,55.218018],[-162.81958,54.95],[-163.127832,55.034766],[-163.288623,54.837598],[-163.285693,55.009961],[-163.114502,55.193945],[-162.906592,55.195557],[-162.658984,55.350781],[-161.936621,55.82417],[-161.222559,55.977441],[-160.898633,55.993652],[-161.005371,55.887158],[-160.745508,55.771484],[-160.530225,55.863477],[-160.291699,55.805078],[-160.527441,55.965039],[-160.37749,56.241455],[-159.785059,56.561621],[-158.918018,56.882178],[-158.708838,56.788574],[-158.684814,56.944238],[-158.47373,57.199072],[-158.045703,57.409473],[-157.697412,57.539258],[-157.461914,57.506201],[-157.607568,57.601465],[-157.621191,57.895215],[-157.193701,58.194189],[-157.524414,58.350732],[-156.974658,58.736328],[-156.808887,59.134277],[-158.021924,58.640186],[-158.439307,58.782617],[-158.314502,59.009326],[-158.422803,59.089844],[-158.760596,58.950098],[-158.861377,58.71875],[-159.082666,58.469775],[-159.741455,58.894287],[-160.260791,58.971533],[-160.81709,58.87168],[-161.287891,58.760937],[-162.144922,58.644238],[-161.780518,58.897412],[-161.794482,59.109473],[-161.920117,59.365479],[-161.908643,59.714111],[-162.287793,60.456885],[-162.068262,60.694873],[-162.468701,60.394678],[-162.526953,60.199121],[-162.732617,59.993652],[-163.906885,59.806787],[-164.470508,60.149316],[-165.061133,60.412549],[-165.224512,60.523584],[-164.805176,60.892041],[-164.318506,60.771289],[-164.309668,60.606738],[-163.894922,60.745166],[-163.420947,60.757422],[-163.837305,60.88042],[-163.749023,60.969727],[-165.065625,60.920654],[-164.875586,61.086768],[-165.137695,61.130127],[-165.279785,61.169629],[-165.273633,61.274854],[-165.380762,61.106299],[-165.691357,61.299902],[-165.845313,61.53623],[-166.163525,61.589014],[-165.83457,61.679395],[-165.991406,61.83418],[-165.725244,61.959375],[-165.194531,62.473535],[-164.779199,62.481152],[-164.687988,62.608252],[-164.792676,62.623193],[-164.764062,62.970605],[-164.375098,63.054004],[-164.107617,63.261719],[-163.63374,63.09043],[-163.737842,63.016406],[-163.358838,63.045752],[-162.807764,63.206592],[-162.193311,63.540967],[-161.50542,63.468164],[-160.826514,63.729346],[-160.987549,64.25127],[-161.4146,64.526367],[-160.893701,64.612891],[-160.96748,64.839551],[-161.466357,64.794873],[-162.172266,64.678076],[-162.807031,64.374219],[-163.248291,64.563281],[-163.144336,64.423828],[-164.303955,64.583936],[-164.829541,64.511377],[-165.138135,64.465234],[-166.481396,64.728076],[-166.550879,64.952979],[-166.856787,65.147266],[-166.279687,65.273779],[-166.609375,65.352734],[-168.03501,65.595605],[-167.927002,65.714355],[-167.074219,65.877051],[-166.540137,66.100635],[-166.008936,66.121338],[-165.560205,66.16709],[-165.449414,66.409912],[-164.460498,66.588428],[-163.815723,66.583496],[-163.793701,66.492627],[-164.03374,66.215527],[-162.721777,66.059814],[-161.816309,66.053662],[-161.201074,66.219385],[-161.120313,66.334326],[-161.887598,66.493066],[-162.543652,66.805127],[-162.253564,66.918652],[-161.90957,66.559619],[-161.048145,66.474219],[-160.227344,66.508545],[-160.864014,66.67085],[-161.680908,66.645508],[-161.622217,66.979346],[-162.411572,67.060303],[-163.001709,67.027295],[-163.942676,67.477588],[-166.235938,68.27793],[-166.643896,68.408008],[-166.447021,68.390234],[-166.209082,68.885352],[-164.302344,68.936475],[-163.250537,69.345361],[-163.131006,69.454346],[-162.071143,70.227197],[-161.779932,70.277344],[-162.042383,70.17666],[-161.639014,70.234521],[-160.117139,70.591211],[-160.005566,70.447559],[-159.855225,70.32417],[-159.683301,70.477148],[-160.081592,70.634863],[-159.191748,70.859668],[-159.30415,70.752539],[-158.620947,70.799023],[-157.909375,70.860107],[-156.97334,71.230029],[-156.49668,71.379102],[-155.645605,71.182764],[-156.146582,70.927832],[-155.708057,70.857275],[-155.166846,71.099219],[-154.726318,70.927783],[-154.195215,70.801123],[-153.23291,70.932568],[-152.300391,70.846777],[-152.399219,70.620459],[-151.769043,70.560156],[-151.224805,70.41875],[-150.543506,70.490137],[-149.870117,70.509668],[-148.844775,70.425195],[-148.248779,70.356738],[-147.790576,70.240137],[-146.28125,70.186133],[-145.236816,70.033936],[-144.064111,70.054102],[-143.276465,70.095313],[-142.296973,69.869873],[-141.338623,69.646777],[-141.002148,69.358594],[-141.002148,68.189746],[-141.002148,67.020947],[-141.002148,65.852148],[-141.002148,64.683301],[-141.002148,63.514453],[-141.002148,62.345703],[-141.002148,61.176855],[-140.762744,60.259131],[-139.973291,60.183154],[-139.234766,60.339746],[-139.185156,60.083594],[-138.632275,59.778271],[-138.001123,59.44292],[-137.543701,59.119434],[-137.277539,58.988184],[-136.57876,59.152246],[-136.277979,59.480322],[-135.934668,59.662646],[-135.260791,59.69502],[-135.071289,59.441455],[-134.677246,59.199268],[-134.393066,59.00918],[-134.218506,58.849902],[-133.673926,58.597168],[-133.275293,58.222852],[-132.815527,57.772705],[-132.30166,57.276318],[-132.157031,57.048193],[-131.9625,56.818701],[-131.824268,56.58999],[-131.335791,56.501221],[-130.741699,56.34082],[-130.214697,56.082812],[-130.014062,55.950537],[-130.025098,55.888232]]],[[[-163.476025,54.980713],[-163.187109,54.747754],[-163.358105,54.735693],[-164.171289,54.603027],[-164.463477,54.427344],[-164.866162,54.461377],[-164.751465,54.662939],[-164.424316,54.913184],[-163.807129,55.049072],[-163.476025,54.980713]]],[[[-133.305078,55.54375],[-133.429102,55.417725],[-133.650195,55.269287],[-133.566699,55.527197],[-133.305078,55.54375]]],[[[-131.339746,55.079834],[-131.406201,54.894287],[-131.481738,55.035254],[-131.556006,55.137402],[-131.512646,55.262744],[-131.339746,55.079834]]],[[[-132.112354,56.109375],[-132.287305,55.929395],[-132.406055,56.028857],[-132.691357,56.130078],[-132.539014,56.32417],[-132.205615,56.387939],[-132.112354,56.109375]]],[[[-130.97915,55.48916],[-131.261865,55.219775],[-131.450928,55.316309],[-131.521826,55.341064],[-131.810986,55.223096],[-131.647559,55.585547],[-131.120654,55.856641],[-130.97915,55.48916]]],[[[-133.366211,57.003516],[-133.070801,56.974268],[-132.96333,56.782568],[-133.004102,56.62373],[-133.328955,56.830078],[-133.227246,56.689258],[-133.144727,56.528223],[-133.382764,56.473877],[-133.649268,56.516797],[-133.75752,56.87666],[-133.962354,57.043457],[-133.366211,57.003516]]],[[[-132.862256,54.894434],[-132.700635,54.919043],[-132.646973,54.756152],[-132.8896,54.762646],[-133.122705,54.969824],[-133.417969,55.210693],[-133.097412,55.213721],[-132.945996,55.002588],[-132.862256,54.894434]]],[[[-146.393945,60.449658],[-146.102246,60.411182],[-146.595313,60.268457],[-146.702881,60.395605],[-146.560303,60.480566],[-146.393945,60.449658]]],[[[-147.735889,59.813232],[-147.768066,59.94375],[-147.336523,60.185352],[-147.019873,60.332227],[-147.346338,60.051953],[-147.479395,59.933691],[-147.644922,59.853613],[-147.735889,59.813232]]],[[[-147.658252,60.450488],[-147.712012,60.272754],[-147.81582,60.185156],[-147.891455,60.299414],[-147.794531,60.459863],[-147.737305,60.447412],[-147.658252,60.450488]]],[[[-147.930713,60.826172],[-148.057422,60.81792],[-148.11543,60.830615],[-148.123779,60.844336],[-148.099707,60.894824],[-148.10166,60.916113],[-148.037744,60.924121],[-147.964404,60.900146],[-147.943115,60.875391],[-147.930713,60.826172]]],[[[-153.00708,57.124854],[-153.29541,57.000439],[-152.935449,57.167334],[-153.00708,57.124854]]],[[[-152.486084,58.48501],[-152.515527,58.478613],[-152.588623,58.509229],[-152.636621,58.541699],[-152.604883,58.566406],[-152.463184,58.618506],[-152.395508,58.619385],[-152.36792,58.611084],[-152.356836,58.594971],[-152.362256,58.57085],[-152.392822,58.540869],[-152.486084,58.48501]]],[[[-153.240625,57.850098],[-153.268555,57.822363],[-153.294971,57.829492],[-153.35083,57.861963],[-153.465039,57.909375],[-153.51709,57.941895],[-153.520068,57.955762],[-153.481055,57.971045],[-153.346973,57.932812],[-153.290039,57.8979],[-153.240625,57.850098]]],[[[-155.566016,55.821191],[-155.604883,55.789551],[-155.680615,55.791846],[-155.723193,55.802197],[-155.737354,55.829785],[-155.620605,55.913086],[-155.593945,55.924316],[-155.573242,55.921094],[-155.563916,55.88667],[-155.566016,55.821191]]],[[[-154.682813,56.435791],[-154.751221,56.412158],[-154.773926,56.420264],[-154.777148,56.439893],[-154.760938,56.471143],[-154.729346,56.502148],[-154.62373,56.561328],[-154.517529,56.600537],[-154.463379,56.598193],[-154.444873,56.573193],[-154.511182,56.521436],[-154.682813,56.435791]]],[[[-154.208643,56.514893],[-154.257812,56.512695],[-154.332129,56.539014],[-154.322217,56.570605],[-154.216748,56.60874],[-154.1104,56.60293],[-154.102246,56.581641],[-154.107178,56.557812],[-154.115967,56.543896],[-154.149805,56.52959],[-154.208643,56.514893]]],[[[-160.684912,55.314795],[-160.552783,55.380762],[-160.482666,55.197412],[-160.750635,55.171191],[-160.839648,55.3354],[-160.672168,55.379395],[-160.684912,55.314795]]],[[[-162.298145,54.847021],[-162.321924,54.842383],[-162.390771,54.872998],[-162.415771,54.895898],[-162.433887,54.931543],[-162.293652,54.982861],[-162.2646,54.983496],[-162.238379,54.954736],[-162.23374,54.932031],[-162.272559,54.867188],[-162.298145,54.847021]]],[[[-162.554395,54.401367],[-162.641113,54.379541],[-162.733105,54.402295],[-162.811719,54.444385],[-162.820557,54.494531],[-162.64541,54.462061],[-162.607959,54.446631],[-162.554395,54.401367]]],[[[-159.872998,55.12876],[-160.038428,55.044482],[-160.153613,55.03833],[-160.102197,55.133887],[-159.887354,55.272998],[-159.854102,55.144678],[-159.872998,55.12876]]],[[[-165.841553,54.070654],[-166.036426,54.047168],[-166.087744,54.169141],[-165.764453,54.1521],[-165.841553,54.070654]]],[[[-165.561133,54.136719],[-165.65415,54.25332],[-165.487695,54.221875],[-165.561133,54.136719]]],[[[-160.918994,58.5771],[-160.992383,58.561035],[-161.070264,58.569141],[-161.131494,58.668213],[-161.08457,58.671289],[-160.98623,58.736426],[-160.768604,58.789209],[-160.715137,58.795215],[-160.918994,58.5771]]],[[[-172.742236,60.457373],[-172.23208,60.299121],[-173.074023,60.493213],[-172.742236,60.457373]]],[[[-170.160547,57.183936],[-170.264014,57.136768],[-170.358008,57.154199],[-170.385889,57.188574],[-170.386621,57.203027],[-170.116162,57.241797],[-170.160547,57.183936]]],[[[-169.691943,52.847363],[-169.708105,52.807129],[-169.722754,52.792334],[-169.877344,52.81377],[-169.980566,52.806006],[-169.991846,52.829834],[-169.982568,52.851025],[-169.820654,52.883398],[-169.754883,52.883643],[-169.710986,52.866748],[-169.691943,52.847363]]],[[[-170.733398,52.581494],[-170.791162,52.63125],[-170.586621,52.642432],[-170.733398,52.581494]]],[[[-172.464795,52.272266],[-172.539111,52.257471],[-172.619824,52.272852],[-172.582178,52.325635],[-172.543652,52.353809],[-172.47041,52.388037],[-172.383105,52.372949],[-172.313623,52.32959],[-172.464795,52.272266]]],[[[-169.755225,56.635059],[-169.623926,56.615137],[-169.550488,56.628125],[-169.485693,56.617725],[-169.474316,56.594043],[-169.586865,56.542432],[-169.632617,56.545703],[-169.766162,56.607959],[-169.755225,56.635059]]],[[[-176.286719,51.791992],[-176.349658,51.733301],[-176.396094,51.759863],[-176.413721,51.840576],[-176.378564,51.861133],[-176.280225,51.802832],[-176.286719,51.791992]]],[[[-176.021533,52.002441],[-176.045068,51.972998],[-176.142871,52.004297],[-176.177539,52.029834],[-176.184521,52.056055],[-176.155664,52.099414],[-176.077393,52.099951],[-176.031201,52.082324],[-175.988086,52.049463],[-175.975293,52.028955],[-176.021533,52.002441]]],[[[-177.148193,51.716748],[-177.474658,51.70127],[-177.667627,51.721191],[-177.166406,51.909424],[-177.079541,51.866553],[-177.148193,51.716748]]],[[[178.575488,51.91626],[178.511816,51.899121],[178.477734,51.942529],[178.475,51.967725],[178.509375,51.994678],[178.570605,51.977539],[178.607324,51.953027],[178.575488,51.91626]]],[[[179.451563,51.372607],[179.278125,51.372217],[178.925879,51.535059],[178.74707,51.586719],[178.647949,51.643896],[178.692188,51.655957],[178.908008,51.615576],[179.084277,51.527686],[179.181738,51.469922],[179.294336,51.42085],[179.415527,51.400879],[179.451563,51.372607]]],[[[173.722754,52.35957],[173.657813,52.356641],[173.616211,52.39126],[173.402344,52.404785],[173.424512,52.437646],[173.516504,52.451416],[173.657617,52.504102],[173.776074,52.495117],[173.744727,52.446631],[173.722754,52.35957]]],[[[-134.969775,57.351416],[-134.676855,56.842285],[-134.624316,56.578711],[-134.630029,56.302441],[-134.806445,56.28125],[-134.982422,56.563623],[-134.883447,56.679053],[-135.159033,56.725391],[-135.330615,56.821875],[-135.199609,57.027344],[-135.375293,57.188428],[-135.661865,57.03374],[-135.821143,57.23042],[-135.624512,57.354395],[-135.448682,57.534375],[-134.969775,57.351416]]],[[[-134.680273,58.16167],[-133.965527,57.873779],[-133.826904,57.617578],[-134.067236,57.8396],[-134.212598,58.037939],[-134.300391,57.963428],[-133.937012,57.581592],[-133.911133,57.352539],[-134.435303,57.056982],[-134.613086,57.137939],[-134.486768,57.482031],[-134.754102,57.99502],[-134.907666,58.262793],[-134.733203,58.225],[-134.680273,58.16167]]],[[[-135.730371,58.244238],[-135.693115,58.038525],[-135.421191,58.102393],[-135.0021,58.051074],[-135.102588,57.793652],[-135.249561,57.732568],[-134.931494,57.481152],[-135.564209,57.666406],[-135.691943,57.419922],[-136.378223,57.83999],[-136.512305,58.095996],[-136.245703,58.157471],[-135.994385,58.196533],[-135.730371,58.244238]]],[[[-133.566113,56.339209],[-133.104492,56.235107],[-133.101221,56.099805],[-132.533789,55.84248],[-132.214746,55.518848],[-132.511279,55.593945],[-132.631299,55.473193],[-132.215283,55.383545],[-132.214893,55.236768],[-131.976416,55.208594],[-131.996582,54.901416],[-132.02168,54.726318],[-132.266309,54.802344],[-132.486475,54.950391],[-132.626953,55.110059],[-132.682861,55.073926],[-133.060596,55.300928],[-132.970801,55.376172],[-133.033398,55.589697],[-133.342822,55.65083],[-133.640479,55.748779],[-133.537158,55.831934],[-133.308496,55.886475],[-133.37124,56.035889],[-133.755176,55.999463],[-133.594434,56.216357],[-133.566113,56.339209]]],[[[-133.9896,56.844971],[-133.738379,56.650439],[-133.883594,56.485498],[-133.949707,56.127734],[-134.06748,56.133008],[-134.195459,56.413525],[-134.278369,56.61709],[-134.274414,56.918164],[-133.9896,56.844971]]],[[[-152.416943,58.360205],[-152.197949,58.363086],[-151.997754,58.314209],[-152.109082,58.161133],[-152.25166,58.251123],[-152.305225,58.154053],[-152.537646,58.100977],[-152.63877,58.101807],[-152.840723,58.013818],[-153.381348,58.087207],[-152.814551,58.275635],[-152.841113,58.416406],[-152.478467,58.399707],[-152.416943,58.360205]]],[[[-167.964355,53.345117],[-168.505615,53.043164],[-168.741016,52.956885],[-168.973877,52.909668],[-168.783008,53.079346],[-168.639014,53.255762],[-168.362988,53.303564],[-168.357227,53.457568],[-167.985693,53.558203],[-167.865137,53.387305],[-167.964355,53.345117]]],[[[-166.615332,53.900928],[-166.400049,53.978125],[-166.318994,53.873779],[-166.384717,53.720508],[-166.444189,53.651807],[-166.850977,53.452881],[-167.300439,53.350488],[-167.479834,53.291992],[-167.669434,53.259961],[-167.638721,53.386572],[-167.136084,53.526465],[-166.894141,53.697119],[-166.803662,53.6854],[-166.972949,53.770557],[-167.121143,53.843115],[-166.978076,53.962939],[-166.627393,53.995654],[-166.615332,53.900928]]],[[[-173.55332,52.136279],[-173.0229,52.07915],[-173.460986,52.041553],[-173.930225,52.072168],[-173.794092,52.104297],[-173.55332,52.136279]]],[[[-174.677393,52.03501],[-175.117676,52.047119],[-174.306152,52.216162],[-174.36543,52.341943],[-174.018359,52.331787],[-174.179395,52.200342],[-174.677393,52.03501]]],[[[-176.593311,51.866699],[-176.437354,51.754297],[-176.55752,51.712061],[-176.874414,51.790479],[-176.69834,51.986035],[-176.593311,51.866699]]],[[[-177.879053,51.649707],[-178.078467,51.69126],[-178.045117,51.801074],[-178.116602,51.915869],[-177.644482,51.82627],[-177.879053,51.649707]]],[[[179.727734,51.90542],[179.645215,51.880225],[179.549609,51.894043],[179.497656,51.932812],[179.503906,51.97959],[179.627148,52.03042],[179.77998,51.966846],[179.727734,51.90542]]],[[[177.41543,51.882812],[177.380664,51.975781],[177.636523,52.113818],[177.594141,51.947559],[177.41543,51.882812]]],[[[172.811816,53.012988],[173.436035,52.852051],[173.158691,52.810791],[172.721777,52.885547],[172.811816,53.012988]]],[[[-155.581348,19.012012],[-155.905615,19.12583],[-155.988428,19.831592],[-155.874268,20.259814],[-155.086084,19.875635],[-154.841357,19.568164],[-155.309619,19.260156],[-155.581348,19.012012]]],[[[-157.213623,21.215381],[-156.742188,21.163525],[-157.020898,21.097803],[-157.249951,21.229785],[-157.213623,21.215381]]],[[[-156.486816,20.932568],[-156.14834,20.885498],[-156.013574,20.714795],[-156.408789,20.605176],[-156.543848,20.78999],[-156.656885,21.024512],[-156.486816,20.932568]]],[[[-157.799365,21.456641],[-157.65415,21.333936],[-157.849316,21.29082],[-157.978418,21.378516],[-158.110352,21.318604],[-158.273145,21.585254],[-157.851514,21.553369],[-157.799365,21.456641]]],[[[-159.372754,21.932373],[-159.646387,21.951758],[-159.579199,22.223145],[-159.330176,22.050684],[-159.372754,21.932373]]],[[[-160.180029,21.841064],[-160.200244,21.796875],[-160.234717,21.803662],[-160.243457,21.843066],[-160.220898,21.897266],[-160.163867,21.944043],[-160.100635,22.015234],[-160.04873,22.004639],[-160.076709,21.958105],[-160.080029,21.907422],[-160.153418,21.87876],[-160.180029,21.841064]]],[[[-156.849609,20.772656],[-156.908887,20.744482],[-156.973389,20.75752],[-156.988428,20.825684],[-157.050586,20.912451],[-156.941797,20.930029],[-156.880566,20.904834],[-156.848291,20.877783],[-156.809375,20.831152],[-156.849609,20.772656]]],[[[-74.708887,45.003857],[-73.598145,45.005176],[-71.933643,45.00708],[-71.201611,45.260352],[-70.960156,45.333105],[-70.836816,45.310693],[-70.710938,45.409473],[-70.702246,45.551367],[-70.407861,45.801904],[-70.306445,45.979834],[-70.179688,46.341846],[-69.871729,46.84292],[-69.358887,47.350635],[-69.050195,47.426611],[-68.937207,47.21123],[-68.480371,47.285791],[-68.235498,47.345947],[-67.802832,46.935742],[-67.792529,46.337402],[-67.767041,45.927002],[-67.774121,45.842529],[-67.802246,45.727539],[-67.698975,45.671191],[-67.486621,45.618408],[-67.454932,45.513965],[-67.45376,45.42124],[-67.472559,45.275879],[-67.315283,45.153809],[-67.213232,45.192529],[-67.102246,45.087744],[-67.014014,44.867773],[-67.364062,44.696875],[-67.652979,44.562402],[-67.907031,44.453613],[-68.056641,44.384326],[-68.198242,44.515234],[-68.37373,44.445117],[-68.521436,44.380225],[-68.612012,44.310547],[-68.710107,44.442578],[-68.765527,44.509766],[-68.961475,44.433838],[-69.137256,44.037842],[-69.480859,43.905078],[-69.58999,43.886572],[-69.699121,43.955029],[-69.795312,43.910645],[-69.840332,43.789893],[-69.974512,43.818066],[-70.269238,43.671924],[-70.520703,43.348828],[-70.777637,42.940576],[-70.735693,42.669287],[-70.60415,42.649707],[-70.831152,42.552588],[-70.996729,42.3],[-70.645215,42.021582],[-70.42666,41.757275],[-70.006104,41.872314],[-70.19624,42.035107],[-70.159863,42.097119],[-69.933838,41.710449],[-70.404687,41.626904],[-70.655371,41.608105],[-71.079785,41.538086],[-71.14873,41.745703],[-71.330615,41.762256],[-71.426562,41.633301],[-71.929932,41.341064],[-72.479395,41.275781],[-73.182275,41.17583],[-73.85127,40.831396],[-73.948584,40.83877],[-73.925342,41.218066],[-73.927197,40.914258],[-74.153125,40.673242],[-74.241504,40.45625],[-73.957617,40.328369],[-74.048926,39.923047],[-74.095996,39.975977],[-74.330615,39.535889],[-74.428809,39.387207],[-74.602979,39.292578],[-74.923437,38.941113],[-74.975293,39.188232],[-75.353418,39.339844],[-75.471631,39.712402],[-75.103809,39.931836],[-75.400635,39.831592],[-75.581592,39.589453],[-75.412646,39.281396],[-75.088672,38.777539],[-75.11084,38.599365],[-75.05127,38.383008],[-75.116748,38.406201],[-75.225439,38.242285],[-75.587109,37.558691],[-75.812061,37.425195],[-75.997363,37.263818],[-75.719336,37.821387],[-75.829053,38.032764],[-75.928076,38.169238],[-75.858691,38.362061],[-75.985742,38.331934],[-76.116504,38.317676],[-76.26416,38.599951],[-76.016943,38.625098],[-76.27832,38.772461],[-76.246973,38.822656],[-76.330664,38.908594],[-76.185693,38.990723],[-76.235693,39.191602],[-75.875977,39.375977],[-75.913477,39.468359],[-76.006299,39.568701],[-76.097266,39.433105],[-76.247656,39.438623],[-76.347168,39.387549],[-76.402783,39.252832],[-76.489355,39.158691],[-76.54624,39.067969],[-76.519531,38.89834],[-76.501318,38.532178],[-76.43877,38.361523],[-76.65918,38.579541],[-76.408789,38.268262],[-76.401953,38.125049],[-76.868115,38.390283],[-76.988379,38.393896],[-77.23252,38.407715],[-77.053906,38.705811],[-77.091895,38.719531],[-77.313672,38.396631],[-77.046777,38.356689],[-76.471777,38.011182],[-76.293213,37.794336],[-76.49248,37.682227],[-77.070654,38.167187],[-76.71543,37.810156],[-76.305566,37.571484],[-76.263477,37.357031],[-76.453906,37.273535],[-76.738086,37.448779],[-76.326953,37.149268],[-76.400879,36.991309],[-76.630908,37.221729],[-77.227051,37.309082],[-76.76543,37.184131],[-76.487842,36.897021],[-75.999414,36.912646],[-75.757861,36.229248],[-75.728223,36.103711],[-75.946484,36.659082],[-75.992773,36.473779],[-75.820068,36.112842],[-76.147852,36.279297],[-76.270605,36.189893],[-76.424316,36.067969],[-76.717627,36.148096],[-76.726221,35.957617],[-76.263574,35.96709],[-76.075684,35.787549],[-75.978906,35.895947],[-75.758838,35.843262],[-76.103516,35.380273],[-76.446631,35.407764],[-76.577197,35.532324],[-76.887256,35.463086],[-76.552783,35.305615],[-76.613379,35.10415],[-77.070264,35.154639],[-76.456738,34.989355],[-76.618018,34.769922],[-76.895898,34.701465],[-77.29624,34.60293],[-77.412939,34.592139],[-77.649658,34.35752],[-77.888037,34.050146],[-77.953271,34.168994],[-78.577686,33.873242],[-79.193799,33.244141],[-79.281348,33.31543],[-79.498682,33.027295],[-79.80498,32.787402],[-80.021777,32.619922],[-80.268359,32.537354],[-80.63418,32.511719],[-80.513623,32.324414],[-80.647217,32.395947],[-80.802539,32.448047],[-80.702051,32.245898],[-80.849219,32.113916],[-81.045557,31.892041],[-81.065039,31.813477],[-81.1979,31.704199],[-81.242383,31.574316],[-81.175439,31.531299],[-81.380957,31.353271],[-81.364893,31.171875],[-81.453223,31.088281],[-81.516211,30.801807],[-81.337109,30.141211],[-80.564307,28.556396],[-80.584961,28.271582],[-80.499561,27.934473],[-80.632861,28.518018],[-80.731738,28.462891],[-80.765918,28.632812],[-80.838184,28.757666],[-80.686377,28.272168],[-80.088672,26.993945],[-80.126367,25.833496],[-80.219092,25.741748],[-80.484668,25.229834],[-81.011963,25.133252],[-81.136035,25.309668],[-80.980371,25.31167],[-81.345068,25.731836],[-81.811475,26.146094],[-81.895508,26.597168],[-81.970166,26.552051],[-82.066943,26.891553],[-82.168604,26.874365],[-82.354053,26.935742],[-82.7146,27.499609],[-82.430518,27.771143],[-82.498145,27.86792],[-82.675195,27.96377],[-82.626025,27.745996],[-82.775293,27.734375],[-82.660645,28.48584],[-82.769336,29.051562],[-84.309668,30.064746],[-84.382812,29.907373],[-84.888916,29.777637],[-85.318945,29.680225],[-85.383447,29.785059],[-85.353613,29.875732],[-85.610254,30.148389],[-85.675879,30.279297],[-85.790771,30.171973],[-86.240088,30.429102],[-86.257373,30.493018],[-86.606055,30.424707],[-87.163721,30.374219],[-86.997559,30.570312],[-87.170605,30.53877],[-87.475781,30.294287],[-87.513281,30.368115],[-87.904004,30.259082],[-87.897607,30.41416],[-88.011328,30.694189],[-88.135449,30.366602],[-88.819922,30.406494],[-89.223633,30.332373],[-89.588477,30.165967],[-90.225293,30.379297],[-90.175342,30.029102],[-89.773145,30.137207],[-89.714697,30.07832],[-89.631689,29.903809],[-89.400732,30.046045],[-89.362793,29.839795],[-89.590869,29.725293],[-89.682959,29.674854],[-89.580322,29.486035],[-89.116846,29.248242],[-89.109521,29.098682],[-89.236084,29.081104],[-89.389209,29.105029],[-89.620264,29.302393],[-89.797363,29.380615],[-90.160791,29.504395],[-90.052783,29.336816],[-90.13584,29.136084],[-90.379199,29.295117],[-90.751025,29.130859],[-91.2375,29.330957],[-91.260254,29.505469],[-91.514209,29.555371],[-91.893164,29.836035],[-92.113965,29.667676],[-92.671289,29.59707],[-93.283203,29.789404],[-93.826465,29.725146],[-93.808789,29.85083],[-93.841455,29.979736],[-94.099658,29.67041],[-94.52627,29.547949],[-94.724365,29.655273],[-94.929883,29.680176],[-94.935889,29.460449],[-95.152148,29.079248],[-95.732373,28.711719],[-96.234521,28.488965],[-96.275342,28.655127],[-96.526025,28.648291],[-96.640039,28.708789],[-96.488818,28.406055],[-96.79458,28.32085],[-96.919873,28.185352],[-97.096045,28.158252],[-97.034326,28.093848],[-97.374121,27.87002],[-97.380469,27.419336],[-97.682129,27.394922],[-97.474512,27.172949],[-97.526514,26.90752],[-97.402344,26.396533],[-97.14624,25.961475],[-97.358154,25.870508],[-97.801416,26.042041],[-98.485889,26.224561],[-98.873193,26.38125],[-99.172363,26.565918],[-99.456494,27.056641],[-99.455127,27.233691],[-99.484277,27.467383],[-99.889648,27.867285],[-100.296045,28.327686],[-100.398926,28.614209],[-100.75459,29.18252],[-101.038965,29.4604],[-101.509277,29.773145],[-101.611621,29.786963],[-102.268945,29.871191],[-102.614941,29.752344],[-102.865674,29.258008],[-103.08999,29.041895],[-103.663965,29.206885],[-104.215527,29.479883],[-104.622217,29.854297],[-104.917871,30.58335],[-105.514014,30.980762],[-106.255713,31.544678],[-106.453223,31.770166],[-107.33252,31.774756],[-108.211816,31.779346],[-108.214453,31.329443],[-109.628223,31.326807],[-111.041992,31.324219],[-112.938965,31.91626],[-114.835938,32.508301],[-115.125195,32.683301],[-116.269824,32.597607],[-117.130469,32.539746],[-117.270703,32.80625],[-117.467432,33.295508],[-118.161914,33.750684],[-118.392969,33.858301],[-119.14375,34.112012],[-119.606055,34.418018],[-120.169531,34.476465],[-120.644678,34.57998],[-120.663037,34.949268],[-120.857373,35.209668],[-121.022852,35.480762],[-121.43374,35.863867],[-121.910156,36.43291],[-121.794531,36.800977],[-122.394922,37.20752],[-122.514209,37.771973],[-122.369727,37.655859],[-122.119043,37.482812],[-122.158057,37.626465],[-122.365479,37.921191],[-122.086719,38.049609],[-121.525342,38.055908],[-121.880762,38.075],[-122.15376,38.065527],[-122.483887,38.108838],[-122.58418,37.874072],[-122.931982,38.055469],[-122.977588,38.227344],[-123.046191,38.305078],[-123.701123,38.907275],[-123.783496,39.618701],[-124.324023,40.251953],[-124.283691,40.710547],[-124.22002,40.696484],[-124.219189,40.790723],[-124.068506,41.38418],[-124.244629,41.787939],[-124.41001,42.304346],[-124.539648,42.812891],[-124.320605,43.368213],[-124.287988,43.409717],[-124.130664,44.055664],[-124.044531,44.648242],[-123.929346,45.576953],[-123.989307,46.219385],[-123.521631,46.222656],[-123.220605,46.153613],[-123.464844,46.271094],[-123.959766,46.300732],[-124.044336,46.605078],[-123.88916,46.66001],[-123.842871,46.963184],[-124.116797,47.000342],[-124.198828,47.208545],[-124.621094,47.90415],[-124.709961,48.380371],[-124.098779,48.2],[-123.161865,48.154541],[-122.908887,48.076904],[-122.769092,48.075977],[-122.778418,47.738428],[-123.050635,47.551953],[-123.104199,47.348389],[-123.018213,47.401074],[-122.982471,47.559375],[-122.717871,47.762109],[-122.585742,47.927881],[-122.618408,47.712793],[-122.664307,47.617236],[-122.553564,47.404932],[-122.707715,47.316406],[-122.812549,47.328955],[-122.987646,47.172559],[-122.729883,47.111816],[-122.542187,47.275586],[-122.353809,47.371582],[-122.380762,47.627832],[-122.381982,47.752344],[-122.318457,47.933057],[-122.352979,48.113818],[-122.386621,48.089941],[-122.52915,48.199316],[-122.408545,48.293896],[-122.637793,48.433301],[-122.627979,48.4979],[-122.514795,48.555176],[-122.580176,48.77959],[-122.722461,48.853027],[-121.833594,48.993018],[-120.128076,48.993018],[-118.422559,48.993066],[-116.717041,48.993066],[-115.011523,48.993066],[-113.305957,48.993066],[-111.600439,48.993066],[-109.894922,48.993066],[-108.189404,48.993115],[-106.483838,48.993115],[-104.77832,48.993115],[-103.072803,48.993115],[-101.367285,48.993115],[-99.661719,48.993115],[-97.956201,48.993164],[-96.250684,48.993164],[-95.158252,49.203076],[-94.854346,49.30459],[-94.712793,48.863428],[-94.620898,48.742627],[-93.803564,48.548926],[-93.377881,48.616553],[-92.99624,48.611816],[-92.500586,48.435352],[-92.298682,48.328906],[-91.647314,48.10459],[-91.043457,48.193701],[-90.744385,48.10459],[-90.039941,48.078174],[-89.550586,47.999902],[-89.062598,48.093799],[-88.160645,48.225391],[-87.494238,47.961768],[-86.495557,47.566602],[-85.846338,47.3],[-85.070068,46.979932],[-84.665771,46.543262],[-84.401709,46.515625],[-84.125195,46.527246],[-84.115186,46.370801],[-83.977783,46.084912],[-83.615967,46.116846],[-83.592676,45.817139],[-82.7604,45.447705],[-82.446582,44.915527],[-82.28125,44.192236],[-82.190381,43.474072],[-82.48833,42.739502],[-82.867773,42.385205],[-83.149658,42.141943],[-82.690039,41.675195],[-81.760937,41.986816],[-80.682617,42.299756],[-79.44624,42.651465],[-78.915088,42.909131],[-79.01167,42.997021],[-79.066064,43.106104],[-79.00249,43.527148],[-78.214795,43.630664],[-77.07334,43.626855],[-76.4646,44.057617],[-76.020215,44.362598],[-75.40127,44.772266],[-74.762451,44.999072],[-74.708887,45.003857]]],[[[-72.509766,40.986035],[-72.408984,40.972168],[-72.101904,41.015039],[-72.428076,40.875391],[-73.194287,40.654199],[-73.766748,40.592725],[-73.822656,40.655957],[-74.032031,40.638672],[-73.757227,40.833691],[-73.609766,40.906201],[-73.407227,40.941113],[-73.111279,40.956885],[-72.543652,41.027002],[-72.509766,40.986035]]],[[[-68.187256,44.332471],[-68.315088,44.249707],[-68.347021,44.430371],[-68.187256,44.332471]]],[[[-74.188135,40.522852],[-74.235889,40.518701],[-74.188184,40.6146],[-74.100488,40.658447],[-74.06875,40.649316],[-74.067383,40.61543],[-74.079687,40.586475],[-74.138525,40.541846],[-74.188135,40.522852]]],[[[-70.509912,41.376318],[-70.785303,41.327441],[-70.829199,41.358984],[-70.760498,41.373584],[-70.67373,41.448535],[-70.616016,41.457227],[-70.525342,41.414795],[-70.509912,41.376318]]],[[[-71.241406,41.491943],[-71.290918,41.4646],[-71.34624,41.469385],[-71.318164,41.506299],[-71.307471,41.560498],[-71.280176,41.62002],[-71.264453,41.638232],[-71.232031,41.654297],[-71.241406,41.491943]]],[[[-69.97793,41.265576],[-70.055078,41.249463],[-70.233057,41.286328],[-70.086621,41.317578],[-70.062695,41.328467],[-70.043604,41.374414],[-70.041211,41.397461],[-69.985596,41.298633],[-69.97793,41.265576]]],[[[-75.635693,35.855908],[-75.650781,35.835596],[-75.717187,35.946143],[-75.648877,35.9104],[-75.63667,35.880664],[-75.635693,35.855908]]],[[[-75.544141,35.240088],[-75.487891,35.479492],[-75.478516,35.716504],[-75.544141,35.240088]]],[[[-75.781934,35.190186],[-75.963672,35.118848],[-75.98418,35.123096],[-75.864941,35.174121],[-75.781934,35.190186]]],[[[-76.503662,34.642969],[-76.528564,34.631494],[-76.437012,34.756348],[-76.256201,34.914697],[-76.207373,34.938916],[-76.357715,34.803662],[-76.503662,34.642969]]],[[[-82.037207,26.453613],[-82.072852,26.427539],[-82.144971,26.44668],[-82.184375,26.480957],[-82.201367,26.548047],[-82.138574,26.477002],[-82.116064,26.460938],[-82.037207,26.453613]]],[[[-82.083789,26.552344],[-82.085205,26.493604],[-82.135596,26.591992],[-82.169141,26.700732],[-82.121143,26.665527],[-82.083789,26.552344]]],[[[-80.381836,25.142285],[-80.580566,24.954248],[-80.558545,25.001318],[-80.481055,25.101953],[-80.456006,25.149316],[-80.403662,25.179346],[-80.354932,25.233643],[-80.35127,25.296973],[-80.280469,25.34126],[-80.25708,25.347607],[-80.381836,25.142285]]],[[[-91.793701,29.500732],[-91.830859,29.486475],[-91.99624,29.573096],[-92.006641,29.610303],[-91.925049,29.643945],[-91.875244,29.640967],[-91.796484,29.596973],[-91.767676,29.584717],[-91.754297,29.566895],[-91.761914,29.539014],[-91.793701,29.500732]]],[[[-97.014355,27.901611],[-97.036035,27.89917],[-96.987646,27.981055],[-96.978662,28.013867],[-96.899316,28.11748],[-96.857422,28.13291],[-96.839746,28.088818],[-96.921338,28.016016],[-97.014355,27.901611]]],[[[-96.764404,28.152588],[-96.801123,28.148438],[-96.755615,28.202441],[-96.681641,28.229687],[-96.519336,28.333447],[-96.453125,28.340576],[-96.418652,28.376318],[-96.403564,28.381592],[-96.41333,28.337793],[-96.543896,28.275586],[-96.764404,28.152588]]],[[[-97.353613,27.300049],[-97.384814,27.242529],[-97.376221,27.328271],[-97.29502,27.523096],[-97.130029,27.77915],[-97.060547,27.822021],[-97.250879,27.541211],[-97.353613,27.300049]]],[[[-95.039697,29.145898],[-95.089648,29.136328],[-94.87168,29.290137],[-94.825977,29.341309],[-94.767627,29.339062],[-94.864941,29.252881],[-95.039697,29.145898]]],[[[-97.170703,26.159375],[-97.184521,26.112939],[-97.267334,26.329785],[-97.4021,26.820508],[-97.407178,27.100195],[-97.385986,27.196484],[-97.351221,26.801465],[-97.202246,26.299805],[-97.170703,26.159375]]],[[[-120.306592,34.024854],[-120.359717,34.022266],[-120.441553,34.03291],[-120.412939,34.056299],[-120.367725,34.073291],[-120.35332,34.060596],[-120.306592,34.024854]]],[[[-119.438037,33.217187],[-119.48252,33.215332],[-119.543652,33.224609],[-119.575195,33.27832],[-119.525146,33.282031],[-119.478809,33.274609],[-119.442041,33.232422],[-119.438037,33.217187]]],[[[-118.350391,32.827588],[-118.408594,32.818506],[-118.473193,32.838916],[-118.528906,32.935596],[-118.590186,33.011182],[-118.55708,33.032666],[-118.507471,32.959912],[-118.383203,32.849463],[-118.350391,32.827588]]],[[[-120.043555,33.918848],[-120.113916,33.904883],[-120.167139,33.918066],[-120.251904,34.013867],[-120.071826,34.026514],[-119.994385,33.984912],[-119.983936,33.97334],[-120.043555,33.918848]]],[[[-119.882373,34.079687],[-119.678857,34.028467],[-119.569141,34.052979],[-119.549268,34.028174],[-119.562207,34.006592],[-119.80957,33.967773],[-119.885498,33.994922],[-119.892432,34.032178],[-119.918066,34.067822],[-119.882373,34.079687]]],[[[-118.347949,33.385742],[-118.469336,33.357129],[-118.56333,33.437061],[-118.347949,33.385742]]],[[[-122.782129,48.672705],[-122.883105,48.660645],[-122.985645,48.626709],[-122.897705,48.710352],[-122.782129,48.672705]]],[[[-123.013135,48.500879],[-122.986768,48.468018],[-123.094434,48.489062],[-123.139941,48.507959],[-123.153418,48.526318],[-123.16958,48.586719],[-123.162158,48.606396],[-123.11416,48.613281],[-123.02417,48.538477],[-123.013135,48.500879]]],[[[-122.572754,48.156641],[-122.366602,47.938818],[-122.461621,47.964014],[-122.603174,48.055029],[-122.690381,48.173877],[-122.668994,48.351025],[-122.535547,48.321191],[-122.624414,48.21377],[-122.572754,48.156641]]],[[[-71.365332,41.485254],[-71.393066,41.466748],[-71.403418,41.515039],[-71.383984,41.570557],[-71.364307,41.571826],[-71.354492,41.542285],[-71.365332,41.485254]]],[[[-74.133203,39.680762],[-74.250488,39.529395],[-74.253174,39.558496],[-74.106738,39.746436],[-74.133203,39.680762]]],[[[-75.333057,37.888281],[-75.378516,37.87207],[-75.225977,38.072314],[-75.137402,38.240088],[-75.0979,38.298096],[-75.13623,38.180518],[-75.203223,38.072412],[-75.333057,37.888281]]],[[[-76.54624,34.654883],[-76.568506,34.652539],[-76.607812,34.663574],[-76.661963,34.684668],[-76.673926,34.700146],[-76.622266,34.694531],[-76.54624,34.654883]]],[[[-81.334814,24.650488],[-81.364795,24.629932],[-81.379053,24.636279],[-81.379053,24.66626],[-81.42168,24.732617],[-81.420068,24.75],[-81.322314,24.685059],[-81.319824,24.667627],[-81.334814,24.650488]]],[[[-80.829395,24.803662],[-80.84834,24.803662],[-80.838867,24.817871],[-80.799414,24.846289],[-80.785205,24.835254],[-80.786768,24.821045],[-80.829395,24.803662]]],[[[-80.638281,24.903174],[-80.665137,24.898438],[-80.625684,24.941113],[-80.6146,24.937939],[-80.638281,24.903174]]],[[[-81.044189,24.716797],[-81.08999,24.693115],[-81.137354,24.710498],[-81.085254,24.73418],[-80.930469,24.759473],[-80.988916,24.727881],[-81.044189,24.716797]]],[[[-81.418994,30.971436],[-81.463477,30.727783],[-81.482715,30.814062],[-81.484619,30.897852],[-81.450928,30.947412],[-81.418994,30.971436]]],[[[-81.566699,24.599902],[-81.631494,24.590039],[-81.579248,24.629395],[-81.562305,24.68916],[-81.531641,24.64248],[-81.532227,24.61416],[-81.566699,24.599902]]],[[[-80.186768,27.278418],[-80.170508,27.204785],[-80.262451,27.375586],[-80.376074,27.643408],[-80.436914,27.850537],[-80.395752,27.794531],[-80.355518,27.678613],[-80.186768,27.278418]]],[[[-81.783838,24.54458],[-81.809229,24.542334],[-81.811426,24.557812],[-81.767676,24.576709],[-81.738672,24.575439],[-81.739746,24.554492],[-81.783838,24.54458]]],[[[-88.889307,29.712598],[-88.943604,29.660254],[-88.941113,29.680225],[-88.901172,29.732617],[-88.872656,29.752979],[-88.889307,29.712598]]],[[[-88.558105,30.215918],[-88.570654,30.204785],[-88.659229,30.225586],[-88.713086,30.244922],[-88.722852,30.264258],[-88.573975,30.22915],[-88.558105,30.215918]]],[[[-88.071338,30.252344],[-88.159326,30.230908],[-88.289746,30.23291],[-88.31626,30.24043],[-88.263916,30.254736],[-88.109375,30.27373],[-88.071338,30.252344]]],[[[-89.223975,30.084082],[-89.220459,30.037598],[-89.269434,30.060742],[-89.341992,30.062842],[-89.310059,30.078711],[-89.287646,30.094189],[-89.276465,30.11084],[-89.184668,30.168652],[-89.210693,30.126221],[-89.223975,30.084082]]],[[[-88.827441,29.807715],[-88.855664,29.775879],[-88.827979,29.928369],[-88.866895,30.056738],[-88.825879,30.000391],[-88.812598,29.93335],[-88.827441,29.807715]]],[[[-84.90791,29.642627],[-85.008252,29.606641],[-85.116748,29.632812],[-85.049316,29.637793],[-85.000537,29.627197],[-84.877002,29.678662],[-84.812207,29.717627],[-84.737158,29.732422],[-84.90791,29.642627]]],[[[-122.853076,47.204736],[-122.862598,47.185059],[-122.876758,47.186133],[-122.907959,47.226123],[-122.911914,47.254346],[-122.885107,47.274707],[-122.84917,47.216309],[-122.853076,47.204736]]],[[[-122.394141,47.395264],[-122.39873,47.37251],[-122.437109,47.354785],[-122.456982,47.359326],[-122.458203,47.386133],[-122.468555,47.390234],[-122.509912,47.358008],[-122.506836,47.42168],[-122.486475,47.48877],[-122.468604,47.48999],[-122.44209,47.446143],[-122.394141,47.395264]]],[[[-122.497266,47.59458],[-122.502637,47.575439],[-122.557812,47.598291],[-122.575928,47.619482],[-122.57373,47.666846],[-122.560107,47.697754],[-122.549756,47.703955],[-122.517236,47.690576],[-122.507861,47.682666],[-122.497266,47.59458]]],[[[-122.820898,48.431348],[-122.836572,48.421533],[-122.890039,48.434668],[-122.921631,48.456934],[-122.932275,48.484766],[-122.912207,48.537988],[-122.885498,48.551611],[-122.868896,48.548633],[-122.861914,48.501855],[-122.8146,48.452344],[-122.820898,48.431348]]],[[[-68.623193,44.196045],[-68.661182,44.17627],[-68.701709,44.182666],[-68.703027,44.231982],[-68.690771,44.24873],[-68.676758,44.256201],[-68.655957,44.242334],[-68.623193,44.196045]]]]}},{"type":"Feature","geometry":{"type":"MultiPolygon","coordinates":[[[[-26.264111,-58.435156],[-26.259863,-58.492285],[-26.415332,-58.439844],[-26.451025,-58.415332],[-26.401221,-58.383203],[-26.303467,-58.382227],[-26.279395,-58.401758],[-26.264111,-58.435156]]],[[[-37.10332,-54.065625],[-36.805176,-54.101465],[-36.647412,-54.262305],[-36.38584,-54.278906],[-36.172607,-54.382227],[-35.964648,-54.568066],[-35.798584,-54.763477],[-36.123633,-54.85293],[-36.47207,-54.534473],[-36.823877,-54.404297],[-37.082812,-54.311523],[-37.692285,-54.134766],[-38.017432,-54.008008],[-37.36875,-54.00918],[-37.10332,-54.065625]]]]}},{"type":"Feature","geometry":{"type":"Polygon","coordinates":[[[72.491992,-7.377441],[72.349707,-7.263379],[72.467188,-7.367578],[72.435742,-7.230273],[72.491992,-7.377441]]]}},{"type":"Feature","geometry":{"type":"MultiPolygon","coordinates":[[[[-5.692139,-15.997754],[-5.78252,-16.004004],[-5.775049,-15.956738],[-5.707861,-15.906152],[-5.6625,-15.912793],[-5.659717,-15.970898],[-5.692139,-15.997754]]],[[[-14.364355,-7.974316],[-14.398682,-7.975781],[-14.408691,-7.96748],[-14.414941,-7.94375],[-14.398584,-7.905762],[-14.383643,-7.882617],[-14.3604,-7.885938],[-14.328857,-7.912598],[-14.302539,-7.935449],[-14.316797,-7.956152],[-14.364355,-7.974316]]]]}},{"type":"Feature","geometry":{"type":"Polygon","coordinates":[[[-128.290088,-24.397363],[-128.3,-24.412598],[-128.320654,-24.399707],[-128.342187,-24.370703],[-128.350195,-24.340234],[-128.330127,-24.323242],[-128.303613,-24.333594],[-128.29082,-24.364648],[-128.290088,-24.397363]]]}},{"type":"Feature","geometry":{"type":"Polygon","coordinates":[[[-63.001221,18.221777],[-63.16001,18.171387],[-63.15332,18.200293],[-63.026025,18.269727],[-62.97959,18.264795],[-63.001221,18.221777]]]}},{"type":"Feature","geometry":{"type":"MultiPolygon","coordinates":[[[[-58.850195,-51.269922],[-58.378711,-51.373047],[-58.508936,-51.483594],[-58.241113,-51.551074],[-58.206445,-51.404687],[-57.91543,-51.533789],[-57.831152,-51.68457],[-58.217627,-51.822461],[-58.637695,-52.023047],[-59.068018,-52.173047],[-59.395654,-52.308008],[-59.53667,-51.970605],[-59.180029,-51.7125],[-59.099463,-51.589746],[-58.850195,-51.269922]]],[[[-60.28623,-51.461914],[-59.841602,-51.40332],[-59.465088,-51.410547],[-59.293945,-51.478516],[-59.514209,-51.626563],[-59.989746,-51.984082],[-60.288281,-52.07373],[-60.484082,-52.170312],[-60.961426,-52.057324],[-60.334473,-51.839551],[-60.276514,-51.716602],[-60.58252,-51.712695],[-60.245166,-51.638867],[-60.522754,-51.463184],[-60.445459,-51.399414],[-60.28623,-51.461914]]],[[[-61.01875,-51.785742],[-60.947266,-51.799512],[-60.875977,-51.794238],[-60.916162,-51.896973],[-60.947559,-51.946289],[-61.031982,-51.94248],[-61.115771,-51.875293],[-61.14502,-51.839453],[-61.05166,-51.813965],[-61.01875,-51.785742]]],[[[-58.438818,-52.011035],[-58.432715,-52.099023],[-58.512842,-52.071094],[-58.541406,-52.028418],[-58.49707,-51.999414],[-58.460547,-52.001563],[-58.438818,-52.011035]]],[[[-60.111719,-51.395898],[-60.248828,-51.395996],[-60.275879,-51.363184],[-60.275342,-51.280566],[-60.171387,-51.273438],[-60.069824,-51.30791],[-60.076465,-51.342578],[-60.111719,-51.395898]]],[[[-59.682666,-52.231641],[-59.746582,-52.250879],[-59.764453,-52.242188],[-59.784863,-52.204688],[-59.785937,-52.156152],[-59.793311,-52.13418],[-59.753223,-52.141406],[-59.681006,-52.180078],[-59.682666,-52.231641]]]]}},{"type":"Feature","geometry":{"type":"MultiPolygon","coordinates":[[[[-81.369531,19.348877],[-81.130469,19.346777],[-81.303711,19.271875],[-81.369531,19.348877]]],[[[-79.979004,19.708203],[-80.125879,19.668359],[-80.067578,19.709961],[-79.979004,19.708203]]],[[[-79.823389,19.711914],[-79.870068,19.69668],[-79.906201,19.702539],[-79.824219,19.744092],[-79.803125,19.758105],[-79.785156,19.765625],[-79.766357,19.765723],[-79.742285,19.757129],[-79.742285,19.750879],[-79.823389,19.711914]]]]}},{"type":"Feature","geometry":{"type":"Polygon","coordinates":[[[-64.730273,32.293457],[-64.820117,32.259619],[-64.845068,32.262305],[-64.862842,32.273877],[-64.771191,32.307715],[-64.694629,32.386914],[-64.668311,32.381934],[-64.730273,32.293457]]]}},{"type":"Feature","geometry":{"type":"MultiPolygon","coordinates":[[[[-64.395215,18.4646],[-64.421143,18.457422],[-64.438037,18.458984],[-64.44375,18.473389],[-64.426074,18.513086],[-64.324658,18.51748],[-64.395215,18.4646]]],[[[-64.593652,18.402832],[-64.671826,18.399121],[-64.695117,18.41167],[-64.650977,18.442529],[-64.569141,18.446289],[-64.545166,18.438135],[-64.593652,18.402832]]],[[[-64.287891,18.740576],[-64.273584,18.707129],[-64.282324,18.707715],[-64.339453,18.730713],[-64.383398,18.732617],[-64.401465,18.738574],[-64.411426,18.751172],[-64.323096,18.752686],[-64.287891,18.740576]]]]}},{"type":"Feature","geometry":{"type":"MultiPolygon","coordinates":[[[[-71.661426,21.765234],[-71.665381,21.751709],[-71.721777,21.790234],[-71.83042,21.790625],[-71.847656,21.843457],[-71.806152,21.8521],[-71.668359,21.833447],[-71.636914,21.787549],[-71.661426,21.765234]]],[[[-71.879932,21.84043],[-71.897461,21.829883],[-71.955469,21.864404],[-71.96377,21.892041],[-71.984521,21.893408],[-72.019043,21.918262],[-72.010645,21.950439],[-71.931543,21.951904],[-71.899609,21.8625],[-71.879932,21.84043]]],[[[-72.332812,21.851367],[-72.218652,21.796289],[-72.149805,21.804492],[-72.144336,21.792725],[-72.181543,21.780029],[-72.190674,21.769775],[-72.300879,21.755225],[-72.335449,21.758008],[-72.342383,21.795312],[-72.332812,21.851367]]]]}},{"type":"Feature","geometry":{"type":"Polygon","coordinates":[[[-62.148438,16.740332],[-62.154248,16.681201],[-62.221631,16.699512],[-62.223047,16.751562],[-62.191357,16.804395],[-62.175781,16.80957],[-62.148438,16.740332]]]}},{"type":"Feature","geometry":{"type":"Polygon","coordinates":[[[-2.018652,49.23125],[-2.009912,49.180811],[-2.05376,49.169824],[-2.091016,49.187402],[-2.165674,49.187402],[-2.23584,49.176367],[-2.220508,49.266357],[-2.082227,49.255371],[-2.018652,49.23125]]]}},{"type":"Feature","geometry":{"type":"Polygon","coordinates":[[[-2.512305,49.494531],[-2.547363,49.428711],[-2.639014,49.450928],[-2.646143,49.468213],[-2.542187,49.506592],[-2.520898,49.506299],[-2.512305,49.494531]]]}},{"type":"Feature","geometry":{"type":"Polygon","coordinates":[[[-4.412061,54.185352],[-4.785352,54.073047],[-4.508643,54.376709],[-4.337988,54.269092],[-4.412061,54.185352]]]}},{"type":"Feature","geometry":{"type":"MultiPolygon","coordinates":[[[[-2.667676,51.622998],[-3.258789,51.398486],[-3.890771,51.59165],[-4.23457,51.569092],[-4.327637,51.700244],[-4.717627,51.683691],[-5.167236,51.808057],[-5.088086,51.995898],[-4.217725,52.277441],[-3.980322,52.541748],[-4.039258,52.704053],[-4.101465,52.915479],[-4.583691,52.814941],[-4.525684,52.958203],[-4.268555,53.144531],[-3.645898,53.2979],[-3.097559,53.260303],[-2.86416,53.292578],[-2.913086,53.350244],[-2.995703,53.662549],[-3.045361,53.843848],[-2.846484,54.135303],[-3.109668,54.126318],[-3.569385,54.467578],[-3.03623,54.953076],[-3.658301,54.892871],[-3.898584,54.805078],[-4.174023,54.801074],[-4.409912,54.787061],[-4.851709,54.825293],[-5.135498,54.85752],[-5.055859,54.988135],[-4.676758,55.501318],[-4.889648,55.781201],[-4.584082,55.938672],[-4.800293,56.15835],[-4.970361,56.007861],[-5.19585,55.928662],[-5.247314,56.000391],[-5.084326,56.197461],[-5.418896,55.975244],[-5.556445,55.3896],[-5.730664,55.334131],[-5.681348,55.623975],[-5.506934,55.807715],[-5.60957,56.055273],[-5.433398,56.422314],[-5.242578,56.686865],[-5.652441,56.531982],[-5.968896,56.689893],[-6.034717,56.763916],[-5.850391,56.918408],[-5.63125,57.293945],[-5.801953,57.468018],[-5.67876,57.57168],[-5.694727,57.778223],[-5.319189,57.903613],[-5.39375,58.043604],[-5.355957,58.211914],[-5.008301,58.262646],[-5.078711,58.419287],[-4.975635,58.580322],[-4.71543,58.51001],[-4.433252,58.512842],[-3.453564,58.616895],[-3.056982,58.58877],[-3.136768,58.37832],[-3.990039,57.959033],[-3.857129,57.818555],[-3.988477,57.58125],[-3.294531,57.710156],[-2.856299,57.692285],[-1.867383,57.612354],[-1.934473,57.352197],[-2.089551,57.102539],[-2.592676,56.561572],[-3.123584,56.425293],[-3.087012,56.389063],[-2.767578,56.202148],[-3.362256,56.027637],[-3.70415,56.043164],[-2.836865,56.02627],[-1.830273,55.671729],[-1.522559,55.259521],[-1.154395,54.654492],[-0.370361,54.279199],[-0.205566,54.021729],[0.115332,53.609277],[-0.07373,53.643652],[-0.567676,53.725391],[0.12832,53.468262],[0.208203,53.030029],[0.330176,52.811621],[0.558789,52.966943],[1.055566,52.958984],[1.716113,52.677246],[1.647363,52.278516],[1.413477,51.994775],[1.227832,51.949121],[1.101172,51.785449],[0.927441,51.646631],[0.593457,51.519482],[0.600293,51.467969],[1.014941,51.359717],[1.415625,51.31084],[0.978613,50.97168],[0.532324,50.853418],[-0.203906,50.814355],[-1.000586,50.815625],[-1.334473,50.820801],[-1.866016,50.715234],[-1.9979,50.608008],[-2.433447,50.599219],[-2.900879,50.722412],[-3.525879,50.428174],[-3.900195,50.285937],[-4.217285,50.378174],[-4.727979,50.290479],[-5.118506,50.03833],[-5.551221,50.083398],[-5.570654,50.196973],[-5.004443,50.495264],[-4.58291,50.776367],[-4.296484,51.027148],[-3.60791,51.228564],[-3.042041,51.248584],[-2.590283,51.608594],[-2.667676,51.622998]]],[[[-4.196777,53.321436],[-4.200391,53.218066],[-4.471973,53.176367],[-4.315088,53.417236],[-4.196777,53.321436]]],[[[-2.548877,59.231348],[-2.662061,59.230176],[-2.603613,59.289307],[-2.535645,59.30415],[-2.406982,59.297559],[-2.429834,59.271045],[-2.548877,59.231348]]],[[[-1.042529,60.513867],[-1.067871,60.502295],[-1.165527,60.603906],[-1.093311,60.720215],[-1.005615,60.716504],[-0.99165,60.686035],[-1.000342,60.658008],[-1.04502,60.655518],[-1.049023,60.646924],[-1.035107,60.59292],[-1.034229,60.530176],[-1.042529,60.513867]]],[[[-1.308105,60.5375],[-1.117969,60.417627],[-1.152783,60.177344],[-1.245312,59.97124],[-1.299512,60.039844],[-1.409033,60.189502],[-1.516602,60.231006],[-1.66377,60.28252],[-1.449561,60.468555],[-1.498145,60.529834],[-1.308105,60.5375]]],[[[-0.774268,60.811963],[-0.909131,60.687012],[-0.91582,60.810449],[-0.801807,60.83125],[-0.774268,60.811963]]],[[[-3.164941,58.794189],[-3.40083,58.881787],[-3.227637,58.857178],[-3.164941,58.794189]]],[[[-2.929395,58.741602],[-2.938965,58.738623],[-2.975391,58.756934],[-3.035449,58.822656],[-2.941211,58.835693],[-2.896436,58.827588],[-2.913086,58.799609],[-2.929395,58.741602]]],[[[-3.057422,59.029639],[-2.81792,58.981885],[-2.86377,58.890527],[-3.22334,58.93877],[-3.304346,58.967432],[-3.346826,59.06499],[-3.051123,59.099023],[-3.057422,59.029639]]],[[[-2.729395,59.186768],[-2.96377,59.274365],[-2.975537,59.347119],[-2.719922,59.219482],[-2.729395,59.186768]]],[[[-6.607617,56.58501],[-6.664453,56.579443],[-6.668555,56.593604],[-6.569922,56.66123],[-6.506055,56.672363],[-6.483691,56.665771],[-6.530078,56.626611],[-6.607617,56.58501]]],[[[-5.10542,55.448828],[-5.392676,55.618359],[-5.251611,55.716943],[-5.094727,55.494336],[-5.10542,55.448828]]],[[[-5.777881,56.344336],[-6.298486,56.33916],[-6.319678,56.569434],[-6.138281,56.649854],[-5.836035,56.522559],[-5.777881,56.344336]]],[[[-6.128906,55.930566],[-6.088379,55.65752],[-6.27002,55.670313],[-6.333887,55.774365],[-6.466455,55.768994],[-6.374951,55.871338],[-6.128906,55.930566]]],[[[-5.970068,55.814551],[-6.070703,55.847656],[-5.970312,55.992188],[-5.762256,56.120312],[-5.970068,55.814551]]],[[[-6.198682,58.363281],[-6.55459,58.092871],[-6.425195,58.021289],[-6.85376,57.826514],[-7.013184,57.761768],[-6.856836,57.923535],[-7.051904,58.017969],[-7.076904,58.079004],[-7.044922,58.201562],[-6.88623,58.182568],[-6.787744,58.283887],[-6.297168,58.486621],[-6.198682,58.363281]]],[[[-6.279053,56.964697],[-6.30874,56.951807],[-6.34624,56.954297],[-6.383398,56.970898],[-6.432617,57.01792],[-6.322363,57.050537],[-6.278223,57.031396],[-6.261279,57.009521],[-6.260547,56.985254],[-6.279053,56.964697]]],[[[-6.144727,57.50498],[-6.135547,57.314258],[-5.706006,57.268945],[-5.79541,57.146533],[-6.014746,57.051953],[-6.322705,57.20249],[-6.741309,57.412451],[-6.643457,57.482617],[-6.615283,57.552734],[-6.305957,57.671973],[-6.144727,57.50498]]],[[[-7.205566,57.682959],[-7.514746,57.601953],[-7.440039,57.656396],[-7.205566,57.682959]]],[[[-7.249854,57.115332],[-7.292041,57.109766],[-7.347412,57.115137],[-7.381494,57.130664],[-7.415918,57.192139],[-7.422363,57.229346],[-7.407031,57.298486],[-7.410547,57.381104],[-7.296387,57.383691],[-7.267139,57.371777],[-7.247559,57.126367],[-7.249854,57.115332]]],[[[-7.416895,56.96543],[-7.504785,56.95166],[-7.537402,56.959717],[-7.542969,56.972363],[-7.522949,57.006787],[-7.455469,57.018945],[-7.406689,57.000293],[-7.398926,56.98335],[-7.416895,56.96543]]],[[[-6.218018,54.088721],[-6.440283,54.063623],[-6.646875,54.163428],[-6.85835,54.268652],[-7.007715,54.406689],[-7.178076,54.274902],[-7.324512,54.133447],[-7.606543,54.143848],[-7.918457,54.296582],[-8.044336,54.512451],[-7.819824,54.639697],[-7.872949,54.717871],[-7.606445,54.745703],[-7.445996,54.905127],[-7.178613,55.056885],[-6.888965,55.188916],[-6.375293,55.241797],[-5.985742,55.029688],[-5.765186,54.724658],[-5.738623,54.673047],[-5.47041,54.500195],[-5.615967,54.536719],[-5.631885,54.372656],[-5.826172,54.23584],[-6.019043,54.05127],[-6.218018,54.088721]]],[[[-1.065576,50.690234],[-1.251465,50.588818],[-1.515674,50.70332],[-1.065576,50.690234]]]]}},{"type":"Feature","geometry":{"type":"MultiPolygon","coordinates":[[[[56.297852,25.650684],[56.35293,24.973291],[56.154492,24.795508],[55.970313,24.858936],[56.000586,24.953223],[55.822852,24.911279],[55.803906,24.63623],[55.804004,24.383545],[55.928613,24.215137],[55.894141,24.041406],[55.468457,23.941113],[55.508496,23.724609],[55.270215,23.189941],[55.18584,22.704102],[54.998242,22.634375],[54.47168,22.69873],[53.60957,22.804004],[52.859277,22.895605],[52.555078,22.932812],[52.344531,23.183496],[52.124512,23.445459],[51.904395,23.70752],[51.684375,23.969531],[51.568359,24.25791],[51.664551,24.250439],[51.843164,24.010889],[52.511426,24.1125],[53.801758,24.069482],[54.39707,24.278174],[54.580469,24.563525],[55.098145,25.041602],[55.522852,25.498145],[56.080469,26.062646],[56.154102,25.848486],[56.249512,25.625391],[56.297852,25.650684]],[[56.281836,25.235547],[56.287793,25.278613],[56.277344,25.300879],[56.234277,25.303809],[56.216504,25.266699],[56.210547,25.213281],[56.240234,25.208838],[56.281836,25.235547]]],[[[53.332227,24.258594],[53.258301,24.25293],[53.190918,24.290918],[53.33252,24.341602],[53.370898,24.364453],[53.412402,24.411035],[53.445312,24.371191],[53.408984,24.30791],[53.382617,24.280859],[53.332227,24.258594]]],[[[52.616895,24.288574],[52.6,24.281299],[52.582227,24.335254],[52.583594,24.352344],[52.629395,24.376758],[52.657617,24.332617],[52.616895,24.288574]]],[[[53.927832,24.177197],[53.928125,24.143359],[53.826367,24.153125],[53.799121,24.135547],[53.71582,24.145313],[53.634473,24.169775],[53.689648,24.210791],[53.833789,24.258936],[53.89375,24.215137],[53.927832,24.177197]]],[[[54.46543,24.442773],[54.456641,24.42334],[54.428418,24.425098],[54.357715,24.442773],[54.334766,24.471045],[54.378906,24.50459],[54.39834,24.506348],[54.426563,24.471045],[54.46543,24.442773]]]]}},{"type":"Feature","geometry":{"type":"MultiPolygon","coordinates":[[[[38.214355,47.091455],[37.543359,47.074561],[36.932031,46.825146],[36.432031,46.732568],[35.827148,46.624316],[35.132324,46.125879],[35.280176,46.279492],[35.064063,46.267236],[34.857324,45.987354],[34.799726,45.790752],[34.449898,45.965666],[34.02672,46.106725],[33.594141,46.09624],[33.202246,46.175732],[32.329883,46.130371],[31.77998,46.324658],[32.013086,46.387158],[31.623633,46.510254],[32.131445,46.509375],[32.578027,46.615625],[31.974316,46.708789],[31.864746,47.095117],[31.865918,47.003271],[31.77959,46.631641],[31.496875,46.738379],[30.796289,46.552002],[30.656738,46.266504],[30.18418,45.849951],[29.685059,45.754688],[29.670313,45.540674],[29.567676,45.370801],[28.894336,45.289941],[28.769824,45.266895],[28.45127,45.292187],[28.310352,45.498584],[28.51377,45.572412],[28.667578,45.793848],[28.947754,46.049951],[28.930566,46.362256],[29.146289,46.526904],[29.223828,46.376953],[29.392871,46.436914],[29.555078,46.407764],[29.751953,46.437793],[30.10752,46.401562],[29.94248,46.723779],[29.597754,46.938818],[29.515039,47.091113],[29.53916,47.270996],[29.333789,47.375732],[29.122949,47.530371],[29.211133,47.775],[29.036914,47.952344],[28.773828,48.11958],[28.441992,48.108691],[28.326953,48.161426],[28.088477,48.257031],[27.890625,48.365234],[27.562207,48.47041],[27.336914,48.432715],[26.84707,48.387158],[26.442383,48.22998],[26.162695,47.992529],[25.169629,47.823096],[24.837891,47.76084],[24.380957,47.938037],[24.047363,47.941016],[23.669043,47.992334],[23.139453,48.087402],[22.87666,47.947266],[22.83623,48.060303],[22.683105,48.103613],[22.423828,48.243311],[22.272168,48.358008],[22.227148,48.413428],[22.332617,48.745068],[22.524121,49.031396],[22.809766,49.020752],[22.760156,49.13623],[22.732422,49.295166],[22.706152,49.606201],[23.264453,50.072852],[23.711719,50.377344],[24.089941,50.530469],[23.978418,50.785596],[24.105762,50.844971],[23.863477,51.126221],[23.679688,51.394922],[23.608594,51.610498],[23.864258,51.623975],[24.280078,51.774707],[24.611328,51.889502],[25.066699,51.930518],[25.925293,51.913525],[26.566895,51.801904],[27.141992,51.752051],[27.452344,51.606104],[27.7,51.477979],[27.858594,51.592383],[28.183789,51.607861],[28.599023,51.542627],[28.793262,51.510352],[29.013086,51.598926],[29.174219,51.580615],[29.469629,51.40835],[30.06377,51.482031],[30.333398,51.325537],[30.63252,51.35542],[30.533008,51.596338],[30.755273,51.895166],[31.168457,52.062939],[31.763379,52.101074],[32.041602,52.04502],[32.362988,52.272119],[32.64541,52.279102],[33.287109,52.353564],[33.818848,52.315625],[34.397852,51.78042],[34.121094,51.67915],[34.209277,51.484082],[34.280664,51.31167],[34.491016,51.237061],[34.868555,51.189209],[35.115332,51.12085],[35.311914,51.043896],[35.346094,50.904297],[35.440137,50.68208],[35.488477,50.459912],[35.796191,50.405762],[36.189453,50.367822],[36.499805,50.280469],[36.759082,50.291846],[37.254883,50.394971],[37.582324,50.291846],[38.046875,49.92002],[38.177539,50.025391],[38.551953,49.95459],[39.027734,49.818408],[39.245996,49.781934],[39.626563,49.650684],[40.030664,49.596729],[40.057813,49.431543],[40.07002,49.200293],[39.686523,49.00791],[39.98916,48.851416],[39.792871,48.807715],[39.644727,48.591211],[39.882617,48.419092],[39.866309,48.288428],[39.885059,48.168359],[39.735938,47.844824],[39.057813,47.848486],[38.640625,47.665918],[38.258789,47.479541],[38.201367,47.320801],[38.280762,47.259033],[38.205859,47.135596],[38.214355,47.091455]]],[[[32.012207,46.203906],[32.150098,46.154687],[32.009375,46.167822],[31.700195,46.214062],[31.563867,46.257764],[31.528711,46.306592],[31.508789,46.373145],[31.584863,46.303174],[31.638477,46.272559],[32.012207,46.203906]]]]}},{"type":"Feature","geometry":{"type":"Polygon","coordinates":[[[33.903223,-1.002051],[33.260742,-1.002051],[32.549707,-1.002051],[31.838574,-1.002051],[31.127539,-1.002051],[30.80918,-0.994922],[30.519922,-1.0625],[30.360254,-1.074609],[30.15,-1.321094],[29.9,-1.466309],[29.609668,-1.387109],[29.561914,-0.977344],[29.647852,-0.535254],[29.717676,0.09834],[29.885449,0.418945],[29.942871,0.819238],[30.321094,1.185303],[31.158789,1.922021],[31.236328,2.191357],[31.082129,2.288086],[30.830078,2.400439],[30.84668,2.847021],[30.786523,3.001367],[30.867578,3.342139],[30.868164,3.544141],[31.221973,3.785937],[31.628906,3.701465],[31.941797,3.607568],[32.15625,3.528027],[32.534766,3.749951],[32.997266,3.880176],[33.539551,3.787109],[34.132031,3.88916],[34.26709,3.733154],[34.399414,3.412695],[34.58916,2.924756],[34.814453,2.619824],[34.883008,2.41792],[34.978223,1.773633],[34.89834,1.556494],[34.803809,1.272852],[34.649121,1.185303],[34.41084,0.867285],[34.111719,0.505127],[33.921484,-0.016992],[33.903223,-1.002051]]]}},{"type":"Feature","geometry":{"type":"MultiPolygon","coordinates":[[[[53.10957,38.803076],[53.100195,38.756152],[53.045898,38.897217],[53.018555,39.052734],[53.05332,39.096582],[53.092188,39.094092],[53.055176,39.037939],[53.10957,38.803076]]],[[[55.977441,41.322217],[56.86084,41.276123],[57.094824,41.331299],[57.018164,41.450586],[57.113574,41.957129],[57.686133,42.164795],[57.945703,42.42002],[58.165625,42.461572],[58.370508,42.346777],[58.457031,42.291797],[58.418164,42.406689],[58.151563,42.628076],[58.477148,42.662842],[58.876953,42.561475],[59.15957,42.511426],[59.451074,42.299512],[59.985156,42.211719],[59.979199,42.068066],[59.962598,41.954395],[60.200781,41.803125],[60.075586,41.700537],[60.06875,41.476221],[60.45498,41.221631],[60.933203,41.229004],[61.328906,41.195117],[61.496973,41.276074],[61.953516,41.030615],[62.298047,40.46748],[62.525488,39.944092],[63.291895,39.499512],[63.952539,39.05835],[64.621875,38.756445],[65.399609,38.348828],[65.790234,38.250049],[66.173145,38.166699],[66.574512,38.010791],[66.525586,37.785742],[66.471875,37.344727],[65.765039,37.569141],[65.608008,37.368408],[64.951563,37.193555],[64.674316,36.750195],[64.358008,36.226074],[64.042383,36.025098],[63.696582,35.967822],[63.12998,35.846191],[63.169727,35.678125],[62.980273,35.40918],[62.610547,35.233154],[62.307813,35.170801],[62.089648,35.379687],[61.719727,35.419434],[61.377734,35.593115],[61.235547,35.705566],[61.15293,35.976758],[61.212012,36.190527],[61.119629,36.642578],[60.17832,36.829443],[59.562207,37.178906],[59.326953,37.481152],[58.937207,37.649658],[58.550488,37.688184],[58.261621,37.66582],[57.710547,37.905273],[57.335742,37.989941],[57.260156,38.17959],[56.774609,38.250049],[56.366895,38.22251],[56.228809,38.073389],[55.578418,38.099756],[54.900098,37.77793],[54.639648,37.444727],[54.191602,37.332471],[53.823535,37.92793],[53.840039,38.514941],[53.868652,38.949268],[53.70459,39.20957],[53.336328,39.34082],[53.124023,39.34668],[53.389648,39.536426],[53.533301,39.641748],[53.487305,39.909375],[53.138574,39.978662],[52.964844,39.833887],[52.733691,40.39873],[52.943457,41.038086],[53.191992,40.809473],[53.615234,40.818506],[54.088867,40.70708],[54.377344,40.693262],[54.54707,40.832275],[54.723242,40.95127],[54.592188,41.193555],[54.039844,41.643359],[53.804688,42.117627],[53.284961,42.081836],[52.905273,41.895752],[52.830176,41.341895],[52.747266,41.36543],[52.870508,42.060596],[53.500781,42.258252],[54.120996,42.335205],[54.67793,42.078223],[54.952344,41.81001],[55.319727,41.408398],[55.545215,41.262744],[55.977441,41.322217]]]]}},{"type":"Feature","geometry":{"type":"MultiPolygon","coordinates":[[[[25.97002,40.136328],[25.740234,40.105469],[25.668945,40.135889],[25.740918,40.196289],[25.874805,40.233691],[25.918359,40.237988],[25.977051,40.177832],[25.97002,40.136328]]],[[[41.510059,41.51748],[41.823535,41.432373],[42.27998,41.475],[42.567383,41.559277],[42.754102,41.578906],[43.057129,41.352832],[43.152832,41.236426],[43.402344,41.176562],[43.455273,41.064697],[43.696484,40.794141],[43.569336,40.482373],[43.678125,40.239307],[43.791699,40.070264],[44.289258,40.040381],[44.768262,39.703516],[44.725,39.681738],[44.389355,39.422119],[44.043945,39.392969],[44.074316,39.259961],[44.180566,39.108057],[44.170801,38.934375],[44.280176,38.640674],[44.319629,38.374707],[44.449609,38.317773],[44.329395,38.109277],[44.222949,37.880176],[44.589941,37.710352],[44.577148,37.560205],[44.715137,37.357129],[44.766699,37.156348],[44.605957,37.176025],[44.325586,37.010742],[44.20166,37.051807],[44.114453,37.301855],[43.836426,37.223535],[43.306738,37.314648],[42.936621,37.324756],[42.635449,37.249268],[42.268555,37.276562],[42.059863,37.206055],[41.339551,37.070801],[40.815625,37.108154],[39.686523,36.738623],[38.906445,36.694678],[38.44375,36.862256],[37.906641,36.794629],[37.436328,36.643311],[36.985352,36.702393],[36.628418,36.777686],[36.641406,36.263525],[36.421484,36.203467],[36.201953,35.937549],[35.892676,35.916553],[35.882812,36.406348],[36.180078,36.807227],[35.801563,36.778076],[35.537402,36.597021],[34.81123,36.799268],[34.023438,36.340771],[33.441797,36.152832],[32.533789,36.100732],[32.021973,36.535303],[30.950293,36.848682],[30.506055,36.451123],[30.29541,36.287695],[29.689063,36.156689],[29.116113,36.520117],[28.969629,36.715332],[28.483594,36.803809],[28.019434,36.634473],[27.655859,36.674609],[27.554688,36.758887],[28.083008,36.920264],[27.668359,37.007422],[27.249707,37.07915],[27.520117,37.249121],[27.219238,37.38916],[27.077832,37.687695],[27.158691,37.986865],[26.682813,38.19834],[26.42793,38.214355],[26.416406,38.367871],[26.441309,38.641211],[26.59502,38.418604],[26.727344,38.418604],[27.144238,38.451953],[26.795313,38.626416],[26.90918,38.775781],[26.866211,38.922949],[26.853613,39.115625],[26.813281,39.419043],[26.484082,39.520703],[26.101367,39.568945],[26.313379,40.025],[27.12168,40.452344],[27.475586,40.319922],[27.731836,40.481494],[27.994824,40.466602],[28.289062,40.403027],[29.055176,40.42417],[28.787891,40.534033],[29.844922,40.738086],[29.259766,40.847314],[29.067383,41.10166],[29.919336,41.15083],[31.34668,41.15791],[32.542188,41.806396],[34.192969,41.963672],[35.141016,41.989502],[35.297754,41.728516],[36.051758,41.682568],[36.509668,41.2625],[36.991992,41.275391],[37.910059,41.001904],[39.426367,41.106445],[40.128418,40.943018],[40.959473,41.211621],[41.510059,41.51748]]],[[[28.014453,41.969043],[28.346387,41.466357],[28.995996,41.061133],[28.172168,41.080713],[27.499414,40.973145],[26.77207,40.498047],[26.202734,40.075391],[26.253809,40.314697],[26.79209,40.626611],[26.105469,40.611328],[26.10918,40.749658],[26.354102,40.99707],[26.325684,41.143262],[26.624902,41.401758],[26.49502,41.633252],[26.317969,41.744678],[26.529297,41.84668],[26.679199,41.96333],[27.011719,42.058643],[27.362891,42.025049],[27.661133,41.961328],[27.879199,41.986621],[28.014453,41.969043]]]]}},{"type":"Feature","geometry":{"type":"MultiPolygon","coordinates":[[[[11.50459,33.181934],[11.453906,32.781689],[11.50498,32.413672],[10.826367,32.080664],[10.595508,31.885742],[10.274609,31.684961],[10.172656,31.250977],[10.216406,30.783203],[9.89502,30.387305],[9.458008,30.465381],[9.224023,31.373682],[9.018945,32.105371],[8.333398,32.543604],[8.075586,33.089062],[7.70918,33.362305],[7.495605,33.976514],[7.838281,34.410303],[8.192773,34.646289],[8.312109,35.084619],[8.329004,35.582227],[8.245703,35.870557],[8.333984,36.418164],[8.230762,36.545264],[8.60127,36.833936],[9.058887,37.155859],[9.838477,37.308984],[9.896387,37.181641],[10.087402,37.25127],[10.293262,36.781494],[10.766211,36.930273],[11.12666,36.874072],[10.642383,36.419629],[10.505762,36.032422],[11.004297,35.633838],[11.120117,35.240283],[10.534863,34.544727],[10.040039,34.140332],[10.454297,33.6625],[10.828125,33.518896],[11.150293,33.369238],[11.202637,33.249219],[11.50459,33.181934]]],[[[11.278027,34.753809],[11.123633,34.681689],[11.153027,34.74458],[11.254883,34.820312],[11.281055,34.802197],[11.278027,34.753809]]],[[[10.957617,33.72207],[10.784766,33.717676],[10.745215,33.888672],[11.037598,33.785059],[10.957617,33.72207]]]]}},{"type":"Feature","geometry":{"type":"MultiPolygon","coordinates":[[[[-60.756299,11.178516],[-60.810645,11.168604],[-60.804297,11.208398],[-60.708936,11.277246],[-60.562793,11.323535],[-60.525488,11.325391],[-60.546484,11.263721],[-60.756299,11.178516]]],[[[-61.012109,10.134326],[-61.906104,10.069141],[-61.499316,10.268555],[-61.540918,10.664453],[-61.464844,10.764453],[-60.917627,10.840234],[-61.0375,10.482275],[-61.004102,10.167822],[-61.012109,10.134326]]]]}},{"type":"Feature","geometry":{"type":"MultiPolygon","coordinates":[[[[-175.161914,-21.169336],[-175.084082,-21.160742],[-175.362354,-21.106836],[-175.225391,-21.11875],[-175.161914,-21.169336]]],[[[-173.953516,-18.639355],[-173.991309,-18.698633],[-174.009326,-18.697754],[-174.053125,-18.663379],[-174.069141,-18.640234],[-174.002441,-18.570703],[-173.968066,-18.565332],[-173.921875,-18.588574],[-173.923975,-18.608496],[-173.953516,-18.639355]]],[[[-174.913135,-21.300488],[-174.918652,-21.450586],[-174.967529,-21.381738],[-174.972949,-21.349805],[-174.923486,-21.303418],[-174.913135,-21.300488]]]]}},{"type":"Feature","geometry":{"type":"Polygon","coordinates":[[[0.900488,10.993262],[0.763379,10.38667],[1.176172,10.098389],[1.34707,9.567529],[1.566309,9.137256],[1.624609,8.270996],[1.624707,6.997314],[1.60293,6.738086],[1.743164,6.42627],[1.310645,6.146875],[1.084473,6.173779],[0.912207,6.328564],[0.71543,6.549316],[0.548047,6.80249],[0.538086,6.979687],[0.619531,7.226562],[0.50957,7.435107],[0.583594,8.145801],[0.686328,8.354883],[0.378613,8.722021],[0.493262,8.894922],[0.529004,9.358301],[0.370996,9.485547],[0.233398,9.463525],[0.327344,9.586572],[0.269531,9.66792],[0.33457,9.803955],[0.378613,10.268555],[0.148242,10.454785],[-0.086328,10.673047],[0.009424,11.020996],[0.48418,10.991992],[0.642969,10.983057],[0.900488,10.993262]]]}},{"type":"Feature","geometry":{"type":"MultiPolygon","coordinates":[[[[125.646094,-8.139941],[125.579492,-8.311816],[125.507129,-8.275098],[125.584082,-8.178613],[125.621094,-8.15],[125.646094,-8.139941]]],[[[125.068164,-9.511914],[124.958594,-9.254688],[125.149414,-9.122949],[124.973242,-9.064258],[125.026953,-8.859082],[125.381836,-8.575391],[126.531055,-8.470801],[126.904688,-8.341602],[127.257031,-8.394531],[126.79248,-8.755078],[126.38252,-8.957617],[125.946094,-9.123926],[125.408008,-9.275781],[125.068164,-9.511914]]],[[[124.036328,-9.341602],[124.412988,-9.314355],[124.13457,-9.413867],[124.036328,-9.341602]]]]}},{"type":"Feature","geometry":{"type":"MultiPolygon","coordinates":[[[[102.606445,11.676514],[102.589941,11.572168],[102.532813,11.614941],[102.546484,11.667773],[102.568945,11.691699],[102.606445,11.676514]]],[[[102.426758,11.988721],[102.42998,11.964746],[102.378125,11.982959],[102.359961,11.974414],[102.301953,11.980811],[102.27334,12.119336],[102.277441,12.151855],[102.318848,12.14165],[102.378125,12.072852],[102.408398,12.025098],[102.426758,11.988721]]],[[[98.409082,7.902051],[98.398438,7.828418],[98.357422,7.829443],[98.315625,7.782324],[98.296289,7.776074],[98.262305,7.926074],[98.301367,8.13623],[98.32207,8.166309],[98.350977,8.110645],[98.434961,8.085645],[98.398828,7.964551],[98.409082,7.902051]]],[[[100.122461,20.31665],[100.218066,20.3396],[100.431543,20.240723],[100.543066,20.088672],[100.420117,19.644482],[100.806836,19.541943],[101.154688,19.579199],[101.226562,19.211523],[101.165527,18.618311],[101.050586,18.407031],[101.143945,18.142627],[100.955859,17.541113],[101.299707,17.625],[101.6875,17.889404],[101.875488,18.046436],[102.148242,18.203857],[102.552539,17.965088],[102.660645,17.817969],[102.807422,17.945557],[103.091211,18.138232],[103.27959,18.30498],[103.366992,18.42334],[103.898828,18.295313],[104.322656,17.81582],[104.739648,17.46167],[104.750586,16.647559],[105.047168,16.160254],[105.375586,15.942188],[105.562402,15.74126],[105.615625,15.488281],[105.49043,15.256592],[105.523047,14.843311],[105.422656,14.471631],[105.169141,14.336084],[105.003418,14.254443],[104.779004,14.427832],[104.054297,14.362744],[103.741895,14.37417],[103.313477,14.351318],[102.873242,14.054883],[102.544727,13.659961],[102.336328,13.560303],[102.422656,13.077979],[102.629687,12.569922],[102.70625,12.255664],[102.912305,11.703857],[102.654883,12.148828],[102.434082,12.179248],[102.22959,12.331641],[101.889063,12.593262],[101.090234,12.673633],[100.896387,12.818164],[100.946973,13.357568],[100.60293,13.568164],[100.01748,13.353174],[99.982031,12.771484],[99.930273,12.047461],[99.627344,11.462891],[99.284766,10.569141],[99.194629,10.175439],[99.288281,9.4146],[99.393848,9.213721],[99.904688,9.112891],[100.129297,8.428076],[100.228711,8.424707],[100.545215,7.226904],[100.342969,7.552881],[100.317383,7.715967],[100.204883,7.500537],[100.58623,7.175977],[101.154395,6.875146],[101.614258,6.753955],[102.055176,6.09668],[101.790723,5.779346],[101.601367,5.877148],[101.257031,5.789355],[101.113965,5.636768],[100.992773,5.846191],[101.053516,6.242578],[100.816504,6.331641],[100.629492,6.447998],[100.216602,6.686621],[100.119141,6.441992],[99.667773,7.150879],[99.529102,7.329492],[99.263672,7.619043],[99.051074,7.887842],[98.703516,8.256738],[98.474023,8.246924],[98.238184,8.423096],[98.371387,9.290527],[98.702539,10.190381],[98.775391,10.557031],[98.887109,10.78833],[99.442676,11.554395],[99.6125,11.749658],[99.432422,12.309033],[99.371973,12.594238],[99.173535,12.961328],[99.176172,13.233057],[99.08623,13.822754],[98.57002,14.359912],[98.245996,14.814746],[98.232227,15.241357],[98.537305,15.350684],[98.558203,15.768604],[98.865527,16.237061],[98.835449,16.417578],[98.564746,16.570947],[98.438867,16.975684],[97.929297,17.533301],[97.698535,17.833545],[97.622461,18.258008],[97.450781,18.359668],[97.484961,18.494238],[97.727734,18.572021],[97.71416,18.996484],[97.916406,19.592871],[98.111035,19.762158],[98.45498,19.694434],[98.875781,19.76958],[99.020703,20.041797],[99.196875,20.115137],[99.451563,20.118311],[99.447949,20.352051],[99.720117,20.325439],[99.954297,20.41543],[100.122461,20.31665]]],[[[100.074121,9.69668],[100.064453,9.67998],[100.025684,9.711719],[99.998047,9.747607],[99.983398,9.793555],[100.043457,9.79165],[100.073047,9.749121],[100.074121,9.69668]]],[[[100.070703,9.586035],[100.075293,9.529443],[100.053711,9.461426],[99.962402,9.421631],[99.93125,9.476074],[99.939551,9.559961],[99.953613,9.581006],[100.042969,9.576855],[100.070703,9.586035]]],[[[99.663086,6.521924],[99.644043,6.516113],[99.606641,6.596826],[99.654004,6.714111],[99.701367,6.570557],[99.663086,6.521924]]],[[[98.591992,7.933936],[98.57998,7.917041],[98.529395,8.108545],[98.604297,8.057324],[98.591992,7.933936]]],[[[98.30752,9.051465],[98.250781,9.04082],[98.258398,9.09541],[98.273633,9.129883],[98.301172,9.139111],[98.3125,9.080371],[98.30752,9.051465]]],[[[99.078418,7.591846],[99.104395,7.471289],[99.067871,7.495898],[99.037695,7.548486],[99.038086,7.625732],[99.045117,7.636523],[99.078418,7.591846]]]]}},{"type":"Feature","geometry":{"type":"MultiPolygon","coordinates":[[[[39.496484,-6.174609],[39.480957,-6.453711],[39.312695,-6.279102],[39.192383,-5.931055],[39.368262,-5.951172],[39.496484,-6.174609]]],[[[39.865039,-4.906152],[39.853027,-5.255469],[39.673438,-5.406641],[39.780762,-4.944922],[39.865039,-4.906152]]],[[[32.919922,-9.407422],[32.487109,-9.212695],[32.129785,-9.07334],[31.918652,-8.942188],[31.7,-8.914355],[31.534863,-8.713281],[31.033398,-8.597656],[30.776758,-8.26582],[30.558887,-7.781934],[30.313184,-7.203711],[29.961816,-6.803125],[29.54082,-6.313867],[29.596387,-5.775977],[29.503711,-5.400977],[29.323438,-4.898828],[29.403223,-4.449316],[30.147168,-4.085352],[30.379102,-3.730762],[30.631934,-3.418652],[30.681836,-3.309375],[30.793555,-3.069336],[30.604297,-2.935254],[30.424023,-2.824023],[30.434375,-2.658887],[30.553613,-2.400098],[30.7625,-2.37168],[30.876563,-2.143359],[30.827539,-1.693652],[30.631934,-1.36748],[30.509961,-1.067285],[30.741992,-1.00752],[30.949707,-1.002051],[31.66084,-1.002051],[32.371875,-1.002051],[33.083008,-1.002051],[33.794043,-1.002051],[34.131641,-1.08457],[34.984277,-1.560547],[35.836914,-2.036621],[36.689453,-2.512598],[37.542188,-2.988574],[37.687988,-3.246191],[37.608203,-3.49707],[37.726172,-3.559766],[38.04082,-3.849805],[38.654883,-4.291895],[39.190137,-4.677246],[39.11875,-5.06543],[38.911035,-5.625977],[38.874023,-6.33125],[39.228418,-6.685254],[39.519238,-7.124121],[39.287012,-7.787695],[39.340039,-8.242871],[39.488379,-8.861816],[39.625488,-9.409473],[39.783789,-9.914551],[39.983594,-10.15957],[40.38877,-10.353516],[40.347461,-10.551563],[39.694434,-10.954785],[39.170996,-11.166895],[38.491797,-11.413281],[37.920215,-11.294727],[37.724805,-11.580664],[37.113867,-11.647168],[36.771094,-11.610352],[36.191309,-11.670703],[35.785449,-11.45293],[35.504395,-11.604785],[34.959473,-11.578125],[34.850586,-11.351953],[34.726465,-11.238184],[34.597656,-11.0375],[34.661816,-10.710059],[34.571582,-10.427637],[34.524219,-10.073145],[34.320898,-9.731543],[33.949609,-9.565332],[33.888867,-9.670117],[33.527539,-9.60752],[33.225293,-9.500488],[32.919922,-9.407422]]],[[[39.711328,-7.977441],[39.660645,-7.900586],[39.907129,-7.649219],[39.711328,-7.977441]]]]}},{"type":"Feature","geometry":{"type":"MultiPolygon","coordinates":[[[[67.758984,37.172217],[68.010938,37.720947],[68.294043,38.03291],[68.333105,38.237793],[68.055957,38.588916],[68.103516,38.962012],[67.768555,38.982227],[67.64834,39.131055],[67.349609,39.24209],[67.54248,39.557617],[68.244922,39.548291],[68.506934,39.562793],[68.686914,39.846289],[68.777832,39.904199],[68.86875,39.907471],[68.792773,40.031494],[68.97207,40.089941],[68.639746,40.129199],[68.951758,40.222607],[69.219531,40.288135],[69.259961,40.587646],[69.413867,40.797168],[69.712891,40.656982],[70.29209,40.891699],[70.441504,41.023438],[70.634766,40.796582],[70.725586,40.687793],[70.382617,40.453516],[70.398242,40.361377],[70.602734,40.21416],[70.960938,40.220654],[70.624121,39.998975],[70.451367,40.049219],[69.966797,40.202246],[69.46875,40.020752],[69.431934,39.909766],[69.244727,39.8271],[69.391504,39.532471],[69.77207,39.556738],[70.171094,39.58418],[70.501172,39.587354],[70.733105,39.413281],[71.118066,39.513574],[71.404297,39.597852],[71.505859,39.51709],[71.732227,39.422998],[71.805957,39.275586],[72.147363,39.260742],[72.357715,39.336865],[72.872461,39.3604],[73.336133,39.412354],[73.631641,39.448877],[73.69043,39.104541],[73.794531,38.941309],[73.716797,38.817236],[73.97002,38.533691],[74.187305,38.65752],[74.812305,38.460303],[74.789648,38.103613],[74.921289,37.80498],[74.91582,37.572803],[75.079004,37.344043],[74.875391,37.241992],[74.524219,37.382373],[74.203516,37.372461],[73.749609,37.231787],[73.717285,37.329443],[73.632617,37.437207],[73.211133,37.408496],[72.358789,36.98291],[71.733789,36.684033],[71.471875,37.015088],[71.505078,37.60293],[71.551953,37.933154],[71.278516,37.918408],[71.052148,38.417871],[70.518555,38.191992],[70.214648,37.924414],[70.188672,37.582471],[69.940625,37.600293],[69.420117,37.486719],[69.353809,37.150049],[69.05,37.266504],[68.855371,37.316846],[68.723242,37.268018],[68.386914,37.1375],[68.212109,37.021533],[67.766016,37.140137],[67.758984,37.172217]]],[[[70.652539,40.936621],[70.622754,40.934424],[70.56875,40.981836],[70.55,41.014893],[70.57207,41.024805],[70.618359,41.00166],[70.649219,40.96084],[70.652539,40.936621]]],[[[70.70166,39.825293],[70.612109,39.786768],[70.55957,39.790918],[70.518652,39.828174],[70.489258,39.863037],[70.482813,39.882715],[70.497754,39.882422],[70.56709,39.866602],[70.66416,39.855469],[70.698242,39.84585],[70.70166,39.825293]]]]}},{"type":"Feature","geometry":{"type":"MultiPolygon","coordinates":[[[[121.008789,22.620361],[120.878418,22.141553],[120.690137,22.033105],[120.479785,22.441895],[120.272852,22.627441],[120.083398,23.093701],[120.142969,23.399072],[120.629687,24.478516],[120.964063,24.927979],[121.449609,25.249023],[121.687109,25.181592],[121.929004,24.97373],[121.826367,24.640527],[121.613086,24.052734],[121.397461,23.17251],[121.008789,22.620361]]],[[[118.407422,24.522119],[118.451172,24.455566],[118.432715,24.414355],[118.295117,24.436328],[118.287305,24.476611],[118.339355,24.469141],[118.407422,24.522119]]]]}},{"type":"Feature","geometry":{"type":"Polygon","coordinates":[[[35.892676,35.916553],[36.201953,35.937549],[36.421484,36.203467],[36.641406,36.263525],[36.628418,36.777686],[36.985352,36.702393],[37.436328,36.643311],[37.906641,36.794629],[38.44375,36.862256],[38.906445,36.694678],[39.686523,36.738623],[40.815625,37.108154],[41.339551,37.070801],[42.059863,37.206055],[42.268555,37.276562],[42.350098,37.060596],[41.788574,36.597168],[41.295996,36.38335],[41.300195,35.938965],[41.30332,35.550635],[41.199219,34.805322],[40.935059,34.386572],[39.85,33.911377],[38.773535,33.372217],[37.754102,32.829834],[36.818359,32.317285],[36.219727,32.495117],[35.787305,32.734912],[35.859022,32.989367],[35.833283,33.163702],[35.785024,33.291089],[35.869141,33.431738],[36.022266,33.5625],[35.942383,33.667578],[36.092188,33.831592],[36.348535,33.827051],[36.277832,33.925293],[36.45752,34.056836],[36.455566,34.466162],[36.388672,34.566895],[36.263574,34.632861],[35.887891,34.948633],[35.916016,35.350537],[35.892676,35.916553]]]}},{"type":"Feature","geometry":{"type":"Polygon","coordinates":[[[9.524023,47.524219],[9.527539,47.270752],[9.502344,47.062744],[9.845313,47.007373],[10.133496,46.851514],[10.45459,46.899414],[10.438281,46.618848],[10.272266,46.564844],[10.06123,46.546777],[10.109668,46.362842],[10.080566,46.227979],[9.884473,46.367773],[9.528711,46.306201],[9.399316,46.480664],[9.251074,46.286768],[9.003027,46.014893],[9.02373,45.845703],[8.778027,45.996191],[8.56543,46.159814],[8.436816,46.431885],[8.231934,46.341211],[8.125195,46.160937],[7.787891,45.921826],[7.32793,45.912354],[7.003906,45.958838],[6.805664,46.130664],[6.767383,46.369189],[6.428906,46.430518],[6.22959,46.308447],[6.006641,46.142334],[6.095898,46.279395],[6.067969,46.458545],[6.285156,46.683057],[6.45625,46.94834],[6.820703,47.163184],[7.000586,47.339453],[6.968359,47.453223],[7.16748,47.453711],[7.42002,47.455176],[7.698047,47.569873],[8.327832,47.606934],[8.477637,47.612695],[8.552344,47.659131],[8.435742,47.731348],[8.72832,47.700049],[8.831152,47.703613],[9.182813,47.670703],[9.524023,47.524219]]]}},{"type":"Feature","geometry":{"type":"MultiPolygon","coordinates":[[[[19.076465,57.835938],[18.813867,57.706201],[18.784863,57.361084],[18.477344,57.163037],[18.146387,56.920508],[18.163965,57.211719],[18.136523,57.556641],[18.537402,57.830566],[18.900586,57.915479],[19.076465,57.835938]]],[[[16.528516,56.290527],[16.394141,56.483643],[16.864648,57.090674],[17.025391,57.345068],[17.058203,57.229248],[16.778027,56.805225],[16.528516,56.290527]]],[[[11.388281,59.036523],[11.712207,59.018652],[11.684863,59.555762],[11.932129,59.863672],[12.291992,59.967236],[12.51582,60.305225],[12.445312,60.689648],[12.467578,61.041504],[12.776367,61.173975],[12.75752,61.445703],[12.155371,61.720752],[12.303516,62.285596],[12.119629,62.825928],[12.144629,63.08252],[12.175195,63.595947],[12.690039,63.957422],[13.299609,64.074805],[14.063281,64.095508],[14.077637,64.464014],[14.115137,64.946143],[14.549512,65.646387],[14.609961,65.932275],[15.15332,66.191064],[15.557031,66.5521],[16.420703,67.093359],[16.127441,67.42583],[16.574121,67.61958],[17.324609,68.103809],[18.125,68.133447],[18.162598,68.528418],[18.868262,68.501123],[19.87002,68.362256],[19.968848,68.542041],[20.348047,68.84873],[20.491992,69.033301],[20.908984,68.937744],[21.422363,68.724609],[21.850195,68.574121],[22.782422,68.391016],[23.18252,68.136621],[23.638867,67.954395],[23.500195,67.696191],[23.46543,67.517871],[23.537109,67.44917],[23.760938,67.310498],[23.641504,67.129395],[23.941797,66.877832],[23.894141,66.706885],[23.701172,66.480762],[23.700293,66.252637],[23.994629,66.060352],[23.691406,65.828516],[23.15459,65.749902],[22.620313,65.806543],[22.366309,65.842676],[22.266602,65.621533],[22.132812,65.570117],[21.903125,65.50835],[21.680664,65.403369],[21.545215,65.331152],[21.566895,65.254541],[21.506348,65.245361],[21.424902,65.012695],[21.20498,64.774316],[21.519629,64.463086],[21.018457,64.177979],[20.371387,63.7229],[19.72207,63.46333],[19.490918,63.460205],[19.236328,63.347363],[18.850195,63.224121],[18.667188,63.176563],[18.407715,63.0375],[18.486914,62.958594],[18.214941,62.812207],[18.093555,62.836035],[17.895605,62.830518],[17.903027,62.659473],[17.94707,62.578467],[17.570605,62.451025],[17.37334,62.426514],[17.562891,62.212305],[17.374512,61.866309],[17.33457,61.691699],[17.146582,61.504639],[17.199609,61.311963],[17.212891,60.98584],[17.250977,60.700781],[17.593066,60.627686],[17.871582,60.580078],[18.250488,60.361523],[18.601172,60.119238],[18.933203,59.942285],[18.71875,59.657373],[18.338086,59.476855],[17.964258,59.359375],[18.270508,59.367139],[18.508887,59.407959],[18.414258,59.290332],[18.098145,59.062305],[17.669629,58.916211],[16.978125,58.65415],[16.318066,58.62832],[16.788477,58.585254],[16.716602,58.302881],[16.596973,57.912891],[16.604199,57.568311],[16.479492,57.187695],[16.407813,56.808691],[15.99668,56.222607],[15.626563,56.185596],[14.782031,56.161914],[14.558594,56.048633],[14.215039,55.832617],[14.17373,55.396631],[12.88584,55.411377],[12.978027,55.693799],[12.592578,56.137598],[12.706348,56.23501],[12.691113,56.384424],[12.919531,56.515576],[12.572656,56.823291],[11.961523,57.426074],[11.734961,57.717676],[11.449316,58.118359],[11.252051,58.424072],[11.169141,58.922705],[11.295313,59.086865],[11.388281,59.036523]]],[[[19.156348,57.922607],[19.138379,57.860254],[19.086523,57.86499],[19.039258,57.911035],[19.134863,57.981348],[19.281152,57.977539],[19.331445,57.962891],[19.156348,57.922607]]],[[[18.416211,59.029102],[18.371875,59.01958],[18.349902,59.022607],[18.377246,59.069043],[18.397559,59.089111],[18.464941,59.107861],[18.485547,59.10459],[18.416211,59.029102]]],[[[18.59541,59.470361],[18.570312,59.437256],[18.545117,59.477832],[18.555176,59.485791],[18.572363,59.52583],[18.620898,59.547803],[18.698438,59.534619],[18.697949,59.524609],[18.623828,59.492188],[18.59541,59.470361]]]]}},{"type":"Feature","geometry":{"type":"Polygon","coordinates":[[[31.948242,-25.957617],[32.059961,-26.215039],[32.105957,-26.52002],[31.994727,-26.81748],[31.742578,-27.309961],[30.938086,-26.91582],[30.7875,-26.613672],[31.033301,-26.097754],[31.382617,-25.742969],[31.92168,-25.96875],[31.948242,-25.957617]]]}},{"type":"Feature","geometry":{"type":"Polygon","coordinates":[[[-54.155957,5.358984],[-54.446875,4.958789],[-54.440234,4.691992],[-54.416016,4.337646],[-54.342139,4.140039],[-54.112793,3.769434],[-53.990479,3.589551],[-54.188037,3.17876],[-54.195508,2.817871],[-54.535937,2.343311],[-54.661865,2.327539],[-54.766846,2.454736],[-54.968408,2.54834],[-55.114111,2.539209],[-55.343994,2.48877],[-55.89375,2.489502],[-55.993506,2.49751],[-56.129395,2.299512],[-55.961963,2.095117],[-55.96333,1.85708],[-56.452832,1.932324],[-56.627197,2.016016],[-56.840527,2.277148],[-56.979297,2.513232],[-57.041943,2.641113],[-57.121143,2.775537],[-57.206934,2.963379],[-57.248975,3.142285],[-57.303662,3.3771],[-57.549609,3.352832],[-57.649463,3.517383],[-57.907715,3.856689],[-58.010742,4.236475],[-57.874707,4.5771],[-57.917041,4.82041],[-57.752002,4.954492],[-57.412158,5.00459],[-57.269287,5.157031],[-57.218457,5.231543],[-57.291895,5.373975],[-57.182129,5.528906],[-57.056641,5.938672],[-55.939551,5.795459],[-55.828174,5.96167],[-54.833691,5.98833],[-54.037402,5.720508],[-54.155957,5.358984]]]}},{"type":"Feature","geometry":{"type":"Polygon","coordinates":[[[33.976074,4.220215],[33.489355,3.755078],[32.838086,3.798486],[32.335742,3.706201],[32.135938,3.519727],[31.888281,3.709082],[31.547168,3.677588],[31.152344,3.785596],[30.838574,3.490723],[30.699902,3.644092],[30.553516,3.722949],[30.194922,3.981934],[29.779883,4.480957],[29.384863,4.498389],[28.939355,4.487061],[28.427539,4.32417],[28.19209,4.350244],[27.916602,4.56792],[27.719238,4.77832],[27.40332,5.10918],[27.229102,5.5625],[27.083398,5.776855],[26.593652,6.017529],[26.35332,6.344922],[26.28457,6.699023],[25.888965,7.064941],[25.190137,7.519336],[25.200391,7.80791],[24.456055,8.239453],[24.17998,8.461133],[24.160449,8.696289],[24.544824,8.914844],[24.659375,9.229932],[24.760352,9.488916],[24.817676,9.8396],[25.014844,10.175879],[25.211719,10.329932],[25.885254,10.346094],[26.000586,10.123437],[26.551367,9.52583],[27.074219,9.613818],[27.996289,9.378809],[28.839453,9.459082],[28.999609,9.610156],[29.557422,9.848291],[29.691016,10.121924],[30.739355,9.742676],[30.794922,9.74585],[31.154492,9.770947],[31.791992,10.383154],[32.404102,11.057764],[32.338867,11.314502],[32.343066,11.694287],[32.736719,12.009668],[32.723047,12.09292],[32.720117,12.188818],[32.718945,12.218848],[33.135059,11.941602],[33.106055,11.653857],[33.07334,11.606104],[33.164746,10.819189],[33.14082,10.737891],[33.459082,10.55083],[33.956836,10.054199],[33.949902,9.911133],[33.9625,9.855811],[33.867773,9.550342],[33.884863,9.466406],[34.078125,9.461523],[34.101562,8.751855],[34.019727,8.49209],[33.545313,8.443408],[33.165234,8.251074],[33.014648,7.868555],[33.516309,7.707764],[33.97793,7.43457],[34.200391,7.08457],[34.63877,6.722168],[34.897852,6.159814],[35.081934,5.673145],[35.084473,5.311865],[34.176855,4.419092],[33.976074,4.220215]]]}},{"type":"Feature","geometry":{"type":"Polygon","coordinates":[[[34.078125,9.461523],[33.884863,9.466406],[33.867773,9.550342],[33.9625,9.855811],[33.949902,9.911133],[33.956836,10.054199],[33.459082,10.55083],[33.14082,10.737891],[33.164746,10.819189],[33.07334,11.606104],[33.106055,11.653857],[33.135059,11.941602],[32.718945,12.218848],[32.720117,12.188818],[32.723047,12.09292],[32.736719,12.009668],[32.343066,11.694287],[32.338867,11.314502],[32.404102,11.057764],[31.791992,10.383154],[31.154492,9.770947],[30.794922,9.74585],[30.739355,9.742676],[29.691016,10.121924],[29.557422,9.848291],[28.999609,9.610156],[28.839453,9.459082],[27.996289,9.378809],[27.074219,9.613818],[26.551367,9.52583],[26.000586,10.123437],[25.885254,10.346094],[25.211719,10.329932],[25.014844,10.175879],[24.817676,9.8396],[24.760352,9.488916],[24.659375,9.229932],[24.544824,8.914844],[24.160449,8.696289],[23.679297,8.732471],[23.528027,8.970605],[23.596094,9.261914],[23.646289,9.8229],[23.255859,10.457812],[22.894824,11.029004],[22.849023,11.403271],[22.641016,11.515918],[22.564355,12.032959],[22.435254,12.311914],[22.233398,12.709473],[21.878125,12.699365],[21.907715,13.000977],[22.228125,13.32959],[22.15293,13.626416],[22.173145,13.910596],[22.388184,14.055518],[22.49834,14.237061],[22.399707,14.504199],[22.532031,14.662744],[22.679199,14.851465],[22.867188,15.096631],[22.933887,15.533105],[23.458008,15.713965],[23.965234,15.713428],[23.98291,16.374219],[23.981445,18.158496],[23.980273,19.621484],[24.226953,19.99585],[24.970215,19.997266],[24.979688,20.500928],[25.362305,21.995801],[26.89043,21.995557],[28.418555,21.995312],[29.94668,21.995117],[31.20918,21.994873],[31.464258,22.191504],[31.62168,21.99585],[32.934082,21.996094],[34.246484,21.996289],[35.558984,21.996484],[36.871387,21.996729],[37.211719,21.18584],[37.21748,21.077637],[37.172656,20.731982],[37.262598,19.791895],[37.531641,18.753125],[38.074023,18.409766],[38.283105,18.286719],[38.522852,17.938525],[38.37373,17.717334],[38.253516,17.584766],[38.098926,17.526465],[37.862988,17.470264],[37.656738,17.368262],[37.45293,17.108691],[37.169531,17.041406],[36.975781,16.866553],[36.905469,16.459521],[36.724512,15.798877],[36.426758,15.13208],[36.524316,14.256836],[36.346289,13.52627],[36.160156,13.093311],[36.10752,12.726465],[35.670215,12.62373],[35.252441,11.957031],[35.00791,11.419873],[34.931445,10.864795],[34.675,10.804932],[34.431445,10.787842],[34.31123,10.190869],[34.120313,9.729687],[34.078125,9.461523]]]}},{"type":"Feature","geometry":{"type":"MultiPolygon","coordinates":[[[[79.969531,9.630664],[79.906836,9.619824],[79.857422,9.686377],[79.845703,9.714648],[79.858594,9.734375],[79.872266,9.744336],[79.888477,9.741162],[79.911914,9.67915],[79.969531,9.630664]]],[[[79.874805,9.050732],[79.903711,8.975],[79.821094,9.026855],[79.766797,9.069775],[79.747656,9.10459],[79.859961,9.065723],[79.874805,9.050732]]],[[[79.982324,9.812695],[80.375977,9.642334],[80.935449,8.971484],[81.219238,8.608398],[81.333984,8.47207],[81.435938,8.118896],[81.68291,7.684473],[81.874121,7.28833],[81.767773,6.614307],[81.30625,6.203857],[80.267383,6.009766],[79.859375,6.829297],[79.712988,8.182324],[79.808887,8.05],[79.943652,8.741162],[80.099609,9.209961],[80.196094,9.538135],[80.42832,9.480957],[79.979492,9.699365],[79.982324,9.812695]]]]}},{"type":"Feature","geometry":{"type":"MultiPolygon","coordinates":[[[[1.593945,38.67207],[1.571191,38.658838],[1.50498,38.670996],[1.405762,38.670996],[1.401953,38.711426],[1.417188,38.739648],[1.436328,38.768213],[1.496875,38.711914],[1.592676,38.701465],[1.593945,38.67207]]],[[[3.145313,39.790088],[3.448926,39.76123],[3.292969,39.477051],[2.900098,39.368359],[2.700586,39.542139],[2.458789,39.530469],[2.784961,39.854834],[3.164453,39.924219],[3.158691,39.836572],[3.145313,39.790088]]],[[[4.293652,39.841846],[4.275293,39.830273],[3.967676,39.94585],[3.867188,39.95874],[3.842676,39.976367],[3.84541,40.036475],[3.853418,40.063037],[4.05918,40.075098],[4.225781,40.032373],[4.315137,39.917236],[4.32207,39.89751],[4.293652,39.841846]]],[[[1.445215,38.918701],[1.25625,38.973389],[1.564453,39.121045],[1.445215,38.918701]]],[[[-1.794043,43.407324],[-1.627148,43.282471],[-1.407324,43.197119],[-1.46084,43.051758],[-1.352734,43.064258],[-1.285449,43.059619],[-0.762646,42.939795],[-0.481152,42.799316],[-0.256055,42.803955],[-0.041162,42.689111],[0.377246,42.700146],[0.651758,42.800439],[1.010059,42.778955],[1.349414,42.690674],[1.430273,42.497852],[1.534082,42.441699],[1.859766,42.45708],[2.032715,42.353516],[2.567969,42.345801],[2.701855,42.408496],[2.97002,42.467236],[3.239844,42.367871],[3.166406,42.256494],[3.238086,42.082227],[2.310938,41.466504],[1.205859,41.097559],[0.796094,40.803809],[0.660059,40.61333],[0.158398,40.106592],[-0.328955,39.41709],[0.154883,38.824658],[-0.38125,38.435645],[-0.683203,37.992041],[-0.823096,37.711621],[-0.938086,37.571338],[-1.939307,36.94585],[-2.452832,36.831152],[-2.901855,36.743164],[-3.578809,36.739844],[-4.502246,36.62915],[-5.230518,36.373633],[-5.407227,36.158887],[-5.625488,36.025928],[-6.170459,36.333789],[-6.268945,36.596729],[-6.259424,36.898975],[-6.492432,36.954639],[-6.929492,37.214941],[-7.467187,37.428027],[-7.378906,37.786377],[-7.022852,38.044727],[-7.106396,38.181006],[-7.286377,38.649365],[-7.046045,38.907031],[-7.172412,39.135205],[-7.445117,39.536182],[-7.117676,39.681689],[-6.911182,39.937109],[-7.032617,40.16792],[-6.810156,40.343115],[-6.835693,40.483154],[-6.857715,40.87832],[-6.775781,41.107715],[-6.289355,41.455029],[-6.243115,41.601807],[-6.542187,41.67251],[-6.575342,41.913086],[-6.833203,41.96416],[-7.147119,41.981152],[-7.209619,41.895264],[-7.612598,41.857959],[-7.92085,41.883643],[-8.173535,41.819971],[-8.12998,42.018164],[-8.213086,42.133691],[-8.589648,42.052734],[-8.87832,41.946875],[-8.729199,42.287012],[-8.730029,42.411719],[-8.799902,42.599902],[-9.035059,42.662354],[-9.127197,42.865234],[-9.178076,43.174023],[-8.665625,43.316602],[-8.248926,43.439404],[-8.137158,43.629053],[-7.59458,43.727344],[-7.060986,43.553955],[-6.224121,43.603857],[-5.315723,43.553174],[-4.015332,43.463086],[-3.523633,43.511035],[-2.875049,43.454443],[-1.991309,43.345068],[-1.794043,43.407324]]],[[[-16.334473,28.379932],[-16.658008,28.007178],[-16.843066,28.376123],[-16.318994,28.558203],[-16.334473,28.379932]]],[[[-13.715967,28.91123],[-13.788184,29.056104],[-13.463574,29.237207],[-13.554688,28.960205],[-13.715967,28.91123]]],[[[-14.196777,28.169287],[-14.355566,28.129687],[-14.003369,28.706689],[-13.827148,28.691211],[-14.196777,28.169287]]],[[[-15.400586,28.147363],[-15.436768,27.810693],[-15.807324,27.887549],[-15.452783,28.136914],[-15.400586,28.147363]]],[[[-17.184668,28.021973],[-17.225391,28.013525],[-17.273926,28.038281],[-17.324902,28.117676],[-17.290332,28.176318],[-17.258594,28.203174],[-17.214355,28.199268],[-17.129639,28.155957],[-17.10376,28.111133],[-17.101074,28.083447],[-17.184668,28.021973]]],[[[-17.887939,27.80957],[-17.984766,27.646387],[-18.106592,27.707471],[-18.135937,27.72793],[-18.160547,27.761475],[-18.043359,27.768115],[-17.924512,27.850146],[-17.887939,27.80957]]],[[[-17.834277,28.493213],[-17.859375,28.485693],[-17.882129,28.5646],[-18.000781,28.758252],[-17.928809,28.84458],[-17.797559,28.846777],[-17.744531,28.786572],[-17.726562,28.724463],[-17.751611,28.688574],[-17.744385,28.616016],[-17.758008,28.569092],[-17.834277,28.493213]]]]}},{"type":"Feature","geometry":{"type":"MultiPolygon","coordinates":[[[[126.633887,37.781836],[126.754297,37.978955],[127.090332,38.283887],[127.579492,38.3125],[128.038965,38.308545],[128.279297,38.523779],[128.852441,37.887061],[129.426172,36.925537],[129.427148,36.385498],[129.403516,36.052148],[129.572852,36.050537],[129.329004,35.332764],[128.795703,35.093896],[128.418848,35.015674],[128.275977,34.910986],[127.976758,35.018701],[127.639355,34.889697],[127.632422,34.690234],[127.404297,34.823096],[127.401172,34.552539],[127.194922,34.605029],[127.030762,34.606885],[126.754785,34.511865],[126.508301,34.350635],[126.264453,34.673242],[126.50498,34.737549],[126.547949,34.836768],[126.327441,35.045117],[126.460449,35.455615],[126.564941,35.589746],[126.601562,35.714209],[126.647461,35.922412],[126.59707,36.105029],[126.551953,36.429688],[126.433008,36.678027],[126.160547,36.771924],[126.487012,37.007471],[126.83877,36.846094],[126.976855,36.939404],[126.776074,37.158203],[126.650293,37.447119],[126.563379,37.716504],[126.633887,37.781836]]],[[[128.741016,34.798535],[128.64668,34.736865],[128.519531,34.81958],[128.489258,34.865283],[128.585938,34.932275],[128.667969,35.008789],[128.721875,35.013574],[128.741016,34.798535]]],[[[128.06582,34.805859],[128.054688,34.708057],[127.983984,34.703223],[127.941797,34.76626],[127.896875,34.735498],[127.873438,34.734961],[127.838281,34.81333],[127.832227,34.874512],[127.91543,34.920996],[127.965625,34.893018],[128.037988,34.878613],[128.06582,34.805859]]],[[[126.233691,34.370508],[126.169727,34.355176],[126.133789,34.3896],[126.108594,34.39873],[126.122852,34.443945],[126.227051,34.532715],[126.247461,34.56333],[126.343848,34.544922],[126.379883,34.497949],[126.335449,34.426416],[126.233691,34.370508]]],[[[126.520703,37.736816],[126.516016,37.604687],[126.46084,37.610352],[126.42334,37.623633],[126.407227,37.649414],[126.369336,37.772021],[126.411621,37.822656],[126.493555,37.782568],[126.520703,37.736816]]],[[[126.753027,34.343994],[126.769922,34.296436],[126.689063,34.30542],[126.646094,34.351123],[126.651855,34.390332],[126.7,34.395898],[126.753027,34.343994]]],[[[127.799023,34.615039],[127.787793,34.584082],[127.737305,34.630908],[127.787109,34.682129],[127.799023,34.615039]]],[[[126.417578,36.492578],[126.403809,36.427881],[126.3375,36.470557],[126.318555,36.612549],[126.386621,36.571143],[126.417578,36.492578]]],[[[126.171973,34.731152],[126.158789,34.706982],[126.115234,34.714209],[126.070605,34.783057],[126.052051,34.837549],[126.00752,34.86748],[126.078418,34.914844],[126.168555,34.829687],[126.171973,34.731152]]],[[[130.916016,37.478467],[130.870605,37.44873],[130.816797,37.478467],[130.810254,37.509912],[130.838379,37.537207],[130.903711,37.553711],[130.934277,37.529736],[130.916016,37.478467]]],[[[126.326953,33.223633],[126.178711,33.282568],[126.695508,33.549316],[126.905371,33.382373],[126.326953,33.223633]]]]}},{"type":"Feature","geometry":{"type":"MultiPolygon","coordinates":[[[[29.364844,-22.193945],[30.19043,-22.291113],[31.073438,-22.307813],[31.300195,-22.478613],[31.531738,-23.279492],[31.675586,-23.674219],[31.858301,-24.040234],[31.98584,-24.460645],[31.987012,-25.263477],[31.92832,-25.885352],[31.64043,-25.867285],[31.207324,-25.843359],[30.80332,-26.413477],[30.806738,-26.785254],[31.274023,-27.238379],[31.946094,-27.173633],[32.081641,-26.824805],[32.477734,-26.858496],[32.849121,-27.080176],[32.375195,-28.498242],[31.891504,-28.912109],[31.02334,-29.900879],[30.288672,-30.970117],[29.48291,-31.674707],[28.214063,-32.769238],[27.077441,-33.521191],[25.805859,-33.737109],[25.477246,-34.028125],[24.827148,-34.168945],[23.585547,-33.985156],[22.735547,-34.010254],[21.788965,-34.372656],[21.060156,-34.364648],[20.529883,-34.463086],[19.85,-34.756641],[19.323242,-34.570801],[19.149121,-34.416895],[18.831348,-34.364063],[18.808789,-34.108203],[18.533887,-34.085938],[18.410352,-34.295605],[18.465039,-33.887793],[18.26123,-33.42168],[17.958398,-33.046387],[17.965234,-32.708594],[18.325293,-32.50498],[18.163672,-31.655176],[17.189063,-30.099805],[16.447559,-28.617578],[16.723047,-28.475488],[16.810156,-28.264551],[17.05625,-28.031055],[17.245801,-28.230859],[17.380273,-28.413965],[17.415723,-28.621094],[17.841602,-28.776953],[18.600391,-28.855273],[19.245801,-28.90166],[19.407227,-28.714453],[19.877832,-28.449414],[19.980469,-27.420703],[19.980469,-25.641602],[20.345215,-25.029883],[20.710742,-25.733203],[20.822656,-26.120605],[20.626758,-26.443848],[20.739844,-26.848828],[21.45498,-26.832813],[21.738086,-26.806836],[22.010938,-26.63584],[22.548633,-26.178418],[22.796094,-25.679102],[23.02207,-25.324121],[23.389258,-25.291406],[23.89375,-25.600879],[24.330566,-25.742871],[24.869238,-25.813477],[25.346191,-25.739941],[25.65918,-25.437891],[25.881836,-24.787988],[26.397168,-24.613574],[26.761133,-24.297168],[27.085547,-23.57793],[27.313379,-23.424219],[27.592676,-23.252637],[27.768555,-23.148926],[27.935059,-22.987012],[28.542871,-22.572949],[29.013477,-22.278418],[29.364844,-22.193945]],[[28.736914,-30.101953],[29.098047,-29.919043],[29.249219,-29.618848],[29.390723,-29.269727],[29.259766,-29.07832],[28.85625,-28.776074],[28.652637,-28.597852],[28.232617,-28.70127],[27.735547,-28.940039],[27.491016,-29.276563],[27.294531,-29.519336],[27.051758,-29.664062],[27.239746,-30.015332],[27.364063,-30.279199],[27.491992,-30.363965],[27.666602,-30.542285],[28.056836,-30.631055],[28.176172,-30.409863],[28.499609,-30.128906],[28.736914,-30.101953]]],[[[37.856934,-46.944238],[37.813965,-46.962891],[37.611816,-46.946484],[37.590039,-46.908008],[37.649707,-46.848926],[37.684863,-46.824023],[37.789551,-46.8375],[37.872852,-46.885449],[37.887695,-46.90166],[37.856934,-46.944238]]]]}},{"type":"Feature","geometry":{"type":"Polygon","coordinates":[[[41.532715,-1.695312],[41.249805,-1.220508],[40.976562,-0.307324],[40.965039,2.642334],[41.341797,3.20166],[41.915332,4.031299],[42.791602,4.291992],[43.016016,4.56333],[43.583496,4.85498],[44.028125,4.950977],[44.940527,4.912012],[45.934961,5.997217],[46.971191,7.026025],[47.978223,7.99707],[48.616602,8.9646],[48.938281,9.807617],[48.938477,10.982324],[49.64209,11.450928],[50.635938,11.943799],[51.231836,11.74502],[51.122266,11.076758],[51.093848,10.488525],[51.188281,10.479736],[51.369141,10.475244],[51.208789,10.431055],[50.87373,9.92417],[50.637988,9.109277],[50.102832,8.199805],[49.57002,7.296973],[49.049316,6.173633],[47.511426,3.968262],[44.920215,1.810156],[43.467676,0.621631],[42.465625,-0.456543],[41.979883,-0.973047],[41.732227,-1.430078],[41.532715,-1.695312]]]}},{"type":"Feature","geometry":{"type":"Polygon","coordinates":[[[48.938574,11.258447],[48.938281,9.973486],[48.793555,9.232715],[48.126758,8.222168],[46.978223,7.99707],[45.863281,8.379883],[44.632031,8.786084],[43.826758,9.150781],[43.394336,9.480273],[43.068945,9.926221],[42.816406,10.257373],[42.656445,10.6],[42.862891,10.903223],[43.159375,11.365723],[43.852734,10.784277],[44.942969,10.436719],[46.024512,10.793701],[46.973438,10.925391],[47.7125,11.112012],[48.674414,11.322656],[48.938574,11.258447]]]}},{"type":"Feature","geometry":{"type":"MultiPolygon","coordinates":[[[[159.687695,-8.50791],[159.640039,-8.521484],[159.569238,-8.484766],[159.538477,-8.451367],[159.553223,-8.399219],[159.594629,-8.379492],[159.641602,-8.414453],[159.646289,-8.450391],[159.687695,-8.50791]]],[[[166.929199,-11.665137],[166.84082,-11.681348],[166.805957,-11.677344],[166.747461,-11.59082],[166.790918,-11.571289],[166.855469,-11.578809],[166.875098,-11.629688],[166.929199,-11.665137]]],[[[166.133203,-10.757812],[165.904004,-10.851465],[165.79043,-10.756055],[166.023828,-10.661133],[166.133203,-10.757812]]],[[[160.57627,-11.797852],[160.355078,-11.711914],[160.087109,-11.594336],[160,-11.471973],[160.57627,-11.797852]]],[[[161.547852,-9.625684],[161.558887,-9.732715],[161.553809,-9.769727],[161.47793,-9.691113],[161.44248,-9.718945],[161.409766,-9.681641],[161.412012,-9.600391],[161.416992,-9.51377],[161.402246,-9.448145],[161.36416,-9.353418],[161.406836,-9.368457],[161.547852,-9.625684]]],[[[159.188574,-9.123535],[159.175098,-9.125977],[159.128125,-9.11377],[159.071094,-9.109668],[159.036328,-9.075],[159.077637,-9.025391],[159.129785,-8.993066],[159.153711,-9.001367],[159.176074,-9.02207],[159.228418,-9.02998],[159.233984,-9.09375],[159.188574,-9.123535]]],[[[160.168164,-8.995508],[160.40752,-9.140332],[160.268164,-9.163184],[160.096289,-9.033984],[160.168164,-8.995508]]],[[[157.763477,-8.242188],[157.833691,-8.572656],[157.587891,-8.44541],[157.351367,-8.275293],[157.228516,-8.211621],[157.490625,-7.965723],[157.763477,-8.242188]]],[[[158.200781,-8.821973],[158.178809,-8.825781],[158.155371,-8.785938],[158.209961,-8.678125],[158.236328,-8.764844],[158.253418,-8.797363],[158.200781,-8.821973]]],[[[158.10791,-8.68418],[157.898438,-8.587207],[157.998438,-8.508203],[158.089648,-8.622656],[158.10791,-8.68418]]],[[[157.388965,-8.713477],[157.389063,-8.728125],[157.333887,-8.7],[157.212305,-8.565039],[157.233789,-8.519922],[157.345117,-8.432422],[157.379492,-8.420898],[157.410938,-8.475098],[157.383496,-8.555078],[157.34707,-8.575488],[157.332227,-8.650684],[157.388965,-8.713477]]],[[[156.687891,-7.923047],[156.611719,-7.805762],[156.639648,-7.612598],[156.708008,-7.876953],[156.687891,-7.923047]]],[[[156.603906,-8.171582],[156.591699,-8.196289],[156.539648,-8.072949],[156.542285,-8.01084],[156.55127,-7.970996],[156.570312,-7.958789],[156.612402,-8.096191],[156.603906,-8.171582]]],[[[157.171875,-8.108105],[157.15,-8.123242],[157.041211,-8.11748],[156.958301,-8.014355],[156.958984,-7.937988],[157.024121,-7.867871],[157.102734,-7.855469],[157.145801,-7.882617],[157.186133,-7.941211],[157.200586,-8.015918],[157.191504,-8.081836],[157.171875,-8.108105]]],[[[155.839844,-7.097168],[155.739355,-7.121094],[155.677539,-7.088965],[155.70498,-7.012695],[155.738965,-6.972949],[155.864648,-7.043262],[155.839844,-7.097168]]],[[[157.64541,-8.758887],[157.643164,-8.794043],[157.58584,-8.783105],[157.45791,-8.730176],[157.453516,-8.705957],[157.526367,-8.69707],[157.579297,-8.703711],[157.623242,-8.73457],[157.64541,-8.758887]]],[[[159.750391,-9.272656],[160.525195,-9.53623],[160.794336,-9.767383],[160.649219,-9.928613],[159.853711,-9.791504],[159.621875,-9.532129],[159.686328,-9.268652],[159.750391,-9.272656]]],[[[159.879102,-8.534277],[159.354102,-8.260449],[158.944043,-8.040723],[158.68623,-7.818066],[158.457422,-7.544727],[159.010547,-7.837402],[159.367676,-7.994141],[159.848633,-8.463477],[159.879102,-8.534277]]],[[[157.486719,-7.330371],[157.317285,-7.359375],[156.904297,-7.180469],[156.452539,-6.638281],[157.030273,-6.891992],[157.336133,-7.280469],[157.486719,-7.330371]]],[[[160.749414,-8.313965],[160.944336,-8.799023],[161.204688,-9.09248],[161.367969,-9.490332],[161.191016,-9.392871],[160.77207,-8.963867],[160.596289,-8.328223],[160.749414,-8.313965]]],[[[161.715332,-10.387305],[162.105371,-10.453809],[162.37334,-10.823242],[162.042676,-10.784863],[161.539258,-10.491309],[161.293945,-10.326465],[161.475684,-10.237988],[161.715332,-10.387305]]]]}},{"type":"Feature","geometry":{"type":"Polygon","coordinates":[[[22.538672,49.072705],[22.389453,48.873486],[22.131836,48.405322],[21.674609,48.378369],[21.563184,48.495703],[21.196387,48.510596],[20.643164,48.549707],[20.128613,48.222021],[19.70918,48.199805],[19.466992,48.110693],[18.750098,47.939453],[18.724219,47.787158],[17.761914,47.770166],[17.301563,47.993359],[17.085938,48.039551],[16.862695,48.441406],[16.953125,48.598828],[17.188477,48.860937],[17.758496,48.888135],[17.940723,49.011963],[18.109961,49.179785],[18.383105,49.363916],[18.596484,49.491455],[18.832227,49.510791],[19.149414,49.4],[19.441602,49.597705],[19.62666,49.424365],[19.773926,49.372168],[19.756641,49.204395],[20.057617,49.181299],[20.302539,49.365527],[20.474512,49.390186],[20.799512,49.328662],[21.079395,49.418262],[21.639648,49.411963],[22.002148,49.246094],[22.538672,49.072705]]]}},{"type":"Feature","geometry":{"type":"Polygon","coordinates":[[[16.516211,46.499902],[16.258398,46.50791],[16.106445,46.382227],[15.847559,46.257861],[15.608984,46.171924],[15.675586,45.983691],[15.454102,45.797607],[15.356934,45.645508],[15.32666,45.502295],[14.95459,45.499902],[14.733594,45.508496],[14.568848,45.657227],[14.369922,45.481445],[13.992773,45.509424],[13.878711,45.428369],[13.719824,45.587598],[13.831152,45.68042],[13.569629,45.834131],[13.487695,45.987109],[13.616602,46.133105],[13.491797,46.216602],[13.378223,46.261621],[13.637109,46.448535],[13.831348,46.51123],[14.267285,46.440723],[14.549805,46.399707],[14.756738,46.499121],[14.949414,46.613232],[15.545313,46.654639],[15.957617,46.677637],[16.037207,46.844824],[16.318457,46.78252],[16.38125,46.638672],[16.516211,46.499902]]]}},{"type":"Feature","geometry":{"type":"Polygon","coordinates":[[[103.969727,1.331445],[103.819922,1.265381],[103.650195,1.325537],[103.705273,1.423437],[103.817969,1.44707],[103.908984,1.415967],[103.96084,1.392236],[103.996387,1.365234],[103.969727,1.331445]]]}},{"type":"Feature","geometry":{"type":"MultiPolygon","coordinates":[[[[-10.283203,8.485156],[-10.389551,8.157617],[-10.647461,7.759375],[-11.0854,7.398584],[-11.454541,6.951221],[-11.929199,7.183545],[-12.432715,7.54502],[-12.570215,7.700586],[-12.880957,7.856641],[-13.148975,8.2146],[-13.20332,8.484277],[-12.912939,8.581543],[-13.088232,8.625732],[-13.226172,8.765967],[-13.153711,8.897705],[-13.178369,9.060889],[-12.998633,9.146924],[-12.684424,9.48418],[-12.589844,9.671143],[-12.427979,9.898145],[-11.911084,9.993018],[-11.205664,9.977734],[-10.963086,9.661621],[-10.682715,9.289355],[-10.747021,9.095264],[-10.605615,8.867578],[-10.628467,8.52998],[-10.686963,8.32168],[-10.496436,8.362109],[-10.283203,8.485156]]],[[[-12.526074,7.436328],[-12.540625,7.410254],[-12.607178,7.474512],[-12.951611,7.57085],[-12.854395,7.622021],[-12.615234,7.637207],[-12.544189,7.607373],[-12.5125,7.582422],[-12.500635,7.535107],[-12.526074,7.436328]]]]}},{"type":"Feature","geometry":{"type":"Polygon","coordinates":[[[55.540332,-4.693066],[55.542969,-4.785547],[55.494727,-4.75459],[55.48125,-4.694824],[55.416797,-4.650293],[55.383398,-4.609277],[55.455762,-4.558789],[55.540332,-4.693066]]]}},{"type":"Feature","geometry":{"type":"Polygon","coordinates":[[[21.360059,44.82666],[21.740234,44.680664],[22.200977,44.560693],[22.720898,44.605518],[22.554004,44.540332],[22.581836,44.33833],[22.705078,44.237793],[22.597461,44.075293],[22.36543,43.862109],[22.436328,43.665479],[22.696973,43.391064],[22.976855,43.187988],[22.856836,43.018262],[22.522754,42.870312],[22.463281,42.709473],[22.532422,42.481201],[22.344043,42.313965],[22.14668,42.325],[21.853027,42.308398],[21.5625,42.24751],[21.609863,42.387451],[21.75293,42.669824],[21.403027,42.831543],[21.127051,43.043018],[20.844434,43.173437],[20.763379,43.258594],[20.637598,43.130371],[20.475098,42.953027],[20.344336,42.82793],[20.167871,42.968506],[19.670996,43.163965],[19.298242,43.413965],[19.194336,43.533301],[19.399609,43.567578],[19.488184,43.703564],[19.268066,43.983447],[19.549512,43.987109],[19.430176,44.154492],[19.12832,44.330273],[19.151367,44.527344],[19.356836,44.858545],[19.131543,44.899609],[19.00957,44.919385],[19.1,44.973779],[19.136914,45.19624],[19.400977,45.189062],[19.330273,45.268066],[19.007617,45.46582],[18.953711,45.558008],[18.839063,45.835742],[18.927832,45.931396],[19.087305,46.016162],[19.330273,46.028516],[19.530762,46.155176],[19.934082,46.161475],[20.301367,46.050684],[20.581152,45.869482],[20.746875,45.748975],[20.779297,45.662012],[20.772461,45.500098],[20.941797,45.365332],[21.226465,45.241309],[21.490234,45.1479],[21.420703,45.032959],[21.357031,44.990771],[21.533203,44.918848],[21.384375,44.870068],[21.360059,44.82666]]]}},{"type":"Feature","geometry":{"type":"Polygon","coordinates":[[[-12.280615,14.809033],[-12.175244,14.37666],[-12.011182,14.071826],[-11.966357,13.828955],[-11.95708,13.510889],[-11.831689,13.31582],[-11.674463,13.382373],[-11.548779,13.170264],[-11.390381,12.941992],[-11.450586,12.557715],[-11.456738,12.417578],[-12.042383,12.398047],[-12.457373,12.378369],[-12.797314,12.451904],[-12.985645,12.49165],[-13.064404,12.581055],[-13.228076,12.6396],[-14.064844,12.675293],[-15.196094,12.679932],[-16.144189,12.457422],[-16.521338,12.348633],[-16.784863,12.47251],[-16.488086,12.581836],[-16.548828,12.663818],[-16.701416,12.603174],[-16.758984,12.702344],[-16.704541,13.119727],[-16.033057,13.15835],[-15.657324,13.355811],[-15.212109,13.485059],[-15.024609,13.51333],[-14.671924,13.351709],[-13.84751,13.335303],[-14.146973,13.536133],[-14.405469,13.503711],[-14.766016,13.669092],[-15.269531,13.789111],[-16.001611,13.592773],[-16.647852,13.770996],[-16.6396,14.007471],[-16.791748,14.00415],[-17.079395,14.483057],[-17.418457,14.723486],[-17.147168,14.922021],[-16.502051,15.917334],[-16.358105,16.307178],[-16.113281,16.540137],[-15.620801,16.506592],[-15.121436,16.603613],[-15.021924,16.647461],[-14.786719,16.645898],[-13.975049,16.311133],[-13.809814,16.138037],[-13.623535,16.118311],[-13.486963,16.097021],[-13.297021,15.853857],[-13.105273,15.571777],[-12.994336,15.504883],[-12.862646,15.262402],[-12.735254,15.13125],[-12.408691,14.889014],[-12.280615,14.809033]]]}},{"type":"Feature","geometry":{"type":"MultiPolygon","coordinates":[[[[36.90166,25.383057],[36.72207,25.534033],[36.554102,25.645361],[36.954785,25.414648],[36.90166,25.383057]]],[[[41.987695,16.715625],[42.059961,16.803516],[42.127734,16.594824],[41.96416,16.653467],[41.816113,16.860156],[41.917285,16.993652],[41.94668,16.748926],[41.987695,16.715625]]],[[[51.977637,18.996143],[50.95,18.857861],[49.74209,18.695312],[48.864844,18.495215],[48.02168,17.976953],[47.57959,17.44834],[47.25127,16.993945],[46.778516,17.212109],[46.310352,17.231299],[45.406543,17.319775],[44.946484,17.42959],[44.155957,17.398535],[43.916992,17.324707],[43.653418,17.421875],[43.417969,17.51626],[43.186328,17.324707],[43.135938,17.112988],[43.184473,16.811816],[43.060742,16.586621],[42.789844,16.451562],[42.647461,16.801367],[42.383301,17.122461],[41.75,17.885742],[41.229492,18.678418],[41.116016,19.082178],[40.777051,19.716895],[40.080664,20.265918],[39.491211,20.737012],[39.14707,21.518994],[39.021191,22.033447],[39.062012,22.592187],[38.88291,22.882031],[38.757031,23.194287],[38.288867,23.910986],[37.820996,24.1875],[37.430957,24.459033],[37.266309,24.960059],[36.920703,25.641162],[36.675195,26.038867],[36.032031,26.881006],[35.423828,27.733789],[34.72207,28.130664],[34.779883,28.507324],[35.33916,29.294092],[36.068457,29.200537],[36.703906,29.831641],[37.469238,29.995068],[37.649902,30.330957],[37.812988,30.669287],[37.105273,31.355176],[37.773828,31.696338],[38.962305,31.994922],[39.704102,32.042529],[40.808398,31.725439],[41.799707,31.220361],[42.857715,30.495215],[44.099609,29.619336],[45.050293,29.16709],[46.531445,29.09624],[47.433203,28.989551],[47.671289,28.533154],[48.44248,28.54292],[48.77373,27.959082],[48.797168,27.724316],[49.2375,27.492725],[49.537695,27.151758],[50.134668,26.659521],[50.011328,26.608789],[50.213867,26.308496],[50.053906,26.122852],[50.189648,25.755811],[50.508496,25.306689],[50.804395,24.789258],[51.022754,24.565234],[51.338477,24.564355],[51.309863,24.340381],[51.568359,24.286182],[51.629297,24.03501],[51.849414,23.772998],[52.069434,23.510986],[52.289551,23.248975],[52.50957,22.986963],[52.741602,22.91001],[53.394043,22.830322],[54.270117,22.72334],[54.922461,22.643652],[55.119434,22.623926],[55.403809,22.367822],[55.607422,21.900391],[55.460938,21.457617],[55.314453,21.014795],[55.168066,20.572021],[55.021484,20.129248],[54.527051,19.845801],[53.838867,19.616504],[53.150781,19.387158],[52.462695,19.157812],[51.977637,18.996143]]],[[[36.595508,25.712793],[36.586133,25.699219],[36.543945,25.734277],[36.546484,25.811621],[36.582715,25.855518],[36.579883,25.79541],[36.595605,25.734863],[36.595508,25.712793]]]]}},{"type":"Feature","geometry":{"type":"MultiPolygon","coordinates":[[[[7.423828,1.567725],[7.386621,1.541553],[7.342383,1.563574],[7.330664,1.603369],[7.387598,1.680176],[7.414453,1.699121],[7.437012,1.683057],[7.450391,1.661963],[7.452344,1.631104],[7.423828,1.567725]]],[[[6.659961,0.120654],[6.556836,0.047363],[6.519727,0.066309],[6.496973,0.117383],[6.468164,0.227344],[6.477539,0.280127],[6.524316,0.340283],[6.625879,0.400244],[6.686914,0.404395],[6.749805,0.325635],[6.75,0.243457],[6.659961,0.120654]]]]}},{"type":"Feature","geometry":{"type":"Polygon","coordinates":[[[12.485254,43.901416],[12.426367,43.894092],[12.396875,43.93457],[12.441113,43.982422],[12.503711,43.989746],[12.514648,43.952979],[12.485254,43.901416]]]}},{"type":"Feature","geometry":{"type":"MultiPolygon","coordinates":[[[[-172.333496,-13.465234],[-172.330859,-13.774707],[-172.744092,-13.578711],[-172.333496,-13.465234]]],[[[-171.454102,-14.046484],[-172.028076,-13.906836],[-171.603906,-13.879199],[-171.449561,-14.022461],[-171.454102,-14.046484]]]]}},{"type":"Feature","geometry":{"type":"MultiPolygon","coordinates":[[[[-61.174512,13.158105],[-61.203906,13.142285],[-61.277295,13.20957],[-61.268457,13.287695],[-61.224072,13.330664],[-61.182129,13.355957],[-61.138965,13.35874],[-61.124023,13.294043],[-61.134521,13.202881],[-61.174512,13.158105]]],[[[-61.226221,12.994629],[-61.247266,12.983643],[-61.276953,12.997363],[-61.245947,13.012695],[-61.201172,13.052539],[-61.19375,13.038281],[-61.226221,12.994629]]],[[[-61.334375,12.695215],[-61.339746,12.703613],[-61.326807,12.734814],[-61.320117,12.715527],[-61.334375,12.695215]]]]}},{"type":"Feature","geometry":{"type":"Polygon","coordinates":[[[-60.895215,13.821973],[-60.951416,13.717578],[-61.060645,13.783105],[-61.073145,13.865576],[-61.063574,13.915576],[-60.99668,14.010937],[-60.94458,14.072852],[-60.908105,14.093359],[-60.886768,14.011133],[-60.895215,13.821973]]]}},{"type":"Feature","geometry":{"type":"MultiPolygon","coordinates":[[[[-62.532227,17.121875],[-62.582422,17.100586],[-62.624902,17.12959],[-62.615283,17.199121],[-62.574707,17.201025],[-62.53418,17.170117],[-62.532227,17.121875]]],[[[-62.630664,17.23999],[-62.838916,17.339258],[-62.794629,17.402588],[-62.630664,17.23999]]]]}},{"type":"Feature","geometry":{"type":"Polygon","coordinates":[[[29.576953,-1.387891],[29.881641,-1.451758],[30.101562,-1.368652],[30.320508,-1.113086],[30.509961,-1.067285],[30.631934,-1.36748],[30.827539,-1.693652],[30.876563,-2.143359],[30.7625,-2.37168],[30.553613,-2.400098],[30.270996,-2.347852],[30.117285,-2.416602],[29.912402,-2.548633],[29.698047,-2.794727],[29.349805,-2.791504],[29.063184,-2.602539],[28.893945,-2.635059],[28.912695,-2.370313],[29.148047,-2.131836],[29.196582,-1.719922],[29.467969,-1.468066],[29.576953,-1.387891]]]}},{"type":"Feature","geometry":{"type":"MultiPolygon","coordinates":[[[[145.881543,43.459521],[145.941113,43.445459],[145.893945,43.419824],[145.869141,43.457861],[145.881543,43.459521]]],[[[146.358789,43.625391],[146.332324,43.619922],[146.288184,43.625391],[146.273828,43.629834],[146.283691,43.638623],[146.310156,43.651855],[146.333301,43.647461],[146.349805,43.644141],[146.358789,43.625391]]],[[[146.045605,43.409326],[146.032324,43.407129],[146.028027,43.420361],[146.048926,43.433594],[146.088574,43.449023],[146.100781,43.440186],[146.086328,43.429199],[146.069922,43.421484],[146.045605,43.409326]]],[[[137.178613,55.100439],[137.055273,54.926758],[136.969434,54.923975],[136.902734,54.960645],[136.765137,54.946045],[136.714648,54.956152],[136.795313,55.009375],[136.995703,55.092725],[137.077539,55.091748],[137.156055,55.107813],[137.178613,55.100439]]],[[[150.589941,59.01875],[150.511133,59.007422],[150.471777,59.034766],[150.470215,59.054053],[150.59248,59.097217],[150.666211,59.160156],[150.712695,59.122461],[150.727734,59.095215],[150.589941,59.01875]]],[[[120.261328,73.089844],[120.00791,73.044873],[119.79209,73.04541],[119.64043,73.124316],[119.761914,73.155469],[119.964453,73.167676],[120.078516,73.156738],[120.236816,73.107275],[120.261328,73.089844]]],[[[124.542969,73.850098],[124.481738,73.8479],[124.366406,73.874609],[124.335742,73.910303],[124.336523,73.928369],[124.429688,73.943018],[124.547656,73.933838],[124.636914,73.900391],[124.65293,73.888037],[124.542969,73.850098]]],[[[106.27041,78.206201],[106.350586,78.272607],[106.719629,78.294189],[106.472461,78.24502],[106.27041,78.206201]]],[[[107.414746,77.242676],[107.302246,77.241504],[107.269531,77.289014],[107.366406,77.346631],[107.486426,77.347119],[107.593652,77.330029],[107.629297,77.319678],[107.664551,77.299805],[107.679492,77.268262],[107.414746,77.242676]]],[[[97.588379,76.599365],[97.535254,76.584424],[97.430371,76.590723],[97.341699,76.628857],[97.310352,76.6896],[97.381641,76.706689],[97.588379,76.599365]]],[[[96.853906,76.19917],[96.740234,76.257861],[96.990234,76.343408],[96.853906,76.19917]]],[[[100.135938,79.614209],[99.91543,79.601611],[99.942285,79.671436],[99.955762,79.690332],[100.068359,79.701025],[100.141504,79.683691],[100.300293,79.670264],[100.135938,79.614209]]],[[[76.756055,73.445801],[76.659375,73.439502],[76.234473,73.476221],[76.083105,73.523486],[76.139551,73.554297],[76.250684,73.555273],[76.756055,73.445801]]],[[[82.709961,74.090869],[82.612793,74.056445],[82.478125,74.075781],[82.381543,74.099219],[82.329395,74.131104],[82.382422,74.149268],[82.525586,74.161426],[82.611035,74.148535],[82.688965,74.11123],[82.709961,74.090869]]],[[[84.758984,74.459424],[84.710449,74.399805],[84.428906,74.430322],[84.389453,74.454443],[84.540332,74.49043],[84.679883,74.512354],[84.872852,74.515527],[84.758984,74.459424]]],[[[86.653125,74.981299],[87.124316,74.939893],[86.390527,74.850879],[86.605469,74.992822],[86.653125,74.981299]]],[[[59.313086,81.305225],[59.096973,81.292285],[58.719043,81.313525],[58.610156,81.337256],[58.634473,81.360352],[58.880566,81.391846],[59.075,81.397705],[59.280859,81.366113],[59.374609,81.325049],[59.313086,81.305225]]],[[[-179.798535,68.94043],[-179.355957,68.852979],[-178.538525,68.585645],[-178.692627,68.545996],[-178.048682,68.388428],[-177.796777,68.337988],[-178.249854,68.541406],[-177.639355,68.241211],[-177.297412,68.22251],[-175.309863,67.602051],[-175.374707,67.357373],[-175.002686,67.4375],[-174.93042,67.203467],[-174.783643,66.916797],[-174.864258,66.613135],[-174.477734,66.492188],[-174.366064,66.34834],[-174.017725,66.38252],[-173.955469,66.286768],[-173.842529,66.488281],[-174.231592,66.631885],[-174.018848,66.827393],[-174.283545,67.001563],[-174.554492,67.063037],[-173.679688,67.144775],[-173.167627,67.052246],[-173.347363,66.851367],[-173.228271,66.968555],[-172.962598,66.942139],[-172.582959,66.977832],[-172.447314,66.991748],[-171.56958,66.818701],[-170.555664,66.357227],[-170.604443,66.248926],[-170.246973,66.271875],[-169.888818,66.163477],[-169.891699,66.006104],[-170.401025,65.928516],[-170.560986,65.65625],[-171.118994,65.69502],[-171.451172,65.794238],[-171.054248,65.549951],[-171.36377,65.527197],[-171.947168,65.507959],[-172.282275,65.582324],[-172.719189,65.692432],[-172.391992,65.474561],[-172.211572,65.425195],[-172.573145,65.228223],[-172.223682,65.128711],[-172.592822,64.907959],[-173.066211,64.847168],[-172.801074,64.790527],[-172.889062,64.664014],[-172.616113,64.577881],[-172.37876,64.431543],[-172.755957,64.459961],[-172.915869,64.369434],[-173.275488,64.289648],[-173.309326,64.487451],[-173.603613,64.365479],[-174.001367,64.448975],[-174.830469,64.775977],[-175.395117,64.802393],[-175.715869,64.946094],[-175.856152,65.232812],[-176.922119,65.601367],[-177.698633,65.489697],[-178.525928,65.593018],[-178.558545,65.754004],[-178.939063,66.032764],[-178.693799,66.124219],[-178.526563,66.401562],[-178.868115,66.187061],[-179.106885,66.346094],[-179.293164,66.305078],[-179.422656,66.141064],[-179.783643,66.017969],[-179.449072,65.687842],[-179.45166,65.445312],[-180,65.067236],[-180,66.046289],[-180,67.025342],[-180,68.004395],[-179.999951,68.983447],[-179.798535,68.94043]]],[[[130.687305,42.302539],[130.554102,42.474707],[130.520605,42.674316],[130.452734,42.75542],[130.80332,42.856836],[131.068555,42.902246],[131.135547,43.097607],[131.257324,43.378076],[131.182422,43.505566],[131.213281,44.00293],[131.060645,44.659668],[131.033008,44.888867],[131.446875,44.984033],[131.654004,45.205371],[131.909277,45.27373],[132.362988,45.159961],[132.838672,45.061133],[133.113477,45.130713],[133.266992,45.545264],[133.465625,45.651221],[133.513086,45.878809],[133.685742,46.008936],[133.832813,46.224268],[133.902734,46.366943],[134.022656,46.713184],[134.086426,46.978125],[134.162988,47.25874],[134.29082,47.413574],[134.541895,47.485156],[134.752344,47.71543],[134.566016,48.02251],[134.680859,48.210449],[134.334961,48.368848],[133.671777,48.207715],[133.144043,48.105664],[132.707227,47.947266],[132.380176,47.729492],[131.464258,47.722607],[130.961914,47.709326],[130.732617,48.019238],[130.763477,48.388428],[130.552148,48.60249],[130.355273,48.866357],[129.671094,49.278516],[129.440723,49.389453],[129.248438,49.378662],[129.020313,49.419238],[128.791016,49.541846],[128.237109,49.559277],[127.690137,49.716748],[127.491797,49.975049],[127.337207,50.350146],[127.308203,50.494189],[127.198242,50.829443],[126.887695,51.230127],[126.827344,51.412256],[126.70918,51.566309],[126.510547,51.92583],[126.391504,52.214502],[126.341699,52.362012],[126.194434,52.519141],[126.023242,52.643018],[126.048145,52.739453],[125.782813,52.890723],[125.691699,53.003711],[125.422461,53.08374],[124.906641,53.172656],[124.465918,53.229639],[124.154297,53.358691],[123.559766,53.52666],[123.30957,53.555615],[122.51582,53.456982],[121.743945,53.383594],[120.421289,52.968066],[120.067578,52.63291],[120.656152,52.56665],[120.744531,52.205469],[120.237012,51.722998],[119.756641,51.179492],[119.512305,50.863135],[119.280664,50.560986],[119.191895,50.379834],[119.259863,50.066406],[118.451563,49.844482],[117.698438,49.53584],[116.888965,49.737793],[116.351172,49.978076],[115.795215,49.905908],[115.365039,49.911768],[114.87959,50.183057],[114.386328,50.255469],[113.881152,50.101123],[113.319043,49.874316],[112.914844,49.569238],[112.375195,49.5146],[111.735547,49.397754],[111.336621,49.355859],[110.631055,49.137598],[110.199902,49.17041],[109.453711,49.296338],[108.613672,49.322803],[108.098047,49.562646],[107.936719,49.691016],[107.916602,49.947803],[107.233301,49.989404],[106.853711,50.248291],[106.217871,50.30459],[105.692578,50.41416],[105.185938,50.42959],[104.596387,50.317187],[104.179688,50.169434],[103.802637,50.176074],[103.421191,50.187061],[103.039453,50.300635],[102.546289,50.461328],[102.288379,50.585107],[102.276563,50.768701],[102.210254,50.974316],[102.160059,51.26084],[101.821191,51.421045],[101.304492,51.474756],[100.710742,51.661572],[100.03457,51.737109],[99.612891,51.892529],[99.091406,52.034863],[98.848633,52.070068],[98.352734,51.717627],[98.219922,51.505615],[97.98916,51.377051],[97.917871,51.217871],[97.856152,50.943359],[97.961914,50.769141],[98.14502,50.568555],[98.277344,50.422998],[98.121973,50.106592],[97.853906,49.946777],[97.589355,49.911475],[97.208594,49.730811],[96.985742,49.882812],[96.543262,49.892529],[96.315039,49.901123],[96.018555,49.998779],[95.851953,50.012939],[95.522656,49.91123],[95.166211,49.943848],[94.930273,50.04375],[94.614746,50.02373],[94.400195,50.179639],[94.287012,50.511377],[93.79541,50.577637],[93.386816,50.608496],[93.009863,50.654541],[92.856445,50.789111],[92.62666,50.688281],[92.354785,50.86416],[92.192383,50.700586],[91.706348,50.665527],[91.446484,50.522168],[91.233789,50.452393],[90.838086,50.32373],[90.516895,50.21333],[90.103711,50.10332],[89.878027,49.953516],[89.669531,49.750488],[89.395605,49.611523],[89.17998,49.532227],[88.94541,49.507666],[88.831641,49.448437],[88.544336,49.482568],[88.192578,49.451709],[88.028516,49.219775],[87.814258,49.162305],[87.51582,49.122412],[87.296875,49.147656],[87.000977,49.287305],[86.626465,49.562695],[86.728711,49.748682],[86.417969,49.638477],[86.092969,49.505469],[85.880469,49.556543],[85.232617,49.61582],[85.000781,49.894141],[84.924023,50.087988],[84.400977,50.23916],[84.175977,50.520557],[83.859766,50.818018],[83.27373,50.99458],[82.919043,50.893115],[82.611719,50.771484],[82.098047,50.71084],[81.465918,50.739844],[81.410156,50.909766],[81.071484,50.96875],[81.127246,51.191064],[80.877344,51.281445],[80.605469,51.224219],[80.421484,51.136377],[80.345215,50.919092],[80.086328,50.83999],[79.859668,50.955469],[79.14873,51.868115],[78.198047,52.929688],[77.704395,53.37915],[76.575684,53.942529],[76.42207,54.113525],[76.788965,54.321875],[76.53916,54.351074],[75.880664,54.167969],[75.398145,54.068506],[75.052148,53.826709],[74.681445,53.754395],[74.402734,53.504443],[74.068652,53.611426],[73.469922,53.468896],[73.326855,53.543164],[73.554199,53.868311],[73.666406,54.063477],[73.380664,53.962842],[72.914062,54.107324],[72.564258,54.09043],[72.530273,53.975781],[72.387305,54.123047],[72.105371,54.308447],[71.677148,54.178027],[71.152148,54.364062],[71.12627,54.715039],[70.738086,55.305176],[70.293359,55.183594],[69.870215,55.245654],[68.977246,55.3896],[68.438477,55.194434],[68.244043,55.052441],[67.939941,54.953711],[67.257324,54.828809],[66.222656,54.667383],[65.476953,54.623291],[65.237402,54.516064],[64.99541,54.36875],[64.525098,54.362158],[64.037402,54.279736],[63.701367,54.243213],[63.191309,54.171045],[62.588281,54.044434],[61.985645,53.954395],[61.231055,54.019482],[61.113184,53.753467],[61.098535,53.583105],[61.474121,53.580273],[61.498535,53.484668],[61.185938,53.406201],[61.436816,53.239404],[62.014648,53.107861],[61.974219,52.94375],[61.400781,52.995996],[60.944727,52.860156],[60.821289,52.569824],[60.828418,52.233398],[60.233691,52.024512],[60.280371,51.834619],[60.630371,51.616943],[61.363086,51.441895],[61.512207,51.137012],[60.942285,50.695508],[60.288086,50.70415],[60.005273,50.839697],[59.751172,50.543945],[59.495117,50.604297],[58.984863,50.676123],[58.547461,50.971045],[58.045117,51.068848],[57.716992,50.980957],[57.3125,50.946533],[56.790332,51.031592],[56.325586,50.936084],[55.929199,50.65376],[55.361133,50.665283],[54.727148,50.998096],[54.565625,50.911279],[54.636133,50.591602],[54.471484,50.583789],[54.191113,50.995703],[53.776465,51.213721],[53.338086,51.482373],[52.902637,51.466943],[52.635156,51.479541],[52.423047,51.594238],[51.775391,51.554248],[51.344531,51.475342],[51.163477,51.647461],[50.756152,51.675146],[50.309277,51.321582],[49.822266,51.131885],[49.379492,50.934668],[48.808398,50.601318],[48.666016,50.550342],[48.817969,50.099854],[48.6,49.874707],[48.181348,49.97002],[47.599609,50.413574],[47.326465,50.273535],[47.24834,50.000879],[46.823145,49.502246],[47.018164,49.199902],[46.85293,48.969629],[46.853125,48.323584],[47.111523,48.020117],[47.292383,47.740918],[47.934668,47.760693],[48.413086,47.456494],[48.831836,46.954932],[48.776367,46.710352],[48.558398,46.757129],[48.541211,46.605615],[48.958984,46.442139],[49.125488,46.281738],[48.742578,46.100732],[48.749609,45.920557],[48.589063,45.934863],[48.15918,45.737012],[47.701074,45.686182],[47.508398,45.67417],[47.529492,45.530225],[47.413086,45.421045],[47.221484,45.024268],[47.039258,44.837891],[46.841211,44.718262],[46.720898,44.45166],[47.122656,44.26167],[47.429199,43.779883],[47.627832,43.805957],[47.511621,43.270752],[47.529004,42.967139],[47.769727,42.644775],[48.303027,42.080225],[48.572852,41.844482],[48.298145,41.54502],[47.861133,41.212744],[47.317676,41.282422],[47.063965,41.554688],[46.825586,41.743408],[46.571289,41.800098],[46.411523,41.904639],[46.048438,42.00874],[45.726562,42.158887],[45.727539,42.475049],[45.34375,42.529785],[44.943359,42.730273],[44.691797,42.709619],[44.329492,42.703516],[43.957422,42.566553],[43.749902,42.65752],[43.623047,42.807715],[43.000195,43.049658],[42.660254,43.159082],[42.122266,43.207324],[41.460742,43.276318],[40.80166,43.479932],[40.150195,43.569775],[39.873633,43.472803],[38.63584,44.318018],[37.704883,44.661377],[37.352344,44.788379],[36.650781,45.126465],[36.941211,45.289697],[36.79375,45.409717],[37.213574,45.272314],[37.671875,45.488379],[37.669238,45.654053],[38.073828,46.01709],[38.183594,46.094824],[38.315234,46.241943],[37.80957,46.53208],[38.159473,46.690674],[38.487988,46.732178],[39.126758,47.023438],[39.244531,47.199512],[38.668164,47.143945],[38.761914,47.261621],[38.205859,47.135596],[38.280762,47.259033],[38.201367,47.320801],[38.258789,47.479541],[38.640625,47.665918],[39.057813,47.848486],[39.735938,47.844824],[39.885059,48.168359],[39.866309,48.288428],[39.882617,48.419092],[39.644727,48.591211],[39.792871,48.807715],[39.98916,48.851416],[39.686523,49.00791],[40.07002,49.200293],[40.057813,49.431543],[40.030664,49.596729],[39.626563,49.650684],[39.245996,49.781934],[39.027734,49.818408],[38.551953,49.95459],[38.177539,50.025391],[38.046875,49.92002],[37.582324,50.291846],[37.254883,50.394971],[36.759082,50.291846],[36.499805,50.280469],[36.189453,50.367822],[35.796191,50.405762],[35.488477,50.459912],[35.440137,50.68208],[35.346094,50.904297],[35.311914,51.043896],[35.115332,51.12085],[34.868555,51.189209],[34.491016,51.237061],[34.280664,51.31167],[34.209277,51.484082],[34.121094,51.67915],[34.397852,51.78042],[33.818848,52.315625],[33.287109,52.353564],[32.64541,52.279102],[32.362988,52.272119],[32.041602,52.04502],[31.763379,52.101074],[31.601562,52.284814],[31.615918,52.546191],[31.564844,52.759229],[31.295117,52.989795],[31.388379,53.184814],[31.747461,53.18418],[32.141992,53.091162],[32.578027,53.312402],[32.706445,53.419434],[32.425195,53.617285],[31.992188,53.796875],[31.825293,53.93501],[31.628418,54.111182],[31.184766,54.452979],[31.152148,54.625342],[30.791016,54.806006],[30.977734,55.050488],[30.814453,55.278711],[30.900586,55.397412],[30.855957,55.60752],[30.625586,55.66626],[30.233594,55.845215],[29.823926,55.795117],[29.482227,55.68457],[29.397949,55.881055],[29.087402,56.021143],[28.74082,55.955371],[28.407031,56.089014],[28.147949,56.14292],[28.169238,56.386865],[27.991602,56.645312],[27.848633,56.853418],[27.711133,56.978076],[27.830273,57.194482],[27.672754,57.368115],[27.351953,57.528125],[27.491992,57.724951],[27.776953,57.856738],[27.673438,57.934619],[27.487793,58.270068],[27.427051,58.733057],[27.621777,58.944971],[27.938184,59.297021],[28.12832,59.357568],[28.0125,59.484277],[28.058008,59.781543],[28.42373,59.734082],[28.747656,59.806689],[29.013379,59.901562],[30.122559,59.873584],[29.976758,60.026367],[29.37041,60.175928],[28.522266,60.482959],[28.650586,60.610986],[27.797656,60.536133],[28.568164,60.960205],[29.25166,61.287793],[29.933203,61.711572],[30.565625,62.127588],[31.382422,62.69165],[31.509277,62.955322],[31.180859,63.208301],[30.055371,63.689014],[30.415332,63.94751],[30.51377,64.2],[30.041895,64.443359],[30.126172,64.688086],[29.70166,64.845752],[29.622461,65.039502],[29.826172,65.185303],[29.608008,65.248682],[29.819434,65.56875],[30.029004,65.670703],[29.936621,66.022949],[29.670898,66.276123],[29.371191,66.617041],[29.069043,66.930225],[29.572266,67.324365],[29.979199,67.688574],[29.062988,68.117969],[28.479297,68.537646],[28.744824,68.856445],[28.566016,68.928223],[29.118555,69.049951],[29.388281,69.298145],[30.131836,69.464258],[30.159766,69.629883],[30.61543,69.532568],[30.922461,69.605811],[31.452734,69.6896],[31.879395,69.831982],[31.98457,69.953662],[33.007812,69.722119],[32.754297,69.605713],[32.330566,69.554248],[32.999805,69.470117],[33.255859,69.427734],[33.417969,69.315283],[33.141211,69.068701],[33.684375,69.310254],[35.00957,69.22124],[35.85791,69.191748],[38.430176,68.355615],[39.568945,68.071729],[39.809277,68.15083],[40.380664,67.831885],[40.966406,67.713477],[41.261719,67.218457],[41.188965,66.826172],[38.653906,66.069043],[37.294824,66.225049],[35.513477,66.395801],[34.482617,66.550342],[34.146094,66.703271],[33.522949,66.764355],[32.847559,67.021533],[31.895313,67.161426],[32.500977,67.003857],[32.862402,66.721387],[33.18291,66.573877],[33.655957,66.442627],[33.41582,66.315625],[34.691797,65.951855],[34.734766,65.716309],[34.406445,65.395752],[34.827148,64.912695],[34.858301,64.706689],[35.432031,64.346777],[36.301953,64.034375],[37.372754,63.816748],[38.070801,64.02583],[37.843555,64.366309],[37.183691,64.408496],[36.578711,64.790967],[36.785938,64.987158],[37.528125,65.108252],[38.412109,64.85708],[39.053516,64.713916],[39.848633,64.690527],[40.444922,64.778711],[39.896484,65.254785],[39.816504,65.597949],[40.774414,65.987891],[42.083594,66.465918],[42.602148,66.42251],[43.550879,66.321289],[43.541895,66.123389],[43.944141,66.098682],[44.145313,66.112744],[44.488672,66.671777],[44.291797,67.099658],[43.795703,67.32959],[44.231543,68.07124],[44.169141,68.3271],[43.413281,68.681738],[45.078125,68.578174],[46.429688,68.118848],[46.174219,67.818164],[44.902148,67.413135],[45.752539,66.98916],[46.297754,66.842822],[46.69082,66.825537],[47.768066,67.275635],[47.874707,67.58418],[48.87793,67.731348],[48.840625,67.869727],[50.233203,68.175342],[51.078516,68.36333],[52.055664,68.541309],[52.183496,68.374268],[52.475,68.382129],[52.550098,68.592432],[53.412891,68.912549],[54.37627,68.964746],[53.919531,68.87124],[53.833887,68.708936],[53.829492,68.382666],[53.293359,68.31167],[53.913672,68.231201],[54.393945,68.275098],[54.861328,68.201855],[55.675293,68.575879],[56.620215,68.619043],[58.173047,68.889746],[59.057324,69.006055],[59.370508,68.738379],[59.099023,68.444336],[59.827539,68.380322],[59.941406,68.510498],[60.48916,68.728955],[60.858594,69.145508],[60.276465,69.652637],[61.015918,69.851465],[64.19043,69.534668],[65.031543,69.269824],[65.812695,69.077002],[66.756445,68.891992],[67.730762,68.513672],[68.829492,68.567432],[68.762891,68.917383],[68.117383,69.23623],[67.624121,69.584424],[66.89668,69.553809],[66.832227,69.842187],[67.239258,70.108057],[67.246875,70.500098],[66.822461,70.797363],[66.758789,70.962354],[66.768066,71.139893],[67.959375,71.548389],[68.829688,72.391553],[69.694336,72.977539],[69.738281,72.884961],[71.500195,72.913672],[72.446387,72.790332],[72.75293,72.343164],[72.279492,71.695508],[71.867285,71.457373],[72.731641,70.822852],[72.469434,70.274951],[72.557324,69.378418],[72.67832,68.874854],[73.573438,68.532617],[73.139453,68.181348],[73.066797,67.766943],[71.668164,66.939697],[71.539551,66.683105],[70.724902,66.519434],[70.442578,66.668262],[70.579102,66.75376],[69.948633,66.82998],[69.078711,66.815918],[69.143945,66.640723],[69.982422,66.401416],[71.565625,66.33374],[72.383984,66.506543],[73.79209,66.995312],[74.676074,67.694629],[74.742676,68.073535],[74.480957,68.658887],[76.10752,68.975732],[76.735059,68.776904],[77.248438,67.941016],[77.579199,67.643945],[78.589551,67.578467],[78.559082,67.639111],[77.535937,68.007666],[77.995117,68.259473],[77.650684,68.903027],[76.000977,69.235059],[74.814844,69.090576],[73.775684,69.198242],[73.560156,69.707227],[74.206738,70.445459],[73.576563,71.216504],[73.08623,71.444922],[74.489063,71.997021],[75.089941,72.263135],[74.896875,72.710107],[75.152441,72.852734],[75.603125,72.512158],[75.741406,72.29624],[75.394531,71.983203],[75.468555,71.534375],[75.332031,71.341748],[76.929004,71.127881],[78.320605,70.93042],[79.083887,71.002002],[78.587695,70.993896],[77.908398,71.324072],[76.871191,71.446582],[76.103613,71.829004],[76.871387,72.033008],[78.186914,71.90708],[77.780664,72.114307],[77.471582,72.192139],[78.225391,72.377441],[80.474023,72.153125],[80.856055,71.970215],[82.547266,71.758594],[83.233594,71.668164],[82.917969,71.419922],[82.254297,71.056201],[82.270703,70.706738],[82.23584,70.430273],[82.59248,70.889941],[83.051074,70.815234],[82.74248,70.286475],[82.961035,70.088281],[83.094141,70.221094],[83.659863,70.418359],[83.578906,70.765918],[83.457617,71.467529],[83.553516,71.649805],[82.755078,71.902832],[82.209277,72.211182],[81.58623,72.351709],[80.797754,72.519971],[80.77373,72.860791],[80.509668,73.086084],[80.398047,73.356836],[80.583203,73.568457],[83.666992,73.686475],[85.200586,73.721533],[86.591406,73.894287],[86.697656,73.716846],[85.800488,73.458936],[86.098145,73.272607],[86.715039,73.12583],[85.938965,73.456494],[86.37627,73.568848],[87.571191,73.810742],[86.69707,74.195312],[86.18291,74.423047],[86.897949,74.325342],[86.700098,74.522461],[85.880762,74.740234],[86.651465,74.682422],[87.467578,75.013232],[86.92168,75.112793],[88.503711,75.290479],[90.184961,75.591064],[92.40752,75.749658],[94.156348,75.959229],[93.406055,75.90127],[92.986621,75.902686],[93.104883,76.02583],[93.842871,76.101318],[94.575586,76.151758],[95.919922,76.113135],[95.743848,75.872314],[96.537695,75.921631],[97.350684,76.033398],[97.918359,76.088672],[98.662012,76.242676],[99.562695,76.109326],[99.689258,75.956348],[99.609375,75.811279],[99.616797,76.240186],[98.805664,76.480664],[100.322363,76.47915],[101.597754,76.439209],[100.928027,76.556738],[100.92041,76.82251],[101.292871,77.101562],[103.33125,77.641064],[104.814258,77.6521],[105.894531,77.488867],[105.38457,77.237842],[105.320215,77.092334],[106.14541,77.045312],[106.941602,77.034375],[106.940918,76.730469],[106.413574,76.512256],[107.624219,76.510107],[108.02793,76.718457],[109.369336,76.749219],[111.39248,76.68667],[112.093945,76.480322],[112.29707,76.434668],[112.742578,76.186914],[112.818945,76.058594],[113.066016,76.215234],[113.365527,76.178857],[113.870996,75.856006],[113.485938,75.563965],[113.126367,75.698682],[112.453027,75.830176],[113.242969,75.611426],[113.613574,75.292969],[111.299023,74.658447],[109.840332,74.321973],[109.810254,74.169189],[107.76543,73.625],[106.679395,73.330664],[105.143945,72.777051],[106.15957,73.002002],[107.108789,73.177295],[108.150977,73.25791],[109.089941,73.378418],[109.855273,73.472461],[110.799219,73.759766],[109.752734,73.722559],[109.869141,73.930615],[111.05625,73.939355],[111.459961,74.004834],[111.803711,73.745264],[112.855957,73.771143],[113.032813,73.913867],[113.364453,73.582764],[113.487598,73.145117],[113.127832,72.830664],[113.664551,72.634521],[113.298145,72.738867],[113.542773,73.054346],[113.765234,73.317969],[113.711328,73.378564],[114.060547,73.584668],[117.308594,73.59917],[118.936426,73.481201],[118.430273,73.246533],[119.92168,72.971338],[121.747852,72.969678],[122.5375,72.877783],[122.501953,72.970654],[123.160352,72.954883],[123.521875,73.1729],[123.383887,73.347314],[123.416211,73.636865],[124.019043,73.712305],[125.61709,73.520605],[126.107422,73.51748],[126.308887,73.463672],[126.552539,73.334912],[127.740332,73.481543],[128.141699,73.352393],[128.587012,73.262402],[128.913379,73.110596],[128.853516,72.972607],[129.017285,72.872461],[128.815332,72.585889],[128.549414,72.49585],[129.410645,72.166309],[128.196973,72.309619],[128.026563,72.25],[129.116602,71.824609],[129.291797,71.850195],[128.843262,71.663477],[129.389844,71.404883],[130.537109,70.892529],[130.898047,70.803564],[131.432324,70.828271],[132.035352,71.244043],[132.227637,71.642773],[132.71582,71.871484],[133.130859,71.606689],[134.702734,71.386816],[135.55918,71.610352],[137.11582,71.415674],[137.797852,71.163916],[137.901953,71.194043],[138.090625,71.307422],[137.918359,71.384082],[138.118457,71.566162],[138.67002,71.634814],[139.320215,71.444727],[139.695117,71.700439],[139.640234,71.99834],[140.134375,72.209619],[139.176367,72.163477],[139.601172,72.496094],[140.983203,72.630029],[140.708105,72.890039],[142.061426,72.720801],[144.568652,72.609912],[146.083301,72.471387],[145.212891,72.392676],[144.360938,72.265332],[145.03916,72.259863],[146.599219,72.123535],[146.230273,72.1375],[145.758594,72.225879],[145.756738,72.020654],[145.125781,71.927148],[145.07373,71.830859],[145.188574,71.695801],[146.894727,72.19751],[148.402051,72.311963],[149.963086,71.992188],[149.279688,71.825537],[148.92334,71.714648],[149.857129,71.601465],[150.599805,71.520117],[150.384766,71.338818],[150.967773,71.380469],[152.092773,71.023291],[152.79834,70.835645],[155.029492,71.034229],[157.447363,71.074512],[159.72793,70.649658],[160.006445,70.309668],[159.83916,69.98999],[160.739453,69.655176],[161.035547,69.098193],[161.129004,68.653857],[161.230176,68.653906],[161.565625,69.063965],[161.945117,69.545117],[163.201367,69.714746],[164.15957,69.719287],[166.820312,69.499561],[167.856836,69.728223],[168.22998,69.447021],[168.946191,69.16333],[170.065625,68.798682],[170.883789,69.263623],[170.201172,69.683203],[170.486816,70.107568],[172.55957,69.968359],[173.35332,69.924023],[174.319434,69.881641],[175.921484,69.895313],[177.394531,69.611621],[178.906934,69.362109],[179.868262,69.012695],[179.651367,64.920947],[178.519531,64.602979],[177.337012,64.931348],[176.624805,65.037598],[176.645508,65.007178],[177.222852,64.86167],[176.556641,64.83999],[175.396484,64.783691],[175.09707,64.746631],[175.945898,64.865186],[176.300879,64.783838],[176.140918,64.58584],[177.049805,64.719238],[177.409863,64.572803],[178.044727,64.21958],[178.312988,64.314404],[178.451367,64.011377],[178.731445,63.66709],[178.466113,63.574072],[178.678711,63.402295],[178.792969,63.540332],[179.332324,63.190186],[179.25957,63.008301],[179.570508,62.773486],[179.176953,62.469189],[178.963867,62.355273],[177.292578,62.599023],[177.338965,62.781348],[177.091211,62.789551],[176.964746,62.658643],[176.907422,62.536084],[175.613867,62.184375],[175.192383,62.034424],[174.514355,61.823633],[173.623438,61.716064],[172.856543,61.469189],[172.867773,61.293066],[172.696973,61.249316],[172.362402,61.116602],[171.997656,60.900684],[171.489746,60.725732],[170.589746,60.393701],[170.396484,60.009766],[169.927246,60.104248],[169.814746,60.265381],[168.788281,60.563818],[167.745996,60.509326],[166.452539,59.947021],[166.148926,59.92207],[166.29248,60.346094],[165.941992,60.356885],[165.192578,60.124756],[164.953711,59.843604],[164.525293,60.061279],[164.113281,59.897559],[163.780078,60.041113],[163.49375,59.886768],[163.269043,59.52002],[162.974902,59.137061],[162.93457,58.963965],[162.141602,58.447412],[162.039648,57.918262],[162.392188,57.74502],[162.654297,57.948242],[163.213867,57.686816],[162.779297,57.357617],[162.814844,57.023389],[162.92207,56.722656],[163.243262,56.564551],[163.189258,56.137012],[162.628125,56.232275],[163.038379,56.521875],[162.589063,56.454932],[162.334082,56.187744],[161.775586,55.654834],[161.824219,55.138916],[161.966895,54.688672],[161.129883,54.598242],[160.288867,54.288232],[159.84375,53.783643],[159.899121,53.447705],[159.947461,53.125098],[158.952051,53.047559],[158.564648,53.05],[158.608789,52.873633],[158.493164,52.383154],[157.823242,51.605322],[157.202246,51.212744],[156.713477,51.124121],[156.500391,51.475098],[156.228613,52.62627],[155.950195,53.744287],[155.563867,55.199121],[155.98252,56.695215],[156.728418,57.152246],[156.948242,57.615771],[156.871973,57.803662],[157.666406,58.019775],[158.321094,58.083447],[159.210645,58.519434],[159.847363,59.127148],[160.855273,59.626855],[161.845996,60.232227],[162.713184,60.659473],[163.585156,60.877148],[163.619629,61.111328],[163.972754,61.419873],[164.019531,61.710693],[164.2875,62.346631],[165.124121,62.411523],[165.280371,62.462988],[164.792383,62.571094],[163.331738,62.550928],[163.258008,62.336914],[163.131055,62.049902],[163.257812,61.699463],[163.047266,61.554053],[162.752344,61.711279],[162.506445,61.670117],[160.915039,60.892676],[160.287305,60.667041],[160.225781,60.831543],[160.004004,61.007422],[159.949219,61.128613],[160.162695,61.5375],[160.309375,61.894385],[159.552344,61.719482],[159.189258,61.929395],[158.333691,61.825684],[157.469336,61.798926],[156.790625,61.529639],[156.344141,61.155078],[155.427832,60.549854],[154.389844,59.876758],[154.20918,59.600342],[154.357617,59.481445],[155.153027,59.270215],[154.703516,59.141309],[154.010938,59.075537],[153.272949,59.091309],[152.817871,58.92627],[152.165234,58.997021],[151.121094,59.08252],[152.260645,59.223584],[151.798047,59.323242],[151.033594,59.585645],[150.823438,59.460742],[150.539844,59.524951],[150.202539,59.65127],[149.065234,59.630518],[149.133008,59.480518],[148.744141,59.373535],[148.72666,59.25791],[147.687891,59.290674],[146.537207,59.456982],[145.931641,59.198389],[144.483398,59.37627],[143.192188,59.370117],[141.754688,58.745264],[140.790234,58.303467],[140.002344,57.6875],[139.506641,57.358301],[138.662109,56.965527],[138.073828,56.433105],[137.189844,55.892285],[136.351172,55.51001],[135.2625,54.943311],[135.325391,54.707422],[136.580273,54.613623],[136.82041,54.452344],[136.718848,53.804102],[137.155371,53.82168],[137.141602,54.182227],[137.513184,54.156396],[137.476465,54.027588],[137.644824,53.86582],[137.253711,53.546143],[138.25293,53.726416],[138.568164,53.947168],[138.249707,53.524023],[138.660742,53.744775],[138.715918,54.222656],[139.319727,54.192969],[140.178711,54.051562],[141.005664,53.49458],[141.402051,53.183984],[140.839648,53.087891],[141.265918,52.652588],[141.329688,52.271143],[141.366895,51.920654],[140.838574,51.41416],[140.520898,50.800195],[140.624512,50.082422],[140.464551,49.825586],[140.399121,49.289795],[140.308984,49.053906],[140.170605,48.523682],[139.67627,48.089893],[139.001367,47.383301],[138.391797,46.745068],[137.769141,45.928516],[136.803516,45.171143],[136.251172,44.666797],[135.874609,44.373535],[135.260156,43.684619],[134.156445,43.042139],[133.329492,42.763867],[132.923926,42.805273],[132.481348,42.909766],[132.233203,43.245068],[131.89834,43.170752],[131.794727,43.255273],[131.29248,42.772119],[130.945703,42.633936],[130.729883,42.325781],[130.687305,42.302539]]],[[[47.441992,80.853662],[48.445703,80.806006],[48.625488,80.629297],[47.600098,80.741943],[47.198242,80.614941],[46.623926,80.540674],[46.059863,80.483789],[45.389258,80.560303],[46.327441,80.735156],[47.441992,80.853662]]],[[[50.278125,80.927246],[51.454785,80.744678],[50.96084,80.540479],[49.794141,80.425342],[48.677051,80.300049],[48.99082,80.242383],[48.797363,80.161133],[48.466797,80.110107],[48.025781,80.099463],[47.723145,80.151367],[47.444336,80.230127],[46.845898,80.237207],[47.656055,80.500537],[48.402637,80.568799],[49.185254,80.558643],[49.507812,80.865332],[50.278125,80.927246]]],[[[67.765332,76.237598],[66.657422,76.047021],[64.744531,75.788232],[63.316699,75.603076],[61.486523,75.31084],[60.935645,75.163672],[60.533789,75.059277],[60.454883,74.946143],[60.222461,74.796582],[59.734668,74.695459],[59.595996,74.613721],[59.146094,74.551904],[58.534668,74.498926],[58.665039,74.289258],[57.778418,73.973926],[57.755957,73.769189],[57.313086,73.838037],[57.459766,73.610303],[56.430371,73.297217],[55.280176,73.392041],[54.299902,73.350977],[53.762891,73.766162],[54.386328,73.935645],[54.83125,74.095752],[55.416406,74.436133],[55.751758,74.541211],[55.659668,74.656299],[56.428516,74.972949],[55.821191,75.090625],[56.162207,75.186572],[56.570312,75.097754],[56.844434,75.351416],[57.606836,75.34126],[58.093652,75.592529],[58.652734,75.776807],[59.346582,75.907031],[60.279297,76.09624],[60.942188,76.071289],[61.034375,76.232959],[61.787109,76.291016],[62.971484,76.23667],[64.95,76.484326],[65.528418,76.567822],[65.958887,76.687939],[67.263672,76.96377],[68.485742,76.933691],[68.941699,76.707666],[68.558594,76.449414],[67.765332,76.237598]]],[[[55.319824,73.308301],[56.42959,73.201172],[56.166992,72.983203],[56.083789,72.789404],[55.700977,72.671729],[55.416895,72.501318],[55.399121,72.313623],[55.375,72.014893],[55.613672,71.689893],[56.894824,70.927002],[57.625391,70.728809],[57.145898,70.589111],[56.510059,70.728809],[56.417188,70.664941],[56.14248,70.657861],[55.907227,70.626318],[55.687305,70.692188],[54.645117,70.741846],[54.332617,70.744678],[53.467773,70.900586],[53.587793,71.052295],[53.922266,71.137598],[53.59082,71.29668],[53.319043,71.39917],[52.908984,71.49502],[51.937891,71.474707],[51.511328,71.648096],[51.482227,71.979785],[51.885449,72.153223],[52.406738,72.196729],[52.661914,72.336865],[52.863672,72.549854],[52.683105,72.682324],[52.579297,72.791357],[53.134961,72.913232],[53.237109,73.011182],[53.357617,73.224561],[53.865625,73.298975],[54.676074,73.37002],[55.319824,73.308301]]],[[[96.526563,81.075586],[97.413672,80.841846],[97.856445,80.698096],[97.113086,80.614063],[97.250195,80.362988],[97.175195,80.241016],[94.565039,80.126074],[93.002344,80.1021],[91.637402,80.269922],[92.24668,80.499121],[93.2625,80.79126],[92.710352,80.872168],[93.358691,81.031689],[94.140137,81.089453],[95.060938,81.188086],[95.983984,81.211426],[96.526563,81.075586]]],[[[97.674512,80.158252],[97.80791,79.956299],[97.65166,79.760645],[98.273242,79.874121],[98.531836,80.043604],[99.370703,79.986377],[99.818359,79.898193],[99.839258,79.668945],[99.748828,79.515186],[99.680664,79.32334],[99.104395,79.305371],[99.750781,79.107666],[99.54082,78.852734],[98.28252,78.79502],[97.555469,78.826562],[96.807813,78.984961],[95.702832,79.012012],[95.02041,79.052686],[94.619727,79.192383],[93.758594,79.451416],[93.404688,79.631592],[94.347266,79.941943],[94.987305,80.096826],[95.497559,80.105615],[96.416602,80.104346],[97.674512,80.158252]]],[[[102.884766,79.253955],[102.412305,78.835449],[102.950391,79.055762],[103.672852,79.15],[104.091113,79.013184],[104.452051,78.880029],[105.145996,78.818848],[105.342676,78.593945],[104.519434,78.349219],[102.79668,78.187891],[102.180469,78.205322],[100.541211,78.04751],[99.391699,78.000684],[99.67793,78.233496],[100.162988,78.503955],[100.283984,78.679199],[100.875586,78.783594],[100.864551,78.92583],[101.068164,79.09624],[101.310449,79.232617],[101.643359,79.361377],[102.005273,79.263672],[102.180664,79.373389],[102.789844,79.392139],[102.939648,79.271191],[102.884766,79.253955]]],[[[140.04873,75.828955],[140.496289,75.689795],[140.815918,75.630713],[140.926563,75.798926],[141.032617,75.988965],[142.001465,76.043555],[143.185156,75.813623],[145.255273,75.585596],[144.803125,75.416064],[144.407813,75.102295],[143.396094,75.082861],[142.729492,75.337646],[142.986035,75.633252],[142.30791,75.691699],[142.264746,75.346143],[143.12793,74.970313],[142.378418,74.828564],[141.987305,74.99126],[140.660742,74.881836],[139.758203,74.96377],[139.512305,74.837793],[139.099121,74.656543],[138.001367,74.827002],[137.446973,75.054199],[136.947656,75.325537],[137.215234,75.554395],[137.593555,75.823389],[137.774414,76.015674],[138.207617,76.114941],[139.017578,76.160107],[139.743359,75.953076],[140.04873,75.828955]]],[[[146.795215,75.370752],[148.432422,75.413525],[148.475,75.272412],[149.645313,75.24458],[150.530566,75.099854],[150.822363,75.156543],[149.838086,74.795312],[148.092383,74.825684],[147.257031,74.984277],[146.148535,75.198291],[146.438477,75.558203],[146.795215,75.370752]]],[[[178.861523,70.826416],[178.683887,71.105664],[179.547656,71.447656],[180,70.993018],[178.861523,70.826416]]],[[[142.761035,54.393945],[142.926563,53.955615],[143.095508,53.488672],[143.324707,52.963086],[143.264258,52.478662],[143.190625,51.944482],[143.320508,51.583252],[143.472949,51.299219],[143.816016,50.282617],[144.239941,49.432031],[144.606836,48.93584],[144.672656,48.678564],[144.283789,49.069775],[143.819141,49.308594],[143.10498,49.198828],[142.574219,48.072168],[142.670117,47.536914],[142.905469,47.361865],[143.17793,46.844043],[143.447266,46.791992],[143.580664,46.360693],[143.463477,46.069482],[143.352148,46.476221],[142.795508,46.620215],[142.578027,46.700781],[142.304004,46.357568],[142.015625,45.961621],[141.830371,46.451074],[142.016895,47.244678],[142.015625,47.700635],[142.135352,48.290088],[141.866309,48.750098],[142.108691,49.439648],[142.071094,50.51499],[142.20791,50.998486],[141.872949,51.630029],[141.808105,51.789209],[141.682422,52.359131],[141.873633,53.038916],[141.964453,53.456396],[142.370508,53.402539],[142.50918,53.587598],[142.642871,53.736768],[142.466602,54.148535],[142.666211,54.358203],[142.761035,54.393945]]],[[[-178.876465,71.577051],[-178.133887,71.465479],[-177.584131,71.281689],[-177.821777,71.067578],[-179.415674,70.918994],[-179.999951,71.184229],[-179.691016,71.577979],[-179.111572,71.596191],[-178.876465,71.577051]]],[[[35.816113,65.18208],[35.842285,65.001465],[35.558594,65.093604],[35.729102,65.197559],[35.816113,65.18208]]],[[[42.713672,66.701709],[42.675586,66.688086],[42.477344,66.735059],[42.460059,66.770361],[42.468555,66.785547],[42.547461,66.795508],[42.631445,66.782227],[42.690723,66.735303],[42.713672,66.701709]]],[[[52.90332,71.36499],[53.192578,71.215283],[53.105762,70.999268],[52.949609,71.053613],[52.546582,71.250439],[52.239844,71.325049],[52.729688,71.355127],[52.90332,71.36499]]],[[[168.039062,54.56499],[168.081348,54.512744],[167.677344,54.697656],[167.488086,54.794971],[167.441504,54.855859],[167.511719,54.856934],[167.59248,54.797754],[167.710645,54.770166],[167.882617,54.690479],[168.039062,54.56499]]],[[[160.718945,70.822705],[160.651367,70.805859],[160.504785,70.819727],[160.436914,70.851025],[160.44043,70.922656],[160.448535,70.934033],[160.56582,70.923779],[160.644922,70.883545],[160.718945,70.822705]]],[[[161.46709,68.900977],[161.364063,69.044434],[161.164551,69.333594],[161.409766,69.595703],[161.609277,69.500928],[161.372656,69.292822],[161.516992,68.96958],[161.46709,68.900977]]],[[[152.885938,76.121729],[152.786328,76.085791],[152.558594,76.143604],[152.642773,76.174805],[152.799414,76.194824],[152.835059,76.185156],[152.86377,76.163428],[152.885938,76.121729]]],[[[149.150195,76.659912],[148.398633,76.648242],[148.448145,76.676953],[148.719629,76.746582],[149.406445,76.78208],[149.268359,76.747217],[149.204785,76.677002],[149.150195,76.659912]]],[[[137.959863,71.507666],[137.457813,71.483496],[137.078711,71.502197],[137.168164,71.557129],[137.933789,71.542773],[137.959863,71.507666]]],[[[107.695508,78.130908],[107.60625,78.082568],[107.481641,78.057764],[107.343848,78.098584],[107.00166,78.095654],[106.415527,78.139844],[106.583301,78.167578],[107.508301,78.189404],[107.573242,78.185547],[107.695508,78.130908]]],[[[112.478027,76.620898],[112.586523,76.482959],[112.296875,76.537988],[112.011133,76.632861],[112.478027,76.620898]]],[[[96.532422,76.278125],[96.350781,76.212158],[95.844531,76.160254],[95.379883,76.289062],[96.270703,76.305371],[96.532422,76.278125]]],[[[96.285449,77.02666],[95.854688,76.974951],[95.270312,77.018848],[96.561914,77.154053],[96.285449,77.02666]]],[[[89.514258,77.188818],[89.299512,77.183984],[89.179297,77.209912],[89.141699,77.226807],[89.200488,77.271973],[89.281543,77.301465],[89.616211,77.311035],[89.67959,77.280322],[89.66582,77.254492],[89.514258,77.188818]]],[[[74.660547,72.873437],[74.180664,72.975342],[74.408789,73.130469],[74.742578,73.032715],[74.660547,72.873437]]],[[[75.503711,73.456641],[75.344336,73.432275],[75.375,73.477393],[75.569727,73.540625],[75.930176,73.573633],[76.039453,73.559912],[76.051562,73.549268],[75.900977,73.481494],[75.827148,73.459131],[75.503711,73.456641]]],[[[83.549023,74.071777],[83.495801,74.048438],[83.45,74.05166],[83.410645,74.039551],[83.158984,74.075342],[82.817773,74.091602],[82.90293,74.128906],[83.149805,74.151611],[83.513477,74.122363],[83.618359,74.089453],[83.549023,74.071777]]],[[[67.344922,69.529834],[67.263965,69.442529],[67.097852,69.447168],[67.047266,69.467041],[67.025879,69.483203],[67.216113,69.575391],[67.328906,69.572119],[67.344922,69.529834]]],[[[66.560938,70.541748],[66.568555,70.501465],[66.51582,70.514893],[66.448633,70.561035],[66.407617,70.615771],[66.394824,70.727295],[66.418164,70.757129],[66.440234,70.772656],[66.462891,70.769336],[66.457715,70.698779],[66.560938,70.541748]]],[[[70.020703,66.502197],[69.502734,66.751074],[70.07666,66.695898],[70.05918,66.517578],[70.020703,66.502197]]],[[[50.051758,80.074316],[49.970898,80.060742],[49.588281,80.136133],[49.556055,80.158936],[49.883691,80.230225],[50.250977,80.219482],[50.309961,80.185645],[50.319141,80.172363],[50.072266,80.109473],[50.051758,80.074316]]],[[[51.409277,79.944238],[50.454102,79.924414],[50.936328,80.094238],[51.326953,79.972314],[51.409277,79.944238]]],[[[50.753711,81.047412],[50.377441,81.102734],[50.521582,81.158203],[50.946191,81.108154],[50.753711,81.047412]]],[[[55.479688,80.273828],[55.195117,80.226807],[55.048438,80.228369],[54.979688,80.256445],[55.091602,80.295557],[55.240039,80.325391],[55.353223,80.317676],[55.434766,80.302246],[55.479688,80.273828]]],[[[54.415332,80.472803],[53.900195,80.51543],[54.176758,80.574365],[54.415332,80.472803]]],[[[59.688867,79.955811],[59.330664,79.923047],[59.202637,79.932959],[59.169238,79.948291],[59.100391,79.96416],[58.919238,79.984619],[58.946094,80.042334],[59.001465,80.053906],[59.544531,80.118848],[59.80166,80.082666],[59.911035,79.994287],[59.688867,79.955811]]],[[[58.622363,81.04165],[58.930566,80.831689],[57.937891,80.793359],[57.410254,81.046777],[58.189941,81.09458],[58.622363,81.04165]]],[[[47.983008,45.488232],[47.967676,45.469971],[47.920313,45.562061],[47.917578,45.618164],[47.947168,45.64707],[47.987109,45.554053],[47.983008,45.488232]]],[[[50.265234,69.185596],[50.140918,69.098145],[49.62627,68.859717],[48.439063,68.804883],[48.280273,69.096631],[48.631348,69.436035],[49.996289,69.309424],[50.265234,69.185596]]],[[[63.373828,80.700098],[62.520313,80.821875],[63.614746,80.980908],[64.210449,81.106348],[64.802051,81.197266],[65.382031,81.056738],[64.997461,80.818896],[63.373828,80.700098]]],[[[57.95625,80.123242],[57.281445,80.193896],[57.083398,80.445215],[58.480469,80.464746],[58.397949,80.31875],[58.163184,80.196533],[57.95625,80.123242]]],[[[62.167773,80.834766],[62.075781,80.616943],[61.285156,80.504736],[59.900195,80.446094],[59.288184,80.572656],[59.549414,80.783594],[60.234961,80.837744],[61.313184,80.862646],[62.167773,80.834766]]],[[[61.14082,80.950342],[60.826758,80.929688],[60.321094,80.955518],[60.058203,80.984619],[60.07832,80.99917],[60.147559,81.01665],[60.586621,81.087695],[61.457422,81.103955],[61.567383,81.050293],[61.471973,81.011035],[61.14082,80.950342]]],[[[53.521387,80.185205],[52.550488,80.201855],[52.57666,80.296924],[53.185645,80.412646],[53.85166,80.268359],[53.521387,80.185205]]],[[[57.078711,80.350928],[57.080176,80.094678],[55.724023,80.104736],[56.024414,80.341309],[57.078711,80.350928]]],[[[57.810254,81.546045],[58.563867,81.418408],[58.015332,81.254834],[57.159473,81.178467],[56.363965,81.178613],[55.466016,81.311182],[56.71875,81.423389],[57.456445,81.542871],[57.810254,81.546045]]],[[[54.718945,81.115967],[56.909668,80.912891],[56.814746,80.663623],[55.540625,80.70332],[54.532813,80.783008],[54.240527,80.901855],[54.718945,81.115967]]],[[[63.650977,81.609326],[62.53125,81.647021],[62.794922,81.718945],[63.650977,81.609326]]],[[[58.29541,81.715186],[57.964844,81.695654],[57.920605,81.710498],[57.909277,81.721924],[57.945117,81.747852],[57.984961,81.797021],[58.13457,81.827979],[59.261816,81.854199],[59.408496,81.825439],[59.356836,81.780957],[59.356445,81.758984],[58.29541,81.715186]]],[[[92.683496,79.685205],[91.37627,79.835498],[91.425977,80.049219],[93.481543,79.941113],[93.155078,79.737598],[92.683496,79.685205]]],[[[91.567187,81.141211],[91.222852,81.063818],[89.975781,81.113135],[89.919434,81.14873],[89.901172,81.170703],[90.069922,81.213721],[91.108984,81.199121],[91.477832,81.183936],[91.567187,81.141211]]],[[[141.010254,73.999463],[140.101562,74.184277],[140.849219,74.273779],[141.097461,74.167822],[141.010254,73.999463]]],[[[142.184863,73.895898],[143.410742,73.52085],[143.193262,73.220752],[142.126367,73.281689],[140.662793,73.452002],[139.785547,73.355225],[140.380664,73.483008],[140.983594,73.831543],[141.681934,73.904199],[142.184863,73.895898]]],[[[135.948633,75.40957],[135.523438,75.49585],[135.613867,75.766309],[135.904785,75.694385],[135.965137,75.486133],[135.948633,75.40957]]],[[[136.197461,73.913623],[136.12168,73.88501],[136.051465,73.929102],[135.714551,74.059521],[135.633398,74.121436],[135.448633,74.179688],[135.402441,74.201709],[135.387012,74.253369],[135.62832,74.219922],[136.036816,74.090332],[136.25918,73.984961],[136.197461,73.913623]]],[[[137.940527,55.092627],[138.096484,54.990918],[137.870117,54.749561],[137.525586,54.82583],[137.275195,54.891016],[137.577344,55.197021],[137.940527,55.092627]]],[[[169.200781,69.580469],[167.992676,69.77583],[167.864746,69.901074],[169.374805,69.882617],[169.332422,69.76958],[169.200781,69.580469]]],[[[163.635156,58.603369],[163.427246,58.578955],[163.766602,58.972363],[164.572656,59.221143],[164.278809,58.838086],[163.635156,58.603369]]],[[[166.650293,54.839062],[166.381738,54.838086],[166.082324,55.076563],[165.830469,55.306934],[166.22998,55.242334],[166.577344,54.907715],[166.650293,54.839062]]],[[[154.810449,49.312012],[154.714844,49.267676],[154.610938,49.294043],[154.612988,49.380615],[154.824902,49.646924],[154.899609,49.630371],[154.883301,49.566406],[154.802344,49.468262],[154.829883,49.3479],[154.810449,49.312012]]],[[[156.405078,50.657617],[156.36543,50.633789],[156.325781,50.639062],[156.196289,50.702148],[156.167969,50.731885],[156.213086,50.784717],[156.376465,50.862109],[156.455859,50.85957],[156.4875,50.842969],[156.483105,50.751221],[156.405078,50.657617]]],[[[155.921094,50.302197],[155.448926,50.077783],[155.243066,50.212793],[155.433887,50.368945],[156.00166,50.756934],[156.044434,50.451758],[155.921094,50.302197]]],[[[154.08125,48.790283],[154.042969,48.73877],[154.000684,48.755713],[153.992285,48.77251],[154.091699,48.832129],[154.126367,48.904443],[154.199023,48.904932],[154.228418,48.89209],[154.204688,48.857178],[154.08125,48.790283]]],[[[155.644824,50.821924],[155.553516,50.810596],[155.512793,50.837305],[155.483496,50.869629],[155.467383,50.913574],[155.568555,50.934473],[155.639648,50.910498],[155.653613,50.845361],[155.644824,50.821924]]],[[[153.101074,47.762939],[153.053809,47.706104],[153.004102,47.713477],[152.984277,47.72793],[153.049121,47.797021],[153.079199,47.80874],[153.101074,47.762939]]],[[[152.002051,46.897168],[151.815625,46.787109],[151.754102,46.78833],[151.723438,46.828809],[151.715332,46.852686],[151.864355,46.868994],[152.039844,47.01499],[152.16582,47.110449],[152.234668,47.143408],[152.288867,47.142187],[152.002051,46.897168]]],[[[149.687695,45.642041],[149.796289,45.876074],[150.553125,46.208545],[149.954102,45.822461],[149.687695,45.642041]]],[[[148.599512,45.317627],[147.91377,44.990381],[147.60957,44.886572],[147.098438,44.53125],[147.140918,44.66333],[147.557813,45.062451],[147.872656,45.300293],[148.130078,45.258203],[148.772656,45.526465],[148.803027,45.413525],[148.599512,45.317627]]],[[[146.713965,43.743799],[146.683008,43.716357],[146.608594,43.740479],[146.613477,43.797021],[146.621973,43.812988],[146.824609,43.860498],[146.884082,43.82915],[146.899023,43.80415],[146.713965,43.743799]]],[[[146.207617,44.497656],[146.436523,44.375684],[145.914062,44.103711],[145.555859,43.6646],[145.666309,43.999072],[145.890234,44.248584],[146.207617,44.497656]]],[[[113.387207,74.400439],[113.190234,74.239307],[112.195801,74.14624],[111.503418,74.353076],[111.949219,74.38877],[112.084473,74.548975],[113.387207,74.400439]]],[[[76.248926,79.651074],[77.549316,79.524414],[76.636523,79.544434],[76.051562,79.644727],[76.248926,79.651074]]],[[[80.02666,80.848145],[79.098535,80.812061],[79.006836,80.834814],[78.977637,80.848242],[79.109863,80.923584],[79.217383,80.960352],[79.806641,80.975391],[80.27959,80.949805],[80.42793,80.927686],[80.37334,80.882617],[80.344824,80.86792],[80.02666,80.848145]]],[[[70.673926,73.09502],[70.040723,73.037158],[70.01875,73.224316],[70.940234,73.514404],[71.351172,73.372217],[71.626172,73.173975],[70.673926,73.09502]]],[[[77.63252,72.29126],[76.903125,72.365576],[77.578711,72.630859],[78.365137,72.482422],[77.63252,72.29126]]],[[[79.501465,72.721924],[79.430664,72.710693],[78.880566,72.751611],[78.690234,72.803418],[78.633203,72.850732],[78.656836,72.892285],[79.164258,73.094336],[79.356543,73.038623],[79.4125,72.983105],[79.541309,72.918652],[79.537891,72.769336],[79.501465,72.721924]]],[[[82.172363,75.419385],[82.050098,75.340967],[81.697656,75.280518],[81.500586,75.36792],[81.909766,75.46001],[82.172363,75.419385]]],[[[60.450488,69.934863],[60.327148,69.715283],[59.812793,69.695654],[59.58125,69.790869],[59.144238,69.921924],[58.680078,70.051025],[58.473047,70.266846],[58.794238,70.432959],[59.309863,70.36167],[59.955859,70.10835],[60.450488,69.934863]]],[[[20.957813,55.278906],[20.774023,54.947021],[21.222852,55.107764],[21.44707,55.234424],[22.072363,55.063672],[22.627441,54.970703],[22.709668,54.632617],[22.766211,54.356787],[21.140527,54.391797],[19.644238,54.44707],[19.944141,54.75],[20.39668,54.95127],[20.899805,55.28667],[20.957813,55.278906]]],[[[33.594141,46.09624],[34.02672,46.106725],[34.449898,45.965666],[34.799726,45.790752],[35.260156,45.446924],[35.750977,45.389355],[36.170508,45.453076],[36.514258,45.30376],[36.229883,45.025977],[35.759473,45.07085],[35.357813,44.978418],[34.716895,44.807129],[33.909961,44.387598],[33.462695,44.596826],[33.601172,44.981494],[33.186914,45.194775],[32.551855,45.350391],[33.280078,45.765234],[33.594141,46.09624]]]]}},{"type":"Feature","geometry":{"type":"Polygon","coordinates":[[[28.2125,45.450439],[28.788281,45.240967],[28.781738,45.309863],[29.223535,45.40293],[29.705859,45.259912],[29.605469,44.915479],[29.069141,44.871143],[28.930566,44.96582],[28.849023,44.716309],[28.888184,44.574756],[28.658594,43.983838],[28.375195,43.744775],[27.884277,43.987354],[27.561035,44.020068],[26.847754,44.146191],[25.818848,43.766846],[24.808203,43.738428],[23.53457,43.853564],[22.856445,43.899023],[23.024414,44.047217],[22.705078,44.237793],[22.581836,44.33833],[22.554004,44.540332],[22.720898,44.605518],[22.200977,44.560693],[21.740234,44.680664],[21.360059,44.82666],[21.519922,44.880811],[21.409961,44.957715],[21.371094,45.021387],[21.467871,45.109863],[21.431445,45.192529],[21.099902,45.293555],[20.794043,45.467871],[20.786035,45.536475],[20.775,45.749805],[20.709277,45.735254],[20.437988,45.940771],[20.280957,46.133008],[20.707422,46.172803],[20.837012,46.259717],[21.17041,46.352686],[21.252246,46.486377],[21.411035,46.647852],[21.58418,46.878369],[21.721777,47.084814],[21.954297,47.364258],[22.111914,47.572021],[22.351465,47.73623],[22.608398,47.766309],[22.912891,47.964258],[23.202637,48.084521],[23.682031,47.990381],[24.059766,47.944775],[24.484082,47.947119],[24.893359,47.717773],[25.464258,47.910791],[26.23623,48.064355],[26.572461,48.248486],[26.900977,48.211133],[27.152051,47.959277],[27.336914,47.639746],[27.614063,47.340527],[27.853809,47.114502],[28.204688,46.706396],[28.199609,46.347559],[28.115527,45.825537],[28.130859,45.628271],[28.1625,45.51377],[28.2125,45.450439]]]}},{"type":"Feature","geometry":{"type":"Polygon","coordinates":[[[51.267969,24.607227],[50.966016,24.573926],[50.835938,24.850391],[50.762891,25.444727],[51.003125,25.981445],[51.543066,25.902393],[51.510254,25.452344],[51.608887,25.052881],[51.396484,24.645117],[51.267969,24.607227]]]}},{"type":"Feature","geometry":{"type":"MultiPolygon","coordinates":[[[[-17.190869,32.868604],[-17.054492,32.815869],[-16.929199,32.841406],[-16.773975,32.773535],[-16.693262,32.758008],[-16.765283,32.709717],[-16.837402,32.648291],[-17.018262,32.662793],[-17.171191,32.721875],[-17.226025,32.766846],[-17.241016,32.807373],[-17.190869,32.868604]]],[[[-8.777148,41.941064],[-8.322559,42.115088],[-8.173584,42.069385],[-8.224756,41.89585],[-8.094434,41.814209],[-7.693066,41.888477],[-7.403613,41.833691],[-7.195361,41.955225],[-7.030469,41.950635],[-6.703613,41.93457],[-6.552588,41.789551],[-6.391699,41.665381],[-6.2125,41.532031],[-6.565918,41.303711],[-6.915527,41.038037],[-6.818359,40.654053],[-6.847949,40.410986],[-6.948437,40.251611],[-6.916406,40.056836],[-7.036719,39.713965],[-7.535693,39.661572],[-7.335449,39.465137],[-6.997949,39.056445],[-7.219922,38.770508],[-7.335791,38.501465],[-6.957568,38.187891],[-7.185449,38.006348],[-7.503516,37.585498],[-7.493604,37.168311],[-8.484326,37.100049],[-8.935352,37.016016],[-8.818555,37.592432],[-8.802246,38.183838],[-8.733984,38.482422],[-9.095996,38.455225],[-9.250391,38.656738],[-8.977051,38.80293],[-8.86748,39.065967],[-9.252295,38.712793],[-9.479736,38.798779],[-9.352832,39.248145],[-9.251416,39.426025],[-8.851318,40.151807],[-8.731592,40.650928],[-8.659814,41.086279],[-8.81084,41.651953],[-8.878223,41.83208],[-8.777148,41.941064]]],[[[-25.027344,36.959961],[-25.031543,36.941553],[-25.088379,36.948877],[-25.159912,36.943359],[-25.198389,36.996533],[-25.163525,37.018555],[-25.08291,37.024023],[-25.044336,37.000195],[-25.027344,36.959961]]],[[[-31.137109,39.406934],[-31.181348,39.358936],[-31.257617,39.375977],[-31.282959,39.394092],[-31.26084,39.496777],[-31.199854,39.52085],[-31.138623,39.479443],[-31.137109,39.406934]]],[[[-27.075244,38.643457],[-27.095313,38.634033],[-27.302832,38.661035],[-27.361914,38.697852],[-27.385937,38.76582],[-27.351025,38.788965],[-27.259668,38.802686],[-27.127002,38.789844],[-27.041943,38.741211],[-27.041992,38.678906],[-27.075244,38.643457]]],[[[-27.778467,38.555615],[-27.825879,38.543555],[-28.092334,38.620557],[-28.187256,38.655371],[-28.310645,38.743896],[-27.962646,38.636328],[-27.778467,38.555615]]],[[[-28.641309,38.525],[-28.743848,38.522363],[-28.842041,38.598437],[-28.697754,38.638477],[-28.65542,38.614062],[-28.624219,38.586328],[-28.605811,38.550732],[-28.641309,38.525]]],[[[-28.147266,38.452686],[-28.064795,38.412744],[-28.189746,38.40415],[-28.231152,38.384668],[-28.332422,38.412891],[-28.454492,38.408643],[-28.531152,38.462549],[-28.548828,38.518555],[-28.510254,38.553027],[-28.402148,38.553369],[-28.147266,38.452686]]],[[[-25.648975,37.840918],[-25.190723,37.764355],[-25.833691,37.826074],[-25.648975,37.840918]]]]}},{"type":"Feature","geometry":{"type":"Polygon","coordinates":[[[23.605273,51.51792],[23.664453,51.310059],[23.985742,50.94043],[24.025977,50.816162],[24.046289,50.722803],[24.00498,50.457031],[23.506152,50.229834],[22.952246,49.826367],[22.660645,49.483691],[22.702344,49.192725],[22.852051,49.062744],[22.57998,49.077197],[22.020117,49.209521],[21.712109,49.381934],[21.136133,49.417041],[20.868457,49.314697],[20.53457,49.381201],[20.362988,49.385254],[20.107617,49.270752],[19.802246,49.192334],[19.787012,49.318555],[19.630273,49.406641],[19.479688,49.576367],[19.250195,49.511426],[18.938184,49.498291],[18.594629,49.757812],[18.516211,49.902393],[18.205273,49.964746],[18.02832,50.035254],[17.83125,49.983301],[17.627051,50.116406],[17.735449,50.230762],[17.55459,50.264062],[16.980762,50.416113],[16.993359,50.259717],[16.778613,50.157031],[16.59668,50.121924],[16.291309,50.371875],[16.28252,50.483008],[16.419727,50.573633],[16.066406,50.629932],[15.893945,50.676904],[15.463965,50.793848],[15.277051,50.883008],[14.984473,51.003418],[14.809375,50.858984],[15.016602,51.252734],[14.724707,51.523877],[14.681348,51.698193],[14.692969,51.958008],[14.70459,52.110205],[14.615625,52.277637],[14.619434,52.528516],[14.138867,52.932861],[14.410938,53.199023],[14.279883,53.624756],[14.583496,53.639355],[14.558398,53.823193],[14.211426,53.950342],[15.288379,54.139893],[16.239355,54.333057],[16.885449,54.596387],[18.085645,54.83584],[18.799609,54.63335],[18.587109,54.512891],[19.407129,54.386084],[19.924316,54.433984],[21.63418,54.376465],[22.82373,54.395801],[23.031934,54.327881],[23.282324,54.240332],[23.483008,54.005957],[23.789258,53.270947],[23.916309,52.81875],[23.47959,52.551562],[23.18125,52.306982],[23.458398,52.169531],[23.652441,52.040381],[23.581348,51.762402],[23.605273,51.51792]]]}},{"type":"Feature","geometry":{"type":"MultiPolygon","coordinates":[[[[121.101562,18.615283],[121.845605,18.29541],[122.14668,18.486572],[122.315039,18.320312],[122.150977,17.756494],[122.269043,17.395264],[122.40752,17.178125],[122.467969,16.990039],[122.135156,16.184814],[121.595313,15.933252],[121.607031,15.669824],[121.411914,15.375049],[121.543945,14.99917],[121.626563,14.681738],[121.766602,14.168066],[122.07959,13.947119],[122.2875,13.996191],[122.2375,14.175049],[122.627148,14.317529],[123.014551,14.079834],[123.059961,13.78877],[123.305371,13.936572],[123.377441,14.028662],[123.725977,13.884326],[123.607129,13.704443],[123.764844,13.353516],[123.872754,13.116992],[124.142773,13.035791],[123.877832,12.689697],[123.863867,12.930664],[123.402344,13.033105],[123.205957,13.353516],[122.863477,13.617236],[122.486328,13.92998],[122.500195,13.703174],[122.667871,13.395361],[122.5125,13.313623],[122.205273,13.648242],[121.691699,13.93457],[121.446289,13.711865],[121.006152,13.758105],[120.637109,13.804492],[120.688281,14.291211],[120.888086,14.715771],[120.583691,14.88125],[120.555664,14.441357],[120.365234,14.608301],[120.137988,14.800391],[120.00498,15.229248],[119.881445,15.875],[119.761816,16.05498],[119.886133,16.287402],[120.124023,16.066211],[120.36875,16.10957],[120.305273,16.529248],[120.420117,17.090088],[120.37207,17.535107],[120.584473,18.36875],[120.867773,18.598926],[121.101562,18.615283]]],[[[117.311133,8.4396],[117.349902,8.713574],[117.744922,9.098242],[118.023828,9.269775],[118.727539,10.03501],[119.079883,10.38584],[119.287012,10.574023],[119.305664,10.973633],[119.55332,11.313525],[119.561914,11.045508],[119.686914,10.500342],[119.369336,10.327295],[119.191504,10.061084],[118.75498,9.862109],[118.434961,9.256006],[118.069434,8.983545],[117.679883,8.677832],[117.469141,8.511377],[117.311133,8.4396]]],[[[122.496191,11.615088],[122.93125,11.529297],[123.158301,11.535547],[123.075488,11.196875],[122.80293,10.990039],[122.673145,10.800928],[122.051758,10.514062],[121.933789,10.493652],[121.964355,10.87168],[122.103516,11.64292],[121.891211,11.790869],[122.086816,11.855078],[122.496191,11.615088]]],[[[123.130859,9.064111],[122.866602,9.319824],[122.5625,9.482812],[122.471484,9.961523],[122.855566,10.086914],[122.816992,10.503809],[122.96875,10.765723],[123.221777,10.988672],[123.567578,10.780762],[123.343555,10.325391],[123.162012,9.864258],[123.308398,9.356982],[123.228711,9.121387],[123.130859,9.064111]]],[[[124.574609,11.343066],[124.92998,11.372852],[125.039746,10.951904],[125.127539,10.684717],[125.260059,10.349609],[125.140039,10.235352],[124.9875,10.367578],[124.929102,10.095898],[124.789551,10.327539],[124.786719,10.781396],[124.502832,10.904443],[124.330957,11.4271],[124.435938,11.457227],[124.574609,11.343066]]],[[[125.239551,12.527881],[125.352246,12.292773],[125.50332,12.135791],[125.496875,11.71377],[125.592969,11.378223],[125.627344,11.233887],[125.674414,11.120801],[125.233398,11.145068],[124.945312,11.47915],[124.99502,11.764941],[124.795801,11.896338],[124.529102,12.079199],[124.294727,12.569336],[125.239551,12.527881]]],[[[120.704395,13.479492],[121.024707,13.428711],[121.284375,13.374121],[121.538672,13.088867],[121.540625,12.638184],[121.418164,12.38877],[121.322363,12.303613],[121.116992,12.253418],[120.9625,12.446533],[120.854785,12.703662],[120.763672,12.969824],[120.508301,13.260059],[120.3875,13.40166],[120.468359,13.522412],[120.704395,13.479492]]],[[[126.005957,9.320947],[126.209082,9.080566],[126.220215,8.696289],[126.282324,8.539307],[126.456641,8.148779],[126.544434,7.724805],[126.581543,7.247754],[126.216895,6.891016],[126.189355,6.309668],[126.043066,6.843164],[125.824414,7.333301],[125.660254,7.160596],[125.400977,6.795752],[125.564551,6.499609],[125.607813,5.870166],[125.241016,5.756934],[125.231543,6.069531],[125.035352,5.870654],[124.398828,6.119727],[124.048145,6.666553],[124.045117,7.114111],[124.212891,7.332129],[123.968457,7.664648],[123.608887,7.831641],[123.481641,7.710254],[123.178223,7.529443],[123.09668,7.700439],[122.842969,7.529297],[122.616211,7.763135],[122.319727,7.340234],[122.098145,6.913721],[121.924609,7.199512],[122.119922,7.765381],[122.386719,8.045898],[122.911133,8.156445],[123.017578,8.39834],[123.292871,8.541455],[123.498926,8.681543],[123.849219,8.432715],[123.753125,8.058252],[124.159375,8.201465],[124.325195,8.508447],[124.621777,8.522656],[124.806152,8.924023],[125.141016,8.86875],[125.375586,8.991797],[125.413965,9.669189],[125.87666,9.513135],[126.005957,9.320947]]],[[[123.370313,9.449609],[123.403711,9.889258],[123.711426,10.473682],[123.924609,11.040918],[124.038867,11.273535],[124.052539,11.02876],[124.00498,10.400098],[123.700488,10.12832],[123.370313,9.449609]]],[[[121.92168,18.894727],[121.858203,18.8229],[121.825195,18.842725],[121.860742,18.912549],[121.859766,18.936768],[121.888867,18.991553],[121.943359,19.010449],[121.987891,18.956641],[121.92168,18.894727]]],[[[121.520898,19.361963],[121.53125,19.271338],[121.47207,19.27334],[121.38291,19.328467],[121.374609,19.356299],[121.375977,19.379688],[121.391602,19.399365],[121.520898,19.361963]]],[[[121.960059,20.365869],[121.941309,20.353711],[121.914062,20.359424],[121.941211,20.453711],[121.991211,20.47959],[122.031152,20.469385],[121.960059,20.365869]]],[[[121.878125,20.781885],[121.82959,20.700293],[121.790625,20.701172],[121.796484,20.746631],[121.847852,20.84126],[121.866992,20.839209],[121.878125,20.781885]]],[[[121.159375,6.075635],[121.414648,5.964502],[121.083008,5.893018],[120.898242,6.006934],[121.159375,6.075635]]],[[[117.079883,7.883398],[117.02832,7.80752],[116.969531,7.894922],[116.975781,8.01665],[116.993555,8.050537],[117.077051,8.069141],[117.079883,7.883398]]],[[[119.916211,10.485986],[119.793164,10.455273],[119.764453,10.551611],[119.852051,10.640137],[119.950195,10.604785],[120.008398,10.570117],[119.981152,10.538721],[119.916211,10.485986]]],[[[120.1,12.167676],[120.260547,12.141748],[120.173633,12.019629],[119.896094,12.17876],[119.880078,12.279883],[119.963867,12.27041],[120.1,12.167676]]],[[[120.03877,11.70332],[119.932813,11.774463],[119.997852,11.932129],[120.073145,11.783496],[120.03877,11.70332]]],[[[122.649512,10.472705],[122.516699,10.492529],[122.672559,10.738818],[122.68125,10.498242],[122.649512,10.472705]]],[[[124.593848,9.787207],[124.403418,9.654102],[123.87168,9.675732],[123.908887,9.919629],[124.335742,10.159912],[124.486328,10.065479],[124.593848,9.787207]]],[[[120.250391,5.256592],[120.118359,5.215381],[119.877539,5.060205],[120.079688,5.263623],[120.250391,5.256592]]],[[[122.092871,6.42832],[121.872461,6.562744],[122.058301,6.740723],[122.200977,6.48291],[122.092871,6.42832]]],[[[126.059375,9.766211],[126.046777,9.760791],[125.991211,9.838525],[125.998633,9.927051],[126.073828,10.059229],[126.129492,9.943555],[126.128906,9.891113],[126.120801,9.865186],[126.172559,9.799951],[126.136914,9.767773],[126.059375,9.766211]]],[[[125.690234,9.914453],[125.534473,10.090088],[125.580176,10.363672],[125.68457,10.392041],[125.69248,9.939014],[125.690234,9.914453]]],[[[120.271289,13.750684],[120.272852,13.682959],[120.104199,13.782373],[120.099414,13.816943],[120.103418,13.842529],[120.120703,13.858057],[120.211426,13.820654],[120.271289,13.750684]]],[[[121.914844,13.540332],[122.107324,13.42085],[122.004883,13.20498],[121.866211,13.566162],[121.914844,13.540332]]],[[[122.094043,12.354883],[121.935645,12.290381],[122.001563,12.598535],[122.131641,12.537549],[122.094043,12.354883]]],[[[122.654492,12.309033],[122.60332,12.285596],[122.499316,12.383691],[122.438867,12.429492],[122.422949,12.455078],[122.471875,12.491943],[122.603613,12.491602],[122.673633,12.424268],[122.683301,12.382324],[122.654492,12.309033]]],[[[123.281836,12.853418],[123.367188,12.70083],[123.274219,12.805078],[123.166406,12.875879],[123.054199,12.993457],[122.973437,13.034717],[122.949023,13.058691],[122.95752,13.107178],[123.01709,13.116162],[123.043555,13.113379],[123.20625,12.90542],[123.281836,12.853418]]],[[[123.775391,12.453906],[123.779102,12.36626],[123.741504,12.398535],[123.620605,12.570508],[123.587207,12.633301],[123.621484,12.674902],[123.708691,12.610791],[123.775391,12.453906]]],[[[123.716602,12.287354],[124.045508,11.752441],[123.725195,11.951562],[123.612012,12.090234],[123.292676,12.036377],[123.245313,12.328027],[123.337012,12.542383],[123.716602,12.287354]]],[[[124.353613,13.632227],[124.175391,13.531543],[124.122852,13.979687],[124.308301,13.946973],[124.404004,13.679443],[124.353613,13.632227]]],[[[122.175391,14.048828],[122.172266,14.008008],[121.95625,14.156055],[121.946387,14.181494],[121.945996,14.205127],[121.95918,14.22876],[122.175391,14.048828]]],[[[122.033496,15.005029],[121.970313,14.892969],[121.910645,14.666504],[121.889258,14.839844],[121.97168,15.046387],[122.033496,15.005029]]],[[[124.316211,10.606006],[124.288477,10.601465],[124.334668,10.706689],[124.371094,10.691357],[124.382324,10.679834],[124.381348,10.632568],[124.316211,10.606006]]],[[[125.280762,9.982178],[125.287695,9.932715],[125.158984,10.062939],[125.133008,10.155029],[125.175879,10.151074],[125.230957,10.115674],[125.280762,9.982178]]],[[[122.937109,7.409131],[122.948047,7.385742],[122.943652,7.361035],[122.839551,7.3146],[122.804688,7.315967],[122.796582,7.393359],[122.822168,7.428467],[122.871191,7.397314],[122.914844,7.433398],[122.937109,7.409131]]],[[[125.78457,6.962744],[125.768945,6.905762],[125.70752,7.03999],[125.683008,7.073193],[125.714453,7.185547],[125.783398,7.130664],[125.78457,6.962744]]],[[[124.608398,11.492188],[124.483496,11.48584],[124.428809,11.531738],[124.360352,11.665918],[124.437402,11.69502],[124.510938,11.687109],[124.564941,11.639697],[124.622266,11.549561],[124.608398,11.492188]]],[[[124.806641,9.142627],[124.77793,9.083105],[124.66582,9.132324],[124.639063,9.175098],[124.65332,9.22583],[124.708105,9.243018],[124.736816,9.243164],[124.790234,9.190088],[124.806641,9.142627]]],[[[121.252246,19.082422],[121.24668,19.015186],[121.196094,19.050684],[121.184863,19.101416],[121.189941,19.138916],[121.213184,19.183594],[121.244727,19.143018],[121.252246,19.082422]]],[[[119.861426,11.525342],[119.88291,11.472412],[119.854883,11.393066],[119.830664,11.375684],[119.798633,11.40874],[119.72998,11.431934],[119.725586,11.474658],[119.761426,11.473633],[119.826758,11.51543],[119.861426,11.525342]]],[[[123.757031,11.283301],[123.815625,11.150732],[123.736719,11.151465],[123.707617,11.247998],[123.741406,11.27915],[123.757031,11.283301]]],[[[122.31084,12.528809],[122.279785,12.498291],[122.260938,12.503076],[122.247852,12.556934],[122.278027,12.59292],[122.2875,12.589258],[122.31084,12.528809]]],[[[125.970508,9.593555],[125.952441,9.567969],[125.92207,9.621484],[125.948535,9.739209],[125.967773,9.759082],[125.992969,9.68457],[125.970508,9.593555]]],[[[124.854395,11.594775],[124.835938,11.543311],[124.806641,11.557568],[124.781055,11.580762],[124.743652,11.658545],[124.730859,11.715332],[124.788379,11.683105],[124.821484,11.626611],[124.854395,11.594775]]],[[[117.355273,8.214648],[117.287012,8.191016],[117.272266,8.253516],[117.280859,8.31499],[117.32959,8.308496],[117.353711,8.289258],[117.355273,8.214648]]],[[[123.697656,9.237305],[123.70625,9.133545],[123.614453,9.10332],[123.540723,9.129736],[123.493457,9.19209],[123.493555,9.215527],[123.535156,9.213574],[123.626074,9.268262],[123.654883,9.27876],[123.697656,9.237305]]]]}},{"type":"Feature","geometry":{"type":"Polygon","coordinates":[[[-69.965918,-4.235938],[-70.128809,-4.286621],[-70.343652,-4.193652],[-70.721582,-4.158887],[-70.973682,-4.350488],[-71.438281,-4.437598],[-71.943164,-4.55332],[-72.352832,-4.786035],[-72.831934,-5.09375],[-72.918262,-5.302539],[-73.068066,-5.789551],[-73.206494,-6.156445],[-73.137354,-6.46582],[-73.499902,-6.679492],[-73.804639,-7.079883],[-73.72041,-7.309277],[-73.891748,-7.373145],[-73.952686,-7.460254],[-73.981738,-7.585059],[-73.766895,-7.753516],[-73.772705,-7.895703],[-73.644922,-8.072852],[-73.549121,-8.299316],[-73.398145,-8.458984],[-73.302441,-8.654004],[-72.974023,-8.993164],[-73.01377,-9.407422],[-72.379053,-9.510156],[-72.259961,-9.774316],[-72.142969,-10.005176],[-71.237939,-9.966016],[-70.884521,-9.669043],[-70.636914,-9.478223],[-70.592236,-9.543457],[-70.636914,-9.82373],[-70.640332,-10.586035],[-70.533252,-10.946875],[-70.290381,-11.064258],[-69.839795,-10.933398],[-69.362012,-11.327539],[-68.936035,-12.066797],[-68.762891,-12.607715],[-68.93374,-12.82207],[-68.983447,-13.496387],[-69.023047,-13.780273],[-68.870898,-14.169727],[-69.013135,-14.377246],[-69.199268,-14.572559],[-69.359473,-14.795313],[-69.187109,-15.19873],[-69.418506,-15.603418],[-69.187988,-16.182813],[-68.848828,-16.312793],[-69.00625,-16.433691],[-69.054541,-16.674316],[-69.381543,-17.001367],[-69.624854,-17.200195],[-69.521924,-17.388965],[-69.586426,-17.573242],[-69.841504,-17.785156],[-69.926367,-18.206055],[-70.37749,-18.333594],[-70.941699,-17.932031],[-71.399414,-17.421973],[-71.868359,-17.151074],[-72.3625,-16.775],[-73.26377,-16.388574],[-74.14707,-15.9125],[-75.190527,-15.320117],[-75.737695,-14.784961],[-76.175146,-14.22666],[-76.319482,-13.821484],[-76.427344,-13.109961],[-76.758008,-12.527148],[-77.062695,-12.106836],[-77.309912,-11.532422],[-77.736084,-10.836719],[-78.356494,-9.652051],[-78.75459,-8.74043],[-79.164404,-8.047168],[-79.617725,-7.295605],[-80.110254,-6.649609],[-81.180518,-5.942383],[-80.930664,-5.84082],[-81.167676,-5.16709],[-81.289404,-4.760742],[-80.891943,-3.881641],[-80.324658,-3.387891],[-80.265234,-3.49248],[-80.218945,-3.654492],[-80.179248,-3.877734],[-80.303271,-4.005078],[-80.51001,-4.069531],[-80.352881,-4.208496],[-80.42417,-4.461426],[-80.197461,-4.311035],[-79.845117,-4.445898],[-79.577686,-4.500586],[-79.399414,-4.840039],[-79.07627,-4.990625],[-78.919189,-4.858398],[-78.861523,-4.665039],[-78.65293,-4.458203],[-78.647998,-4.248145],[-78.509082,-3.952148],[-78.421436,-3.705762],[-78.345361,-3.397363],[-78.240381,-3.472559],[-78.160986,-3.432129],[-78.128223,-3.283887],[-77.658984,-2.912402],[-76.880762,-2.635938],[-76.240918,-2.243945],[-75.64165,-1.607324],[-75.42041,-0.962207],[-75.30918,-0.968066],[-75.278711,-0.653906],[-75.424707,-0.408887],[-75.632031,-0.157617],[-75.398389,-0.145996],[-75.184082,-0.041748],[-74.945312,-0.188184],[-74.780469,-0.244531],[-74.555078,-0.429883],[-74.374902,-0.691406],[-74.283887,-0.927832],[-73.986816,-1.098145],[-73.735742,-1.21416],[-73.521387,-1.449707],[-73.440283,-1.737402],[-73.196973,-1.830273],[-73.160205,-2.156348],[-72.989648,-2.339746],[-72.71416,-2.392188],[-72.500684,-2.39502],[-72.136816,-2.380664],[-71.867285,-2.227734],[-71.559473,-2.224219],[-71.300098,-2.334863],[-70.968555,-2.206836],[-70.575879,-2.418262],[-70.294629,-2.552539],[-70.064746,-2.70166],[-70.290137,-3.087305],[-70.706201,-3.788965],[-70.379199,-3.81875],[-70.198389,-3.995117],[-69.965918,-4.235938]]]}},{"type":"Feature","geometry":{"type":"Polygon","coordinates":[[[-58.159766,-20.164648],[-58.058447,-20.386133],[-57.995605,-20.594434],[-57.891406,-20.747461],[-57.900488,-20.873047],[-57.826953,-21.133594],[-57.873242,-21.355078],[-57.929443,-21.596582],[-57.942676,-21.79834],[-57.979053,-22.006641],[-57.820312,-22.142285],[-57.568945,-22.181934],[-57.238232,-22.195215],[-56.844678,-22.264648],[-56.580078,-22.181934],[-56.394873,-22.092676],[-56.189844,-22.281152],[-55.84917,-22.307617],[-55.703662,-22.59209],[-55.654053,-22.810352],[-55.601123,-23.094727],[-55.528369,-23.359375],[-55.538281,-23.580957],[-55.442383,-23.865332],[-55.194336,-24.01748],[-54.817285,-23.888477],[-54.52959,-23.852148],[-54.266895,-24.06582],[-54.312939,-24.528125],[-54.473145,-25.220215],[-54.677734,-26.308789],[-54.934473,-26.702539],[-55.129639,-26.886035],[-55.42666,-27.009277],[-55.597266,-27.207617],[-55.78999,-27.416406],[-56.164062,-27.321484],[-56.437158,-27.553809],[-56.805176,-27.484668],[-57.39126,-27.430469],[-58.641748,-27.196094],[-58.485254,-26.968457],[-58.334668,-26.824902],[-58.239355,-26.676855],[-58.205176,-26.476562],[-58.135645,-26.251465],[-57.943115,-26.05293],[-57.782471,-25.783691],[-57.62583,-25.59873],[-57.643896,-25.328418],[-58.252783,-24.953809],[-58.519629,-24.842871],[-59.4354,-24.387012],[-60.262207,-24.013965],[-61.084717,-23.656445],[-61.513037,-23.360449],[-61.928027,-23.059277],[-62.541553,-22.349609],[-62.628516,-22.183984],[-62.27666,-21.066016],[-62.011816,-20.199023],[-61.511816,-19.606445],[-60.007373,-19.297559],[-58.474219,-19.646094],[-58.159766,-20.164648]]]}},{"type":"Feature","geometry":{"type":"MultiPolygon","coordinates":[[[[152.96582,-4.756348],[152.739941,-4.63584],[152.696777,-4.282031],[152.279395,-3.582422],[151.972949,-3.453418],[151.465039,-3.101367],[150.847852,-2.779785],[150.825391,-2.572949],[151.314746,-2.875293],[151.807129,-3.172852],[152.329492,-3.520996],[153.13252,-4.352441],[153.023242,-4.666309],[152.96582,-4.756348]]],[[[151.915625,-4.296777],[152.299414,-4.320703],[152.403516,-4.629297],[152.215723,-4.979199],[151.993945,-5.149023],[151.968457,-5.528809],[151.481445,-5.590918],[151.33125,-5.839063],[150.919922,-6.027246],[150.588086,-6.187793],[149.850977,-6.292969],[149.483008,-6.124805],[149.099023,-6.116992],[148.509766,-5.805371],[148.432031,-5.471777],[148.724316,-5.493262],[149.245313,-5.573047],[149.681055,-5.523535],[150.045313,-5.034668],[150.108691,-5.136035],[150.183105,-5.523633],[150.625781,-5.520898],[150.900293,-5.447168],[151.137793,-5.112891],[151.572559,-4.9375],[151.551953,-4.345508],[151.703711,-4.2],[151.915625,-4.296777]]],[[[140.976172,-9.11875],[140.975781,-8.495703],[140.975488,-7.68252],[140.975195,-6.905371],[140.944043,-6.452246],[140.974805,-5.852832],[140.974512,-5.039648],[140.974219,-4.226465],[140.973828,-3.413281],[140.973438,-2.681055],[141.104785,-2.611328],[141.8875,-2.952539],[142.549023,-3.20459],[143.37832,-3.395313],[143.887695,-3.697461],[144.247949,-3.818262],[144.524512,-3.855273],[144.843457,-4.101465],[145.208008,-4.380273],[145.792871,-5.17793],[146.205371,-5.545117],[147.248242,-5.954785],[147.566699,-6.056934],[147.802051,-6.315234],[147.810449,-6.703613],[146.953613,-6.834082],[147.190039,-7.378125],[147.545117,-7.710938],[148.126758,-8.103613],[148.233594,-8.50957],[148.525879,-8.938574],[149.097461,-9.016895],[149.264063,-9.180762],[149.41875,-9.568848],[149.973535,-9.660742],[149.864355,-9.770605],[149.874414,-10.012988],[150.20625,-10.125586],[150.666992,-10.257129],[150.446094,-10.307324],[150.647168,-10.517969],[150.319922,-10.654883],[149.948047,-10.482617],[149.544336,-10.338477],[148.712891,-10.166895],[148.383398,-10.185449],[148.051367,-10.12832],[147.614355,-9.959766],[147.298926,-9.57959],[146.930371,-9.153906],[146.696582,-9.025391],[146.296484,-8.455566],[146.108789,-8.168457],[145.771777,-7.966406],[145.2875,-7.861621],[144.920898,-7.77666],[144.684375,-7.624805],[144.43125,-7.679395],[144.270215,-7.714258],[143.898242,-7.673828],[143.654883,-7.460352],[143.840625,-7.941895],[143.665039,-7.995508],[143.582031,-8.112695],[143.094922,-8.31123],[142.615039,-8.2875],[142.376465,-8.208008],[142.325098,-8.19834],[142.575977,-8.335645],[143.111816,-8.474512],[143.392188,-8.801855],[143.078223,-9.09248],[142.435254,-9.237012],[141.978906,-9.198145],[141.405664,-9.150684],[140.976172,-9.11875]]],[[[148.025781,-5.826367],[147.985449,-5.833984],[147.967969,-5.788574],[147.874512,-5.749219],[147.781055,-5.627246],[147.78252,-5.522461],[147.794629,-5.492383],[147.846484,-5.49082],[148.054785,-5.611523],[148.076074,-5.650195],[148.060449,-5.764648],[148.025781,-5.826367]]],[[[146.019336,-4.726172],[145.952344,-4.755762],[145.904004,-4.733008],[145.883594,-4.66748],[145.900195,-4.604199],[145.958789,-4.554297],[145.995801,-4.539258],[146.037402,-4.573145],[146.053418,-4.640137],[146.019336,-4.726172]]],[[[152.670605,-3.133398],[152.646191,-3.221191],[152.585059,-3.169824],[152.543262,-3.095605],[152.569922,-3.0625],[152.63877,-3.042773],[152.670605,-3.133398]]],[[[152.099219,-2.947363],[152.088477,-2.997852],[152.057324,-2.994922],[151.971094,-2.896094],[151.95459,-2.870508],[151.974707,-2.845605],[152.074609,-2.918457],[152.099219,-2.947363]]],[[[149.76543,-1.553027],[149.763184,-1.58916],[149.690918,-1.570898],[149.671094,-1.57627],[149.545898,-1.47168],[149.547852,-1.407715],[149.580957,-1.353223],[149.633008,-1.362012],[149.725293,-1.430664],[149.76543,-1.553027]]],[[[151.080957,-10.020117],[151.296484,-9.956738],[150.952441,-9.998438],[150.776074,-9.709082],[151.044141,-9.983105],[151.080957,-10.020117]]],[[[150.34541,-9.493848],[150.331348,-9.518555],[150.272852,-9.500391],[150.109766,-9.361914],[150.134961,-9.25957],[150.208301,-9.206348],[150.320117,-9.26416],[150.357031,-9.349023],[150.368164,-9.396484],[150.34541,-9.493848]]],[[[151.106836,-8.733496],[151.086816,-8.59502],[151.090137,-8.425977],[151.106836,-8.733496]]],[[[154.280762,-11.361426],[154.266016,-11.415918],[154.22959,-11.397461],[154.121191,-11.425684],[154.064063,-11.419336],[154.031152,-11.370508],[154.023438,-11.347949],[154.117676,-11.365527],[154.101758,-11.311426],[154.237891,-11.338867],[154.280762,-11.361426]]],[[[143.586816,-8.481738],[143.543164,-8.484766],[143.366895,-8.416895],[143.321875,-8.367578],[143.528223,-8.378516],[143.581445,-8.390918],[143.592578,-8.459961],[143.586816,-8.481738]]],[[[147.17627,-5.431934],[147.120215,-5.437402],[147.029004,-5.342383],[147.005859,-5.307031],[147.014746,-5.257422],[147.131055,-5.19082],[147.206348,-5.251563],[147.221875,-5.381543],[147.17627,-5.431934]]],[[[147.067578,-1.960156],[147.424414,-1.994531],[147.336523,-2.066016],[147.063867,-2.187109],[146.635449,-2.17334],[146.532422,-2.126172],[146.760059,-1.977734],[147.067578,-1.960156]]],[[[150.436621,-2.661816],[150.043457,-2.5125],[150.227148,-2.38418],[150.446094,-2.632324],[150.436621,-2.661816]]],[[[150.528418,-9.346582],[150.879102,-9.512695],[150.844043,-9.702832],[150.57627,-9.631152],[150.434668,-9.434961],[150.528418,-9.346582]]],[[[152.630957,-8.959375],[152.905078,-9.044238],[152.984961,-9.150781],[152.86748,-9.224316],[152.638086,-9.058398],[152.630957,-8.959375]]],[[[153.536133,-11.476172],[153.553711,-11.630566],[153.286816,-11.516992],[153.203613,-11.324121],[153.536133,-11.476172]]],[[[143.590332,-8.633398],[143.608203,-8.677148],[143.462793,-8.61709],[143.324121,-8.516797],[143.253809,-8.489551],[143.206836,-8.423438],[143.293066,-8.472754],[143.443359,-8.518945],[143.590332,-8.633398]]],[[[147.876953,-2.283105],[147.844531,-2.335742],[147.768945,-2.33125],[147.735547,-2.315527],[147.790234,-2.305566],[147.812207,-2.262109],[147.83584,-2.246777],[147.876953,-2.283105]]],[[[151.957227,-2.830176],[151.933398,-2.830371],[151.929785,-2.750586],[151.946387,-2.708594],[152.001953,-2.737793],[152.011328,-2.80918],[151.957227,-2.830176]]],[[[150.89873,-10.565332],[150.884668,-10.643457],[150.802344,-10.620215],[150.785742,-10.603418],[150.799316,-10.554102],[150.87207,-10.551855],[150.89873,-10.565332]]],[[[153.659277,-4.099316],[153.650098,-4.123047],[153.591504,-4.095996],[153.639746,-4.044727],[153.662988,-4.041211],[153.659277,-4.099316]]],[[[155.957617,-6.686816],[155.80498,-6.795605],[155.520898,-6.830273],[155.208594,-6.526855],[155.010156,-6.209766],[154.759277,-5.931348],[154.729297,-5.444434],[154.99707,-5.539941],[155.227539,-5.865234],[155.519336,-6.181543],[155.822559,-6.380469],[155.957617,-6.686816]]],[[[154.647266,-5.432715],[154.562793,-5.151953],[154.682031,-5.054004],[154.647266,-5.432715]]]]}},{"type":"Feature","geometry":{"type":"MultiPolygon","coordinates":[[[[-77.374219,8.658301],[-77.407275,8.427246],[-77.212305,8.033887],[-77.345605,7.836523],[-77.586572,7.543066],[-77.732031,7.710938],[-77.743896,7.536963],[-77.929785,7.256348],[-78.367627,8.070557],[-78.281201,8.247559],[-78.047754,8.284766],[-77.85293,8.216211],[-78.161816,8.453711],[-78.256104,8.453711],[-78.387891,8.443408],[-78.436035,8.40332],[-78.669824,8.742188],[-78.955176,8.93252],[-79.50708,8.970068],[-79.731055,8.775342],[-80.125781,8.349658],[-80.458984,8.213867],[-80.365576,7.997998],[-80.01123,7.500049],[-80.348242,7.385693],[-80.845557,7.220068],[-81.063867,7.899756],[-81.195459,7.668408],[-81.50415,7.721191],[-81.860254,8.16543],[-82.224316,8.230371],[-82.679541,8.321973],[-82.879346,8.070654],[-83.023389,8.316016],[-82.844775,8.489355],[-82.881982,8.805322],[-82.741162,8.951709],[-82.942822,9.248877],[-82.860156,9.511475],[-82.644092,9.505859],[-82.563574,9.57666],[-82.375391,9.337256],[-82.188135,9.191748],[-82.133301,8.980078],[-81.780225,8.957227],[-81.842383,9.118701],[-81.354785,8.780566],[-80.676465,9.021875],[-79.915088,9.361328],[-79.577295,9.597852],[-79.016699,9.510449],[-78.504346,9.406299],[-77.374219,8.658301]]],[[[-78.89834,8.274268],[-78.918115,8.231934],[-78.964941,8.32627],[-78.957422,8.350586],[-78.960596,8.43584],[-78.916016,8.458252],[-78.883252,8.460254],[-78.856152,8.448242],[-78.83916,8.3479],[-78.853223,8.302441],[-78.89834,8.274268]]],[[[-81.603271,7.332812],[-81.858594,7.480176],[-81.72876,7.621191],[-81.613428,7.380176],[-81.603271,7.332812]]],[[[-82.233496,9.380713],[-82.244434,9.334082],[-82.321729,9.418115],[-82.275781,9.431885],[-82.259424,9.430273],[-82.233496,9.380713]]],[[[-79.06543,8.254199],[-79.110352,8.209814],[-79.127539,8.251855],[-79.096289,8.29541],[-79.085303,8.295801],[-79.06543,8.254199]]]]}},{"type":"Feature","geometry":{"type":"MultiPolygon","coordinates":[[[[131.172363,3.026221],[131.149609,3.021875],[131.134961,3.025244],[131.136719,3.039453],[131.151563,3.054102],[131.172363,3.060596],[131.187891,3.055615],[131.186328,3.04209],[131.172363,3.026221]]],[[[134.59541,7.382031],[134.534668,7.360645],[134.50625,7.437109],[134.515723,7.525781],[134.555957,7.593945],[134.599707,7.615771],[134.608691,7.623584],[134.651172,7.712109],[134.65957,7.663281],[134.632715,7.501318],[134.598242,7.438281],[134.59541,7.382031]]]]}},{"type":"Feature","geometry":{"type":"Polygon","coordinates":[[[76.766895,35.661719],[76.978906,35.246436],[77.000879,34.991992],[76.749023,34.847559],[76.456738,34.756104],[75.862109,34.560254],[75.264063,34.601367],[74.78877,34.677734],[74.171973,34.720898],[73.850098,34.485303],[73.924609,34.287842],[73.903906,34.108008],[74.112598,34.003711],[74.215625,33.886572],[73.977539,33.667822],[74.15,33.506982],[73.994238,33.242188],[74.12627,33.075439],[74.322754,32.927979],[74.483398,32.770996],[74.643359,32.607715],[74.987305,32.462207],[75.333496,32.279199],[75.071484,32.089355],[74.525977,31.765137],[74.534961,31.261377],[74.625781,31.06875],[74.339355,30.893555],[73.891602,30.394043],[73.886523,30.162012],[73.381641,29.934375],[73.12832,29.363916],[72.341895,28.751904],[72.128516,28.346338],[71.716699,27.915088],[70.874902,27.714453],[70.649121,27.835352],[70.403711,28.025049],[70.144531,27.849023],[69.661328,27.264502],[69.494531,26.95415],[69.600586,26.699121],[70.114648,26.548047],[70.132617,26.214795],[70.264648,25.706543],[70.569531,25.705957],[70.652051,25.4229],[70.950879,24.891602],[70.976367,24.61875],[71.00625,24.444336],[70.928125,24.362354],[70.716309,24.237988],[70.565039,24.385791],[70.098242,24.2875],[69.805176,24.165234],[69.443457,24.275391],[68.98457,24.273096],[68.8,24.309082],[68.728125,24.265625],[68.38125,23.950879],[68.148828,23.797217],[68.001465,23.826074],[67.668457,23.810986],[67.503613,23.940039],[67.365234,24.091602],[67.171484,24.756104],[66.709863,25.111328],[66.428613,25.575342],[66.131152,25.493262],[66.40293,25.446826],[65.679688,25.355273],[64.658984,25.184082],[64.124902,25.373926],[63.720898,25.385889],[63.285742,25.227588],[62.572461,25.254736],[62.24873,25.197363],[61.90791,25.131299],[61.61543,25.286133],[61.668652,25.768994],[61.809961,26.165283],[62.125977,26.368994],[62.312305,26.490869],[62.751563,26.63916],[63.168066,26.665576],[63.231445,26.998145],[63.25625,27.20791],[62.811621,27.229443],[62.764258,27.356738],[62.739746,28.002051],[62.717578,28.252783],[62.130566,28.478809],[61.623047,28.791602],[61.339453,29.331787],[60.843359,29.858691],[62.373438,29.425391],[64.09873,29.391943],[64.39375,29.544336],[64.918945,29.552783],[65.666211,29.701318],[66.286914,29.92002],[66.281836,30.193457],[66.346875,30.802783],[66.595801,31.019971],[66.924316,31.305615],[67.452832,31.234619],[67.733496,31.379248],[67.626758,31.53877],[68.161035,31.802979],[68.520703,31.794141],[68.782324,31.646436],[69.186914,31.838086],[69.289941,32.530566],[69.453125,32.832812],[69.920117,33.1125],[70.219727,33.454687],[69.889648,34.007275],[70.415723,33.950439],[71.091309,34.120264],[71.022949,34.431152],[71.065625,34.599609],[71.358105,34.909619],[71.60166,35.150684],[71.545508,35.288867],[71.587402,35.46084],[71.427539,35.83374],[71.185059,36.04209],[71.545898,36.377686],[71.822266,36.486084],[72.249805,36.734717],[72.622852,36.82959],[73.411133,36.881689],[74.001855,36.823096],[74.541406,37.022168],[74.841211,36.979102],[75.145215,36.973242],[75.460254,36.725049],[75.840234,36.649707],[75.974414,36.382422],[75.912305,36.048975],[76.10332,35.949219],[76.385742,35.837158],[76.631836,35.729395],[76.766895,35.661719]]]}},{"type":"Feature","geometry":{"type":"MultiPolygon","coordinates":[[[[58.72207,20.21875],[58.659082,20.203613],[58.640918,20.210693],[58.641211,20.337354],[58.787988,20.496582],[58.884375,20.680566],[58.950781,20.516162],[58.835156,20.423926],[58.772266,20.266846],[58.72207,20.21875]]],[[[53.085645,16.648389],[52.842969,17.175684],[52.641699,17.497852],[52.464551,17.897412],[52.2875,18.296924],[52.110449,18.696484],[52.118555,19.043164],[52.806738,19.272461],[53.494824,19.501807],[54.183008,19.731152],[54.871094,19.960498],[55.094727,20.350635],[55.241211,20.793408],[55.387695,21.23623],[55.53418,21.679004],[55.577734,22.099512],[55.259277,22.590918],[55.199902,23.034766],[55.466309,23.63291],[55.491797,23.909668],[55.779102,24.01709],[55.966309,24.142627],[55.805664,24.349805],[55.777539,24.577344],[55.795703,24.868115],[55.963086,24.970264],[55.979688,24.87207],[56.106543,24.748682],[56.313574,24.931299],[56.640625,24.470312],[57.219824,23.922754],[58.324512,23.623828],[58.773047,23.517187],[59.029883,23.130566],[59.535156,22.578516],[59.824414,22.305176],[59.517578,21.782324],[58.895703,21.112793],[58.34873,20.386914],[58.24502,20.599219],[57.861816,20.244141],[57.71416,19.678418],[57.790332,19.145947],[57.42793,18.943799],[56.655078,18.587354],[55.997656,17.935205],[55.238184,17.504736],[55.17373,17.157617],[54.566504,17.03125],[53.775391,16.855713],[53.085645,16.648389]]],[[[56.297852,25.650684],[56.144629,25.690527],[56.16748,26.047461],[56.197266,26.229199],[56.378711,26.356348],[56.416406,26.10874],[56.297852,25.650684]]],[[[56.281836,25.235547],[56.240234,25.208838],[56.210547,25.213281],[56.216504,25.266699],[56.234277,25.303809],[56.277344,25.300879],[56.287793,25.278613],[56.281836,25.235547]]]]}},{"type":"Feature","geometry":{"type":"MultiPolygon","coordinates":[[[[20.622168,69.036865],[20.337109,68.899658],[20.147461,68.607324],[19.969824,68.356396],[19.052637,68.492725],[18.303027,68.55542],[18.17666,68.200635],[17.564746,68.048438],[16.585547,67.62832],[16.193555,67.505176],[16.434277,67.155078],[15.88418,66.768848],[15.374902,66.252051],[14.543262,66.129346],[14.595801,65.742871],[14.352441,65.17085],[13.873535,64.513574],[14.141211,64.173535],[13.670703,64.040625],[12.792773,64],[12.301953,63.671191],[12.138672,63.08916],[12.108594,62.919482],[12.114551,62.591895],[12.233691,61.976855],[12.596094,61.541309],[12.828223,61.221826],[12.683008,61.046826],[12.314648,60.892139],[12.552832,60.354492],[12.402051,60.040039],[11.988281,59.891309],[11.680762,59.592285],[11.751855,59.157568],[11.470703,58.909521],[11.132129,59.143213],[10.834473,59.183936],[10.634375,59.60249],[10.569531,59.587109],[10.446387,59.443604],[10.205176,59.038672],[9.842578,58.958496],[9.627148,59.06792],[9.551074,58.933008],[9.238672,58.739014],[8.521387,58.300586],[7.875586,58.07998],[6.903418,58.070508],[6.877051,58.150732],[6.731445,58.068311],[6.69248,58.224023],[6.491504,58.259424],[5.706836,58.523633],[5.555566,58.975195],[6.137305,58.874658],[6.099414,58.951953],[5.94873,59.135449],[6.050684,59.368164],[6.403906,59.560986],[5.845215,59.353467],[5.467578,59.203809],[5.185059,59.453662],[5.472461,59.713086],[5.867285,59.733984],[6.059277,59.815576],[5.730469,59.863086],[6.111816,60.13208],[6.518066,60.407568],[6.660938,60.367236],[6.995703,60.511963],[6.101758,60.290137],[5.800879,60.026221],[5.353418,59.760107],[5.145801,59.638818],[5.187109,59.90708],[5.26543,60.086475],[5.657617,60.154102],[5.183594,60.308398],[5.64834,60.687988],[5.11582,60.635986],[5.008594,61.038184],[5.505273,61.056104],[6.609863,61.137012],[6.980566,60.994141],[7.040137,61.091162],[7.346582,61.300586],[7.27627,61.283936],[6.942578,61.160547],[6.625879,61.279297],[6.383496,61.133887],[5.324609,61.108252],[5.002734,61.433594],[5.267578,61.505029],[4.927832,61.710693],[5.116992,61.8854],[6.466699,61.807422],[6.131152,61.852441],[5.15957,61.956982],[5.293848,62.153906],[5.533301,62.310889],[5.979785,62.407129],[6.580078,62.407275],[6.261719,62.416309],[6.2375,62.519922],[6.618359,62.621289],[7.491797,62.542822],[7.527441,62.610303],[8.095508,62.731836],[7.11084,62.752002],[6.781543,62.789648],[7.389063,63.023291],[7.860352,63.112793],[8.623145,62.84624],[8.158008,63.161523],[8.635547,63.342334],[8.386523,63.445264],[8.673633,63.622607],[9.075879,63.500391],[9.520703,63.585693],[9.891504,63.492041],[10.080566,63.432715],[10.704492,63.463574],[10.725293,63.625],[11.225781,63.763818],[11.213867,63.878125],[11.429199,64.024512],[10.914258,63.921094],[10.33916,63.571045],[9.832324,63.616504],[9.567285,63.706152],[9.939453,63.981738],[10.833984,64.494482],[11.331348,64.685937],[11.39248,64.772998],[11.489355,64.97583],[12.508398,65.099414],[12.715332,65.266357],[12.333984,65.240723],[12.122168,65.362354],[12.627734,65.806152],[13.033105,65.95625],[13.387109,66.182764],[14.03418,66.297559],[13.416406,66.252588],[13.104688,66.539404],[13.450391,66.715527],[13.959473,66.794336],[13.72666,66.938037],[14.108789,67.119238],[14.600684,67.173877],[15.300098,67.256934],[14.441699,67.271387],[14.75498,67.499023],[15.409375,67.47417],[15.575684,67.443848],[15.354004,67.543945],[15.345801,67.734424],[14.781348,67.674902],[15.134277,67.972705],[15.621387,67.948291],[15.316016,68.06875],[16.00791,68.228711],[16.260742,67.886572],[16.372168,68.061816],[16.174805,68.28125],[16.864941,68.355273],[17.478516,68.426318],[17.480176,68.474316],[16.525293,68.490674],[16.884668,68.6854],[17.546289,69.001123],[18.075391,69.232617],[18.293164,69.475098],[18.858984,69.314453],[18.614453,69.490576],[18.991113,69.561133],[19.197266,69.747852],[19.639746,69.503809],[19.960547,69.824609],[20.324219,69.945312],[20.338184,69.61665],[20.107227,69.341211],[20.742578,69.534521],[20.545996,69.851074],[21.032129,69.887451],[21.590234,69.938037],[21.892578,70.004248],[21.346289,70.208252],[21.995508,70.293359],[22.384766,70.277734],[22.941211,70.30498],[23.25791,69.993311],[23.286035,70.104834],[23.897168,70.47876],[24.42002,70.702002],[24.441797,70.891553],[25.042188,70.928613],[25.375586,70.891943],[25.711914,70.869727],[25.468262,70.671973],[24.994238,70.218213],[25.418848,70.235498],[26.506934,70.912793],[26.558203,70.669141],[26.583984,70.453809],[27.071289,70.608447],[27.546484,70.804004],[27.331641,70.996729],[28.141699,71.043018],[28.271875,70.797949],[28.215625,70.704346],[28.166016,70.3604],[28.309863,70.443066],[28.749805,70.841504],[29.321094,70.761475],[29.7375,70.646826],[30.237695,70.622168],[30.595898,70.523682],[30.468945,70.197852],[28.804297,70.092529],[29.620996,69.818213],[29.990332,69.73667],[30.237598,69.862207],[30.484375,69.794873],[30.924121,69.651758],[30.788867,69.528516],[30.180176,69.63584],[30.16377,69.501611],[29.832715,69.360449],[29.170898,69.071533],[28.832617,69.118994],[29.238867,69.393945],[28.411719,69.822754],[27.747852,70.064844],[27.127539,69.906494],[26.584277,69.926318],[26.072461,69.691553],[25.767188,69.282666],[25.64668,68.919141],[25.249121,68.821338],[24.802441,68.606494],[24.154102,68.760889],[23.707031,68.713867],[23.07168,68.674365],[22.38291,68.776611],[21.819727,69.154492],[21.266797,69.273682],[21.127832,69.080811],[20.675879,69.069482],[20.622168,69.036865]]],[[[4.958691,61.08457],[4.870117,61.071924],[4.799023,61.082715],[4.824414,61.178223],[4.861621,61.193848],[4.91543,61.199365],[4.973242,61.148242],[4.958691,61.08457]]],[[[5.08584,60.307568],[5.089063,60.18877],[4.996973,60.197754],[4.955566,60.243311],[4.943555,60.272412],[4.950781,60.341162],[4.930078,60.412061],[4.957227,60.447266],[4.990625,60.452051],[5.050195,60.388965],[5.08584,60.307568]]],[[[29.956152,69.796777],[29.766211,69.767529],[29.744238,69.791602],[29.785938,69.829053],[29.83584,69.905566],[29.913965,69.902441],[29.992969,69.873242],[30.055176,69.838379],[29.956152,69.796777]]],[[[11.967969,65.626514],[11.901855,65.595703],[11.77832,65.604541],[11.765137,65.630957],[11.800391,65.683887],[11.875391,65.705908],[11.972363,65.701562],[12.003223,65.679443],[11.967969,65.626514]]],[[[8.470801,63.667139],[8.356152,63.664795],[8.287109,63.687158],[8.45127,63.731836],[8.708887,63.774316],[8.733398,63.801318],[8.764648,63.804639],[8.80918,63.771436],[8.814844,63.725977],[8.786523,63.703467],[8.470801,63.667139]]],[[[8.102734,63.337598],[8.004688,63.336914],[7.888281,63.352344],[7.815332,63.385059],[7.804004,63.413916],[7.938379,63.449805],[8.073535,63.470801],[8.136133,63.431348],[8.140918,63.366406],[8.102734,63.337598]]],[[[23.440527,70.815771],[23.068164,70.594092],[22.656055,70.559033],[22.358691,70.514795],[22.17002,70.656299],[22.570703,70.697168],[23.280176,70.812744],[23.440527,70.815771]]],[[[25.586328,71.14209],[26.146875,71.039502],[25.760156,70.953809],[25.315234,71.052979],[25.586328,71.14209]]],[[[23.615332,70.549316],[23.332813,70.334961],[23.100293,70.296094],[22.917871,70.384668],[23.158398,70.516064],[23.615332,70.549316]]],[[[24.017578,70.567383],[23.827148,70.52749],[23.716602,70.561865],[23.670117,70.59707],[23.663281,70.675244],[23.68916,70.722803],[23.778418,70.747363],[23.836523,70.729395],[23.852051,70.714355],[23.956445,70.699609],[24.07832,70.650586],[24.017578,70.567383]]],[[[13.872852,68.265332],[14.096777,68.218604],[13.778418,68.10498],[13.424219,68.082764],[13.229395,67.995361],[13.367969,68.166553],[13.784082,68.276123],[13.872852,68.265332]]],[[[12.971777,67.874121],[12.824023,67.82124],[12.87793,67.917773],[12.957715,68.015479],[13.068066,68.071338],[13.122852,68.049414],[13.097754,68.002686],[13.098242,67.956445],[13.074609,67.93457],[12.971777,67.874121]]],[[[15.207129,68.943115],[15.22207,68.616309],[14.793262,68.668262],[14.404688,68.663232],[14.69043,68.814697],[14.837988,68.88667],[15.101855,69.008008],[15.207129,68.943115]]],[[[19.76748,70.216699],[19.994141,70.149268],[19.897266,70.068457],[19.613477,70.219092],[19.76748,70.216699]]],[[[20.779199,70.089746],[20.534668,70.080908],[20.492773,70.20332],[20.779199,70.089746]]],[[[19.255078,70.066406],[19.499512,70.0479],[19.334766,69.820264],[18.90918,69.706689],[18.410254,69.552832],[18.083496,69.626123],[18.315039,69.715479],[18.583984,69.806592],[18.674023,69.864307],[18.968652,70.043018],[19.060059,70.166602],[19.255078,70.066406]]],[[[12.50957,65.901953],[12.429492,65.899072],[12.430176,65.939941],[12.476074,65.9771],[12.548828,66.001904],[12.642383,66.008545],[12.74707,66.011377],[12.778809,65.991699],[12.718652,65.963867],[12.50957,65.901953]]],[[[12.419922,66.043262],[12.327344,66.036621],[12.342773,66.080762],[12.417676,66.122656],[12.446387,66.151318],[12.461328,66.18501],[12.527441,66.210547],[12.620801,66.17793],[12.622656,66.122461],[12.576367,66.071924],[12.419922,66.043262]]],[[[11.231445,64.865869],[11.179004,64.838037],[11.0625,64.8604],[10.83252,64.843115],[10.739844,64.870312],[10.813477,64.923242],[11.020996,64.978711],[11.132617,64.976172],[11.246191,64.90791],[11.231445,64.865869]]],[[[17.503027,69.59624],[17.862793,69.542969],[18.076758,69.395752],[17.950684,69.198145],[17.323633,69.130029],[16.960156,69.069385],[16.971777,69.137891],[17.001758,69.361914],[17.373438,69.438867],[17.453613,69.530176],[17.503027,69.59624]]],[[[15.760352,68.56123],[16.068945,68.714014],[16.227539,68.85376],[16.479688,68.80293],[16.193945,68.538477],[15.872754,68.394238],[15.4375,68.312842],[15.187891,68.3104],[14.628906,68.198486],[14.437793,68.341553],[15.489258,68.805322],[15.438477,68.978564],[15.892676,69.277881],[16.114844,69.216406],[15.905859,68.908496],[15.760352,68.56123]]],[[[-8.953564,70.83916],[-9.045801,70.832666],[-9.098877,70.854883],[-8.964648,70.915918],[-8.520801,71.030664],[-8.343701,71.140137],[-8.001367,71.177686],[-7.978809,71.116895],[-8.0021,71.04126],[-8.302344,70.981152],[-8.635352,70.94043],[-8.953564,70.83916]]],[[[19.219336,74.391016],[19.098535,74.352148],[18.917578,74.410645],[18.797461,74.485693],[18.86123,74.51416],[19.18291,74.51792],[19.261523,74.478955],[19.274707,74.456738],[19.219336,74.391016]]],[[[26.875977,78.648926],[26.729492,78.646484],[26.45957,78.720264],[26.407715,78.784326],[26.455762,78.810498],[26.585938,78.811475],[26.78877,78.723975],[27.007617,78.69751],[26.875977,78.648926]]],[[[32.525977,80.119141],[31.577637,80.081445],[31.481934,80.10791],[33.019141,80.217969],[33.098633,80.228711],[33.383984,80.242334],[33.629297,80.217432],[33.556641,80.198145],[32.525977,80.119141]]],[[[21.608105,78.595703],[22.299512,78.228174],[23.119238,78.238623],[23.151953,78.088086],[23.883008,77.864746],[24.129785,77.658252],[23.736133,77.462354],[22.99668,77.360791],[22.426953,77.315918],[22.678906,77.500146],[22.448242,77.571143],[21.856152,77.494141],[21.201074,77.619482],[21.608398,77.916064],[20.844922,78.165869],[20.372754,78.412012],[21.454785,78.597559],[21.608105,78.595703]]],[[[20.897852,80.249951],[21.69668,80.15918],[22.289746,80.049219],[22.417871,80.365527],[22.792578,80.433008],[23.31543,80.425244],[23.35332,80.178857],[24.142969,80.295166],[24.402637,80.355176],[24.785938,80.300684],[25.751172,80.188037],[27.017188,80.125488],[26.221094,79.677441],[25.641211,79.403027],[24.750586,79.3646],[23.947754,79.194287],[22.695703,79.329053],[20.805566,79.409521],[19.900195,79.533789],[20.014844,79.640234],[20.686816,79.707178],[19.898633,79.744189],[18.725,79.760742],[18.255371,79.929199],[18.343848,80.05957],[18.779297,80.193506],[19.537109,80.163232],[19.17832,80.331543],[19.751074,80.227197],[19.691309,80.402344],[20.104297,80.42998],[20.897852,80.249951]]],[[[16.786719,79.906738],[16.966406,79.958936],[17.83457,79.800049],[17.6875,79.53335],[17.861035,79.437061],[18.581445,79.571582],[18.832422,79.384766],[18.677832,79.261719],[19.089453,79.157031],[20.11377,79.076709],[20.611035,79.106641],[21.089648,78.852637],[21.243945,78.699414],[19.76875,78.622705],[19.380664,78.479785],[18.957617,78.182471],[18.712305,78.040088],[18.438672,77.942041],[18.22793,77.522607],[17.44248,77.225244],[17.249023,76.969189],[17.035547,76.720361],[16.461914,76.609326],[16.004492,76.760742],[14.486914,77.199023],[14.050391,77.403223],[14.071289,77.564111],[14.69502,77.525049],[17.033301,77.797705],[16.539648,77.880225],[15.344824,77.856982],[14.089941,77.771387],[13.71416,77.919434],[13.824023,78.08501],[14.248145,78.071387],[15.698047,78.227588],[15.875391,78.339111],[17.171973,78.417139],[16.535352,78.448877],[16.530469,78.656299],[15.680664,78.471338],[15.254199,78.589062],[15.38418,78.771191],[15.016309,78.630127],[14.743555,78.720947],[14.505273,78.630518],[14.545605,78.461963],[14.238281,78.309863],[13.150195,78.2375],[12.664648,78.384766],[11.961719,78.642383],[11.755176,78.81167],[11.456152,78.972998],[12.40332,78.953223],[12.045801,78.983154],[11.892773,79.152344],[11.679297,79.291162],[11.338867,79.109131],[10.925781,79.350195],[10.725,79.555518],[10.68623,79.733594],[10.865918,79.796582],[11.250586,79.784863],[12.205176,79.719092],[12.27998,79.815967],[13.692871,79.860986],[13.907031,79.752197],[13.215137,79.588086],[13.60127,79.457227],[14.02959,79.344141],[14.019824,79.538672],[14.593652,79.79873],[15.443945,79.406787],[16.294531,78.981055],[15.875098,79.519238],[15.845117,79.733594],[16.093848,80.007324],[16.786719,79.906738]]],[[[11.250293,78.610693],[11.825684,78.436084],[12.116406,78.232568],[11.372461,78.43877],[10.788867,78.686523],[10.772852,78.8875],[11.078223,78.686035],[11.250293,78.610693]]],[[[18.741602,80.300928],[18.525,80.245605],[18.162207,80.288184],[18.205566,80.331787],[18.291699,80.35835],[18.519336,80.34834],[18.741602,80.300928]]],[[[29.04707,78.912061],[29.310547,78.8521],[27.889063,78.852148],[28.511133,78.967334],[29.04707,78.912061]]]]}},{"type":"Feature","geometry":{"type":"MultiPolygon","coordinates":[[[[128.374609,38.623437],[128.168652,38.359326],[127.784668,38.307715],[127.294043,38.313281],[126.940039,38.175586],[126.666504,37.82793],[126.572754,37.796826],[126.116699,37.74292],[125.69502,37.962695],[125.406641,37.719043],[125.101953,37.88208],[125.24668,38.056836],[124.907031,38.112646],[124.882715,38.294971],[125.309668,38.665381],[125.488672,38.727783],[125.157324,38.871533],[125.36084,39.526611],[124.775293,39.758057],[124.638281,39.615088],[124.348633,39.906885],[124.481055,40.181641],[124.942285,40.458154],[125.072949,40.547461],[125.542578,40.742578],[125.688281,40.838672],[125.989062,40.904639],[126.253613,41.137793],[126.49043,41.358057],[126.60127,41.640967],[126.787695,41.718213],[127.006934,41.742041],[127.136719,41.554541],[127.516992,41.481738],[128.013086,41.448682],[128.200293,41.433008],[128.257812,41.655371],[128.056055,41.86377],[128.160156,42.011621],[128.749023,42.040674],[129.077246,42.142383],[129.217773,42.312695],[129.423633,42.435889],[129.603906,42.435889],[129.746484,42.603809],[129.861035,42.965088],[130.022266,42.962598],[130.240332,42.891797],[130.360742,42.630859],[130.554102,42.474707],[130.687305,42.302539],[130.314746,42.214111],[130.007324,41.991162],[129.686328,41.594971],[129.712109,41.123682],[129.245117,40.661035],[128.701367,40.317529],[128.304492,40.035937],[127.568164,39.781982],[127.522852,39.377393],[127.394531,39.20791],[127.786133,39.084131],[128.249414,38.745215],[128.374609,38.623437]]],[[[124.905273,39.536279],[124.848926,39.507568],[124.846094,39.558887],[124.889551,39.6021],[124.93457,39.607812],[124.905273,39.536279]]]]}},{"type":"Feature","geometry":{"type":"MultiPolygon","coordinates":[[[[7.300781,4.418164],[7.203906,4.387646],[7.14043,4.395117],[7.227344,4.527344],[7.271387,4.498926],[7.32793,4.487207],[7.300781,4.418164]]],[[[13.606348,13.70459],[14.160059,12.612793],[14.197461,12.383789],[14.580957,12.22207],[14.618164,11.986621],[14.575391,11.532422],[14.202344,11.268164],[13.89209,11.140088],[13.414551,10.171436],[13.23877,9.814014],[13.019434,9.48833],[12.824414,9.019434],[12.651563,8.667773],[12.233398,8.282324],[12.016602,7.652002],[11.767383,7.272266],[11.787012,7.056201],[11.55166,6.697266],[11.324609,6.484668],[11.079688,6.505518],[10.846484,6.881787],[10.556348,7.037451],[10.293066,6.876758],[10.143555,6.996436],[9.779883,6.760156],[9.490234,6.418652],[9.060156,6.009082],[8.85918,5.46377],[8.585156,4.832812],[8.431348,4.74624],[8.233789,4.907471],[7.800781,4.522266],[7.517383,4.645459],[7.206738,4.612061],[7.16416,4.615576],[6.867871,4.441113],[6.767676,4.724707],[6.860352,4.37334],[6.617285,4.375781],[6.5,4.331934],[6.255957,4.334473],[6.205566,4.292285],[5.906445,4.387744],[5.493262,4.83877],[5.452148,5.126562],[5.36416,5.259277],[5.531836,5.426367],[5.199219,5.533545],[5.456641,5.611719],[5.327344,5.70752],[5.112402,5.641553],[4.861035,6.026318],[3.486621,6.408936],[3.75166,6.583838],[3.335547,6.396924],[2.735645,6.595703],[2.731738,6.852832],[2.750586,7.143213],[2.785156,7.476855],[2.707715,7.826611],[2.703125,8.371826],[2.774805,9.048535],[3.148047,9.320605],[3.329492,9.667041],[3.476758,9.851904],[3.576563,10.268359],[3.680273,10.427783],[3.834473,10.607422],[3.73418,10.971924],[3.638867,11.176855],[3.59541,11.696289],[3.618457,11.827734],[3.63252,12.061572],[3.769238,12.622168],[4.147559,13.457715],[4.559473,13.701807],[5.100879,13.742725],[5.491992,13.872852],[6.299805,13.658789],[6.626563,13.364258],[7.005078,12.995557],[7.274707,13.112256],[7.955762,13.322754],[8.957617,12.857471],[10.045117,13.206152],[10.958887,13.371533],[11.990039,13.191797],[12.510156,13.194336],[13.048438,13.534521],[13.606348,13.70459]]]]}},{"type":"Feature","geometry":{"type":"Polygon","coordinates":[[[13.606348,13.70459],[13.048438,13.534521],[12.510156,13.194336],[11.990039,13.191797],[10.958887,13.371533],[10.045117,13.206152],[8.957617,12.857471],[7.955762,13.322754],[7.274707,13.112256],[7.005078,12.995557],[6.626563,13.364258],[6.299805,13.658789],[5.491992,13.872852],[5.100879,13.742725],[4.559473,13.701807],[4.147559,13.457715],[3.769238,12.622168],[3.63252,12.061572],[3.618457,11.827734],[3.59541,11.696289],[3.299121,11.927148],[2.850195,12.373682],[2.648438,12.296777],[2.363281,12.188428],[2.194434,12.136475],[2.068555,12.37915],[2.22627,12.466064],[2.073828,12.713965],[1.789844,12.613281],[1.308691,12.834277],[0.973047,13.170361],[1.170898,13.32959],[0.977734,13.551953],[0.786035,13.650049],[0.522363,13.839746],[0.38252,14.245801],[0.185059,14.65293],[0.228711,14.963672],[0.947461,14.982129],[1.569141,15.286475],[2.689648,15.329883],[3.060156,15.427197],[3.70957,15.641699],[3.897949,15.837988],[4.014844,16.192725],[4.20293,16.962695],[4.231934,17.830518],[4.228223,18.968066],[5.001367,19.291064],[6.130664,19.731982],[6.989355,20.470508],[8.343066,21.380859],[10.414355,22.602002],[12.48877,23.40166],[13.862695,22.9021],[14.555664,22.78252],[15.172266,21.92207],[15.293652,21.411523],[15.668457,20.672363],[15.766211,19.982568],[15.637598,18.81084],[15.474316,16.908398],[14.178223,15.484766],[13.448242,14.380664],[13.606348,13.70459]]]}},{"type":"Feature","geometry":{"type":"Polygon","coordinates":[[[-83.15752,14.993066],[-83.302002,14.8021],[-83.413721,14.825342],[-83.187744,14.340088],[-83.412305,13.996484],[-83.541211,12.596289],[-83.595898,12.396484],[-83.578076,12.667139],[-83.718359,12.552637],[-83.65127,12.287061],[-83.715576,12.057422],[-83.813184,11.896387],[-83.70459,11.824561],[-83.776611,11.503955],[-83.831836,11.130518],[-83.658936,10.836865],[-84.096191,10.775684],[-84.255566,10.900732],[-84.63418,11.045605],[-85.178955,11.039941],[-85.621387,11.184473],[-85.722266,11.06626],[-85.961133,11.331348],[-86.850977,12.247754],[-87.667529,12.903564],[-87.497949,12.98418],[-87.337256,12.979248],[-86.933154,13.117529],[-86.792139,13.279785],[-86.763525,13.635254],[-86.610254,13.774854],[-86.151221,13.99458],[-85.786719,13.844434],[-85.731201,13.931836],[-85.373779,14.223877],[-85.197559,14.385986],[-85.059375,14.582959],[-84.985156,14.752441],[-84.645947,14.661084],[-84.339795,14.706348],[-84.239209,14.747852],[-84.100293,14.750635],[-83.867285,14.794482],[-83.589746,14.907568],[-83.15752,14.993066]]]}},{"type":"Feature","geometry":{"type":"MultiPolygon","coordinates":[[[[173.115332,-41.279297],[173.5625,-41.102051],[173.947168,-40.924121],[173.879883,-41.031445],[173.797852,-41.271973],[173.957617,-41.099902],[174.080566,-41.006152],[174.223828,-41.024414],[174.199512,-41.160156],[174.283594,-41.171582],[174.237109,-41.312207],[174.072949,-41.47168],[174.169922,-41.657227],[174.21543,-41.850195],[173.88916,-42.211621],[173.347559,-42.84082],[172.888867,-43.124219],[172.626953,-43.299512],[172.632227,-43.42793],[172.74043,-43.467871],[172.947266,-43.658594],[173.093945,-43.844141],[172.817676,-43.870117],[172.475977,-43.833398],[172.429688,-43.746484],[172.296582,-43.867871],[172.052246,-43.740039],[171.977637,-43.984277],[171.658984,-44.117188],[171.364551,-44.25498],[171.231055,-44.521191],[170.999023,-44.911426],[170.990723,-45.151465],[170.700586,-45.684277],[170.791211,-45.843848],[170.419141,-45.941016],[169.918262,-46.334375],[169.342285,-46.620508],[168.766797,-46.566309],[168.382129,-46.605371],[168.319727,-46.447168],[168.077344,-46.35293],[167.682227,-46.192969],[167.368945,-46.241504],[166.712109,-46.133691],[166.649902,-46.041699],[166.612695,-45.955371],[166.512891,-45.811719],[166.809961,-45.699023],[166.869043,-45.549902],[166.919922,-45.40791],[167.052148,-45.383203],[167.145313,-45.301855],[167.032813,-45.222461],[167.188184,-45.094141],[167.194531,-44.963477],[167.482129,-44.873926],[167.577637,-44.74082],[167.908984,-44.664746],[168.018359,-44.358789],[168.650977,-43.972168],[169.066504,-43.863477],[169.169531,-43.777051],[169.769238,-43.538477],[169.89082,-43.461621],[170.103711,-43.265039],[170.3,-43.144629],[170.302832,-43.107617],[170.611816,-43.091797],[170.66543,-42.96123],[170.840332,-42.848633],[171.011719,-42.885059],[171.189551,-42.500488],[171.296094,-42.430566],[171.360254,-42.07998],[171.672168,-41.744727],[172.010742,-41.444727],[172.468164,-40.622168],[172.943652,-40.51875],[172.728906,-40.723633],[173.042285,-40.953613],[173.115332,-41.279297]]],[[[173.914648,-40.863672],[173.780859,-40.921777],[173.78623,-40.881445],[173.812402,-40.793652],[173.87334,-40.749316],[173.90332,-40.746289],[173.964453,-40.712988],[173.958008,-40.786816],[173.914648,-40.863672]]],[[[166.746289,-45.655859],[166.741016,-45.70498],[166.729199,-45.729688],[166.694531,-45.729883],[166.64248,-45.724414],[166.591699,-45.701758],[166.55918,-45.708203],[166.532031,-45.699805],[166.56709,-45.644434],[166.685645,-45.615039],[166.731445,-45.638672],[166.746289,-45.655859]]],[[[166.979492,-45.179688],[167.022656,-45.299805],[166.931152,-45.276855],[166.892676,-45.240527],[166.962695,-45.180371],[166.979492,-45.179688]]],[[[168.144922,-46.862207],[168.125488,-46.956152],[168.240918,-47.07002],[167.810742,-47.17041],[167.521973,-47.258691],[167.654102,-47.044238],[167.765234,-46.797656],[168.144922,-46.862207]]],[[[175.543164,-36.279297],[175.358789,-36.230664],[175.389551,-36.077734],[175.543164,-36.279297]]],[[[173.269434,-34.934766],[173.447852,-34.844336],[173.739258,-35.05459],[173.923828,-35.057129],[174.11875,-35.262891],[174.320312,-35.24668],[174.419141,-35.410742],[174.508594,-35.667383],[174.395801,-35.797363],[174.802148,-36.309473],[174.819238,-36.612109],[174.722461,-36.841211],[174.917188,-36.865039],[175.299512,-36.993262],[175.460938,-37.216699],[175.493164,-36.865723],[175.458008,-36.634277],[175.46084,-36.475684],[175.772168,-36.735156],[175.921094,-37.20459],[176.05332,-37.561719],[176.191113,-37.666992],[176.77002,-37.889648],[177.45332,-37.957422],[177.812695,-37.655957],[178.272168,-37.566895],[178.516016,-37.757617],[178.31543,-38.444043],[177.976172,-38.722266],[177.951367,-39.094531],[177.828711,-39.144727],[177.40752,-39.081152],[177.03125,-39.266895],[176.966602,-39.605176],[176.770703,-40.228418],[176.385156,-40.667676],[176.059961,-41.129688],[175.44707,-41.538281],[175.204492,-41.534961],[174.906055,-41.43291],[174.900195,-41.242676],[174.841211,-41.290723],[174.635352,-41.289453],[175.016797,-40.847656],[175.210156,-40.199414],[174.687305,-39.847168],[174.148633,-39.568164],[173.763672,-39.31875],[173.844336,-39.139355],[174.398438,-38.962598],[174.618555,-38.605273],[174.840039,-38.022656],[174.928027,-37.804492],[174.743945,-37.393457],[174.58584,-37.097754],[174.746387,-37.150098],[174.782031,-36.94375],[174.536523,-36.97334],[174.381934,-36.725977],[174.431738,-36.564551],[174.354102,-36.375977],[174.303516,-36.170508],[174.253711,-36.249121],[173.908887,-35.954199],[174.166406,-36.327637],[173.991016,-36.237207],[173.58584,-35.388574],[173.541699,-35.329883],[173.376367,-35.500098],[173.274512,-35.339648],[173.18877,-35.12373],[172.860742,-34.632324],[172.96377,-34.535156],[173.18125,-34.852734],[173.269434,-34.934766]]],[[[169.178223,-52.497266],[169.233496,-52.548242],[169.127539,-52.570312],[169.075977,-52.551855],[169.039844,-52.528516],[169.021777,-52.49541],[169.079102,-52.498828],[169.128613,-52.485156],[169.178223,-52.497266]]],[[[166.221094,-50.761523],[166.037695,-50.786719],[165.88916,-50.807715],[166.101367,-50.538965],[166.259375,-50.577246],[166.179492,-50.714648],[166.221094,-50.761523]]],[[[-176.177637,-43.740332],[-176.375244,-43.790625],[-176.454932,-43.804883],[-176.385449,-43.951465],[-176.515527,-44.116602],[-176.631543,-44.00625],[-176.63457,-43.820215],[-176.667236,-43.765137],[-176.177637,-43.740332]]],[[[-176.176465,-44.32168],[-176.220801,-44.330566],[-176.2146,-44.273535],[-176.229297,-44.236719],[-176.154687,-44.224512],[-176.122559,-44.268457],[-176.176465,-44.32168]]],[[[-172.47915,-8.580762],[-172.483691,-8.58291],[-172.488232,-8.571582],[-172.494043,-8.55918],[-172.498682,-8.547949],[-172.497021,-8.546484],[-172.487256,-8.556152],[-172.481104,-8.56748],[-172.47915,-8.580762]]],[[[-171.186426,-9.355469],[-171.188623,-9.358301],[-171.193018,-9.352441],[-171.200049,-9.344727],[-171.204443,-9.333301],[-171.20166,-9.332617],[-171.194434,-9.33877],[-171.189307,-9.346582],[-171.186426,-9.355469]]]]}},{"type":"Feature","geometry":{"type":"Polygon","coordinates":[[[-169.803418,-19.083008],[-169.903809,-19.137891],[-169.94834,-19.072852],[-169.90874,-18.990234],[-169.861572,-18.968652],[-169.834033,-18.966016],[-169.793408,-19.042578],[-169.803418,-19.083008]]]}},{"type":"Feature","geometry":{"type":"Polygon","coordinates":[[[-159.740527,-21.249219],[-159.772559,-21.249512],[-159.813086,-21.24209],[-159.8396,-21.238086],[-159.84248,-21.229102],[-159.832031,-21.200488],[-159.810596,-21.186426],[-159.768359,-21.188477],[-159.739502,-21.208105],[-159.736865,-21.240625],[-159.740527,-21.249219]]]}},{"type":"Feature","geometry":{"type":"MultiPolygon","coordinates":[[[[5.993945,50.750439],[5.693652,50.774658],[5.647559,50.86665],[5.749805,50.98877],[5.752344,51.169482],[5.476855,51.285059],[5.099902,51.346484],[4.992578,51.445361],[4.816016,51.432812],[4.633984,51.421729],[4.440918,51.459814],[4.304492,51.361523],[3.821875,51.409375],[3.448926,51.540771],[3.886035,51.574219],[4.239355,51.503906],[4.182617,51.610303],[3.978906,51.847803],[4.208789,52.058984],[4.67832,52.809766],[4.887988,52.90835],[5.532031,53.268701],[6.563574,53.434277],[7.058008,53.300586],[7.179492,52.966211],[7.013184,52.633545],[6.71875,52.573584],[6.748828,52.464014],[7.001855,52.418994],[6.977246,52.205518],[6.724512,52.080225],[6.800391,51.967383],[6.425,51.858398],[6.166504,51.880762],[5.94873,51.802686],[6.091113,51.598926],[6.192871,51.410596],[6.082422,51.17998],[5.961035,51.056689],[5.867188,51.005664],[6.048438,50.904883],[5.993945,50.750439]]],[[[4.226172,51.386475],[3.902051,51.207666],[3.681836,51.275684],[3.43252,51.245752],[3.425781,51.393506],[4.011035,51.395947],[4.226172,51.386475]]],[[[6.333398,53.510742],[6.193262,53.476807],[6.159277,53.483936],[6.167676,53.49375],[6.290918,53.51499],[6.333398,53.510742]]],[[[5.929297,53.458838],[5.732031,53.442627],[5.665332,53.454883],[5.654297,53.466504],[5.708105,53.473389],[5.87627,53.475098],[5.928223,53.46499],[5.929297,53.458838]]],[[[5.108594,53.308008],[4.92373,53.23457],[4.90791,53.24624],[5.027051,53.310205],[5.108594,53.308008]]],[[[5.325781,53.385742],[5.232617,53.377783],[5.190234,53.391797],[5.415137,53.431445],[5.557422,53.443555],[5.582617,53.438086],[5.325781,53.385742]]],[[[4.886133,53.070703],[4.787109,52.999805],[4.726758,53.019629],[4.70918,53.036035],[4.739844,53.091309],[4.886426,53.183301],[4.886133,53.070703]]],[[[3.949121,51.739453],[4.046777,51.684912],[4.067578,51.66748],[4.075098,51.648779],[3.950977,51.627051],[3.819043,51.693994],[3.731836,51.678223],[3.699023,51.709912],[3.698535,51.729687],[3.789062,51.746436],[3.949121,51.739453]]],[[[6.734766,53.58252],[6.64209,53.579199],[6.668555,53.605664],[6.75459,53.625488],[6.800879,53.625488],[6.734766,53.58252]]],[[[-68.205811,12.14458],[-68.254346,12.03208],[-68.282227,12.082275],[-68.287256,12.171729],[-68.307129,12.206738],[-68.348437,12.228076],[-68.371094,12.25752],[-68.369238,12.301953],[-68.219482,12.23125],[-68.205811,12.14458]]],[[[-62.9375,17.495654],[-62.961719,17.475049],[-62.983105,17.476904],[-62.997168,17.496826],[-62.999609,17.530371],[-62.979346,17.521191],[-62.971777,17.516064],[-62.96543,17.509277],[-62.9375,17.495654]]],[[[-63.232666,17.623145],[-63.241602,17.61958],[-63.254492,17.628662],[-63.252148,17.645264],[-63.24165,17.651807],[-63.233496,17.647217],[-63.226904,17.634131],[-63.232666,17.623145]]]]}},{"type":"Feature","geometry":{"type":"Polygon","coordinates":[[[-69.899121,12.452002],[-69.895703,12.422998],[-69.942187,12.438525],[-70.00415,12.500488],[-70.066113,12.546973],[-70.050879,12.59707],[-70.035107,12.614111],[-69.973145,12.567627],[-69.911816,12.480469],[-69.899121,12.452002]]]}},{"type":"Feature","geometry":{"type":"Polygon","coordinates":[[[-68.751074,12.059766],[-68.80332,12.045459],[-68.995117,12.141846],[-69.153809,12.298437],[-69.158887,12.380273],[-69.118457,12.373242],[-69.076758,12.342041],[-69.013135,12.231348],[-68.827393,12.158545],[-68.751074,12.059766]]]}},{"type":"Feature","geometry":{"type":"Polygon","coordinates":[[[88.109766,27.870605],[88.105566,27.642432],[87.993164,27.086084],[88.111523,26.586426],[87.849219,26.436914],[87.413574,26.422949],[87.037891,26.541602],[86.543652,26.495996],[86.129395,26.611719],[85.737305,26.639746],[85.568457,26.839844],[85.191797,26.766553],[85.087305,26.862939],[84.653809,27.091699],[84.480859,27.348193],[83.897168,27.435107],[83.447168,27.465332],[83.213867,27.402295],[82.71084,27.59668],[82.287695,27.756543],[81.945215,27.899268],[81.635547,27.980469],[81.20625,28.289404],[80.750781,28.539697],[80.517871,28.665186],[80.324805,28.666406],[80.05166,28.870312],[80.233008,29.194629],[80.401855,29.730273],[80.819922,30.119336],[81.010254,30.164502],[81.255078,30.093311],[82.043359,30.326758],[82.220703,30.063867],[83.013965,29.618066],[83.456641,29.306348],[83.935938,29.279492],[84.175586,29.036377],[84.46543,28.75293],[84.759375,28.579248],[85.126367,28.602637],[85.088574,28.372266],[85.67832,28.277441],[85.954102,27.928223],[86.078711,28.083594],[86.328613,27.959521],[86.554492,28.085205],[86.750391,28.02207],[87.141406,27.83833],[87.622559,27.815186],[88.02334,27.883398],[88.109766,27.870605]]]}},{"type":"Feature","geometry":{"type":"Polygon","coordinates":[[[166.958398,-0.516602],[166.938965,-0.550781],[166.916406,-0.546484],[166.907031,-0.52373],[166.913574,-0.499121],[166.938965,-0.489355],[166.955664,-0.496973],[166.958398,-0.516602]]]}},{"type":"Feature","geometry":{"type":"Polygon","coordinates":[[[23.380664,-17.640625],[24.227148,-17.489551],[25.001758,-17.568555],[24.909082,-17.821387],[24.412207,-17.989453],[24.002637,-18.154102],[23.647168,-18.449414],[23.459766,-18.231055],[23.099902,-18.00957],[21.529688,-18.265625],[20.975,-18.928516],[20.977441,-20.560254],[20.979492,-21.961914],[20.205371,-22.000195],[19.978223,-22.815918],[19.97959,-23.962402],[19.980469,-24.776758],[19.980469,-26.531152],[19.980469,-28.310352],[19.539844,-28.574609],[19.270996,-28.777734],[19.026074,-28.92793],[18.102734,-28.87168],[17.616797,-28.743066],[17.347852,-28.501172],[17.358691,-28.269434],[17.188477,-28.13252],[16.875293,-28.12793],[16.7875,-28.394727],[16.626172,-28.487891],[16.007129,-28.231738],[15.287598,-27.275],[15.163281,-26.600195],[14.93125,-25.958203],[14.818555,-25.246387],[14.501563,-24.201953],[14.473828,-23.281152],[14.459277,-22.908203],[14.462793,-22.449121],[13.839355,-21.473242],[13.04209,-20.028223],[12.041211,-18.470703],[11.72168,-17.466797],[12.114355,-17.164551],[12.548145,-17.212695],[12.963184,-17.01543],[13.403711,-17.007812],[13.791992,-17.288379],[14.01748,-17.408887],[15.000586,-17.388574],[16.531055,-17.39082],[17.835352,-17.392773],[18.460352,-17.424609],[18.825977,-17.766309],[19.377148,-17.825488],[20.392969,-17.887402],[20.908301,-18.006055],[21.416895,-18.000684],[22.624023,-17.781641],[23.380664,-17.640625]]]}},{"type":"Feature","geometry":{"type":"Polygon","coordinates":[[[31.287891,-22.402051],[31.885938,-21.831543],[32.412402,-21.311816],[32.482813,-20.828906],[32.672559,-20.516113],[33.004883,-19.930176],[32.830762,-19.558203],[32.849805,-19.104395],[32.699707,-18.940918],[32.88457,-18.728516],[32.993066,-18.35957],[32.955566,-18.08291],[32.884375,-17.037793],[32.90293,-16.704199],[32.451953,-16.515723],[31.489844,-16.179688],[30.630176,-15.999219],[30.396094,-15.643066],[30.252148,-15.183203],[30.446094,-14.90752],[31.130859,-14.694629],[31.728906,-14.496094],[32.272852,-14.323047],[33.201758,-14.013379],[33.636426,-14.568164],[33.969824,-14.487109],[34.33252,-14.408594],[34.551172,-14.922363],[34.434961,-15.477148],[34.246094,-15.829395],[34.403027,-16.080273],[34.441309,-16.274414],[34.933398,-16.760352],[35.094238,-16.973828],[35.124609,-17.127246],[35.281152,-16.807813],[35.185254,-16.504883],[35.358496,-16.160547],[35.791211,-15.958691],[35.839941,-15.034668],[35.69043,-14.465527],[35.013867,-13.643457],[34.611523,-13.437891],[34.521289,-12.925781],[34.36084,-12.210547],[34.524805,-11.887012],[34.65957,-11.588672],[35.418262,-11.583203],[35.630957,-11.582031],[36.082227,-11.537305],[36.518652,-11.716211],[36.978906,-11.566992],[37.372852,-11.710449],[37.855078,-11.379102],[38.176563,-11.278711],[38.794727,-11.228906],[39.43916,-11.03457],[39.988672,-10.820801],[40.516699,-10.567383],[40.597168,-10.830664],[40.544531,-11.065625],[40.465137,-11.449414],[40.531543,-12.00459],[40.487109,-12.492188],[40.55332,-12.824609],[40.56875,-12.984668],[40.551953,-13.29375],[40.559863,-13.620313],[40.649512,-14.198828],[40.635547,-14.451855],[40.818164,-14.467578],[40.844531,-14.718652],[40.687402,-15.011621],[40.653125,-15.192676],[40.208008,-15.86709],[39.983594,-16.225488],[39.764551,-16.468164],[39.084375,-16.972852],[38.713281,-17.045703],[38.144922,-17.242773],[37.512305,-17.570703],[36.939355,-17.993457],[36.540137,-18.518164],[36.327246,-18.793164],[36.125,-18.842383],[35.365332,-19.493945],[34.720996,-19.70957],[34.74502,-19.929492],[34.764746,-20.561914],[35.128027,-21.395313],[35.325586,-22.260352],[35.400879,-22.316211],[35.504883,-22.190137],[35.490234,-22.657715],[35.376953,-23.707813],[35.485352,-23.784473],[35.438086,-24.171191],[34.607324,-24.821289],[32.961133,-25.49043],[32.59043,-26.004102],[32.803906,-26.241406],[32.954883,-26.083594],[32.776563,-26.850977],[32.199609,-26.833496],[32.04834,-26.347168],[32.060547,-26.018359],[31.920313,-25.773926],[31.985742,-25.073828],[31.966602,-24.376465],[31.799609,-23.892188],[31.604102,-23.55293],[31.466699,-23.016699],[31.293164,-22.454688],[31.287891,-22.402051]],[[34.641602,-12.013672],[34.624219,-11.984766],[34.591406,-11.971094],[34.554004,-11.982227],[34.541602,-12.018652],[34.580469,-12.06582],[34.621777,-12.066602],[34.641602,-12.013672]],[[34.719336,-12.110645],[34.745996,-12.088379],[34.75625,-12.059082],[34.755957,-12.030762],[34.738965,-12.013086],[34.714941,-12.002734],[34.679883,-12.008887],[34.66748,-12.047559],[34.662109,-12.100781],[34.68418,-12.118652],[34.719336,-12.110645]]]}},{"type":"Feature","geometry":{"type":"Polygon","coordinates":[[[-2.219629,35.104199],[-1.795605,34.751904],[-1.816602,34.55708],[-1.791797,34.36792],[-1.714111,33.781836],[-1.625098,33.18335],[-1.352148,32.703369],[-1.065527,32.468311],[-1.225928,32.164551],[-1.635156,32.099561],[-2.448389,32.12998],[-2.887207,32.068848],[-3.017383,31.834277],[-3.768164,31.689551],[-3.837109,31.512354],[-3.821387,31.255469],[-3.730176,31.1354],[-3.666797,30.964014],[-4.148779,30.80957],[-4.778516,30.552393],[-5.293652,30.058643],[-6.004297,29.83125],[-6.427637,29.816113],[-6.510693,29.726025],[-6.635352,29.568799],[-7.142432,29.61958],[-7.427686,29.425],[-7.943848,29.174756],[-8.399316,28.880176],[-8.68335,28.620752],[-8.68335,27.900391],[-8.813916,27.613867],[-8.802686,27.360937],[-8.753857,27.150977],[-9.084424,27.09043],[-9.413037,27.088477],[-9.735352,26.860937],[-10.032715,26.910742],[-10.251465,26.860937],[-10.654248,27.000586],[-11.046826,26.970312],[-11.361279,26.793555],[-11.399902,26.583594],[-11.583984,26.360937],[-11.718213,26.104102],[-12.030762,26.030859],[-12.081055,25.870703],[-12.201123,25.520117],[-12.36084,24.970312],[-12.561035,24.731055],[-12.911133,24.520117],[-13.121094,24.300391],[-13.310986,23.981055],[-13.661084,23.830664],[-13.931104,23.620703],[-14.101074,23.100195],[-14.190869,22.59043],[-14.270996,22.24082],[-14.460889,22.040625],[-14.621094,21.820898],[-14.750977,21.500586],[-15.290967,21.450781],[-15.92085,21.500586],[-16.730957,21.470312],[-16.930859,21.9],[-16.35874,22.594531],[-16.210254,23.0979],[-15.805957,23.749512],[-15.912549,23.727588],[-15.777783,23.95293],[-14.904297,24.719775],[-14.707031,25.547705],[-14.413867,26.253711],[-13.695898,26.64292],[-13.256152,27.434619],[-12.948926,27.91416],[-11.552686,28.310107],[-10.673828,28.939209],[-9.852637,29.809229],[-9.65293,30.447559],[-9.832422,30.847266],[-9.347461,32.086377],[-8.83623,32.920459],[-7.562354,33.640283],[-6.353125,34.776074],[-5.622852,35.828906],[-5.337646,35.856543],[-4.837207,35.281299],[-3.787988,35.244922],[-3.206006,35.239111],[-2.953613,35.315137],[-2.731396,35.135205],[-2.219629,35.104199]]]}},{"type":"Feature","geometry":{"type":"Polygon","coordinates":[[[-8.817773,27.655908],[-8.68335,27.285937],[-8.682324,26.497705],[-8.885645,25.995508],[-9.630859,25.995508],[-10.376123,25.995459],[-11.121387,25.995459],[-11.86665,25.99541],[-12.016309,25.604004],[-12.016309,25.059375],[-12.016309,24.514795],[-12.016309,23.970215],[-12.023438,23.467578],[-12.559375,23.29082],[-13.031494,23.000244],[-13.155957,22.689307],[-13.078467,22.260449],[-13.041748,21.713818],[-13.167432,21.333789],[-14.084668,21.332715],[-15.001904,21.331592],[-15.919141,21.330469],[-16.836328,21.329395],[-17.063965,20.898828],[-17.003076,21.420703],[-16.581006,21.481055],[-15.750928,21.49082],[-15.150879,21.441016],[-14.67085,21.600195],[-14.630859,21.860937],[-14.440918,22.080664],[-14.221191,22.310156],[-14.170898,22.760352],[-14.040967,23.34043],[-13.891113,23.691016],[-13.581055,23.870703],[-13.280762,24.020117],[-13.061035,24.400977],[-12.820752,24.570898],[-12.500977,24.770117],[-12.310986,25.110937],[-12.17085,25.640234],[-12.081055,25.920508],[-11.960889,26.050391],[-11.699219,26.162695],[-11.553174,26.400977],[-11.337891,26.633398],[-11.392578,26.883398],[-10.922803,27.010352],[-10.55127,26.99082],[-10.189453,26.860937],[-9.980908,26.890234],[-9.67334,26.910742],[-9.352979,27.098242],[-9.001904,27.09043],[-8.753857,27.191016],[-8.788965,27.416553],[-8.817773,27.655908]]]}},{"type":"Feature","geometry":{"type":"Polygon","coordinates":[[[19.194336,43.533301],[19.298242,43.413965],[19.670996,43.163965],[20.167871,42.968506],[20.344336,42.82793],[20.054297,42.760059],[20.070312,42.55708],[19.859766,42.486328],[19.740723,42.606934],[19.597461,42.56543],[19.329004,42.249268],[19.352148,42.024023],[19.186426,41.948633],[18.619043,42.398389],[18.553516,42.428516],[18.436328,42.559717],[18.545898,42.641602],[18.443848,42.968457],[18.621875,43.124609],[18.749219,43.283545],[18.978711,43.2854],[18.940234,43.496729],[19.080078,43.517725],[19.194336,43.533301]]]}},{"type":"Feature","geometry":{"type":"Polygon","coordinates":[[[87.814258,49.162305],[88.028516,49.219775],[88.192578,49.451709],[88.544336,49.482568],[88.831641,49.448437],[88.94541,49.507666],[89.17998,49.532227],[89.395605,49.611523],[89.669531,49.750488],[89.878027,49.953516],[90.103711,50.10332],[90.516895,50.21333],[90.838086,50.32373],[91.233789,50.452393],[91.446484,50.522168],[91.706348,50.665527],[92.192383,50.700586],[92.354785,50.86416],[92.62666,50.688281],[92.856445,50.789111],[93.009863,50.654541],[93.386816,50.608496],[93.79541,50.577637],[94.287012,50.511377],[94.400195,50.179639],[94.614746,50.02373],[94.930273,50.04375],[95.166211,49.943848],[95.522656,49.91123],[95.851953,50.012939],[96.018555,49.998779],[96.315039,49.901123],[96.543262,49.892529],[96.985742,49.882812],[97.208594,49.730811],[97.589355,49.911475],[97.853906,49.946777],[98.121973,50.106592],[98.277344,50.422998],[98.14502,50.568555],[97.961914,50.769141],[97.856152,50.943359],[97.917871,51.217871],[97.98916,51.377051],[98.219922,51.505615],[98.352734,51.717627],[98.848633,52.070068],[99.091406,52.034863],[99.612891,51.892529],[100.03457,51.737109],[100.710742,51.661572],[101.304492,51.474756],[101.821191,51.421045],[102.160059,51.26084],[102.210254,50.974316],[102.276563,50.768701],[102.288379,50.585107],[102.546289,50.461328],[103.039453,50.300635],[103.421191,50.187061],[103.802637,50.176074],[104.179688,50.169434],[104.596387,50.317187],[105.185938,50.42959],[105.692578,50.41416],[106.217871,50.30459],[106.853711,50.248291],[107.233301,49.989404],[107.916602,49.947803],[107.936719,49.691016],[108.098047,49.562646],[108.613672,49.322803],[109.453711,49.296338],[110.199902,49.17041],[110.631055,49.137598],[111.336621,49.355859],[111.735547,49.397754],[112.375195,49.5146],[112.914844,49.569238],[113.319043,49.874316],[113.881152,50.101123],[114.386328,50.255469],[114.87959,50.183057],[115.365039,49.911768],[115.795215,49.905908],[116.351172,49.978076],[116.589746,49.684814],[116.098242,48.936133],[115.820508,48.577246],[115.639453,48.18623],[115.711719,47.798926],[116.074805,47.789551],[116.513477,47.839551],[116.95166,47.836572],[117.350781,47.652197],[117.67666,47.908301],[118.041895,48.018945],[118.567773,47.943262],[118.953125,47.70293],[119.122949,47.558496],[119.308594,47.430713],[119.600195,47.222461],[119.788477,46.978809],[119.895898,46.732861],[119.620215,46.603955],[119.028516,46.692187],[118.722949,46.691895],[118.308691,46.717041],[117.813477,46.537695],[117.546875,46.588281],[117.356348,46.43667],[117.155957,46.355078],[116.688867,46.321973],[116.444824,46.158789],[116.229102,45.845752],[116.039551,45.676953],[115.539453,45.439502],[114.919238,45.378271],[114.517188,45.3646],[114.281055,45.110889],[113.930859,44.912305],[113.587012,44.745703],[113.196094,44.794824],[112.499316,45.010937],[112.032617,45.081641],[111.621289,44.827148],[111.410937,44.419189],[111.519727,44.191895],[111.880273,43.878906],[111.878125,43.680176],[111.547363,43.496289],[111.086523,43.36875],[110.748535,43.110791],[110.461719,42.844141],[110.196875,42.71001],[109.595508,42.510547],[108.874512,42.426465],[108.171191,42.447314],[107.292383,42.349268],[106.693164,42.263574],[105.867578,41.993994],[105.19707,41.738037],[104.860352,41.64375],[104.305176,41.846143],[103.247852,41.936572],[102.156641,42.158105],[101.659961,42.500049],[101.091992,42.551318],[99.983789,42.677344],[98.716309,42.638721],[96.833008,42.760254],[96.34248,42.849316],[95.9125,43.206494],[95.591211,43.853613],[95.356445,44.005957],[95.366797,44.261523],[94.712012,44.35083],[93.95791,44.674951],[93.516211,44.944482],[92.578906,45.010986],[91.852832,45.069336],[91.441016,45.124756],[91.05,45.217432],[90.853223,45.262891],[90.661816,45.525244],[90.852441,45.8854],[90.996777,46.10498],[90.971484,46.387988],[90.997852,46.661084],[90.799023,46.985156],[90.496191,47.285156],[90.380664,47.556641],[90.191016,47.7021],[90.02793,47.877686],[89.778125,47.827002],[89.560938,48.003955],[89.115625,47.987695],[88.838281,48.101709],[88.51709,48.384473],[88.062598,48.537842],[88.010645,48.64043],[87.942187,48.765283],[87.754687,48.918555],[87.834668,49.031934],[87.814258,49.162305]]]}},{"type":"Feature","geometry":{"type":"Polygon","coordinates":[[[26.618945,48.259863],[27.008496,48.368262],[27.458398,48.443066],[27.714453,48.449512],[28.038477,48.321289],[28.291016,48.238574],[28.3875,48.162109],[28.530469,48.150293],[28.923145,47.951123],[29.125391,47.964551],[29.186035,47.658594],[29.159766,47.455664],[29.455664,47.292627],[29.541797,47.185547],[29.568652,46.996729],[29.877832,46.828906],[29.924316,46.538867],[29.878027,46.360205],[29.664551,46.416748],[29.458789,46.45376],[29.304883,46.466602],[29.200781,46.50498],[28.958398,46.458496],[29.00625,46.176465],[28.73877,45.937158],[28.491602,45.665771],[28.499023,45.517725],[28.2125,45.450439],[28.090332,45.612744],[28.134961,45.788867],[28.119141,46.138672],[28.239453,46.64082],[27.974219,47.043213],[27.696191,47.286426],[27.449219,47.553125],[27.230859,47.841748],[26.980762,48.155029],[26.618945,48.259863]]]}},{"type":"Feature","geometry":{"type":"Polygon","coordinates":[[[7.438672,43.750439],[7.377734,43.731738],[7.380078,43.753223],[7.39502,43.765332],[7.414453,43.770898],[7.436914,43.761475],[7.438672,43.750439]]]}},{"type":"Feature","geometry":{"type":"MultiPolygon","coordinates":[[[[-117.128271,32.53335],[-115.983691,32.619043],[-114.839062,32.704736],[-114.361719,32.360303],[-112.464746,31.768262],[-110.688525,31.324854],[-109.274756,31.327441],[-108.213818,31.441895],[-107.992041,31.778174],[-107.112695,31.773633],[-106.44541,31.768408],[-106.148047,31.450928],[-105.27583,30.807275],[-104.835889,30.447656],[-104.504004,29.677686],[-104.110596,29.386133],[-103.422949,29.070703],[-103.022852,29.132227],[-102.877832,29.315332],[-102.47627,29.769092],[-102.163086,29.825244],[-101.568701,29.809229],[-101.440381,29.776855],[-101.038623,29.460303],[-100.658643,29.068555],[-100.331738,28.502539],[-100.221289,28.242627],[-99.754248,27.729932],[-99.48584,27.398047],[-99.440234,27.170117],[-99.443555,27.03667],[-99.17207,26.56416],[-98.765234,26.34043],[-98.378125,26.182373],[-97.587256,25.98418],[-97.349756,25.884766],[-97.164453,25.754932],[-97.667676,24.38999],[-97.727393,23.732227],[-97.816699,22.776318],[-97.782373,22.279297],[-97.360156,21.614941],[-97.40918,21.272559],[-97.383447,21.566699],[-97.637549,21.603662],[-97.501074,21.432031],[-97.186328,20.717041],[-96.368359,19.567236],[-96.073389,19.105664],[-95.810352,18.803857],[-95.626807,18.690576],[-95.697119,18.774902],[-94.798145,18.5146],[-94.392285,18.165967],[-93.552344,18.430469],[-92.769092,18.524121],[-92.441016,18.675293],[-91.880371,18.637793],[-91.802979,18.470605],[-91.275244,18.624463],[-91.367773,18.806104],[-91.469189,18.833008],[-91.058936,19.098193],[-90.650098,19.795947],[-90.486377,20.224023],[-90.435156,20.75752],[-89.819775,21.274609],[-88.466699,21.569385],[-88.171387,21.603516],[-87.688818,21.53584],[-87.187598,21.477295],[-87.249463,21.526611],[-87.275732,21.571631],[-86.911719,21.462842],[-86.771777,21.150537],[-87.05957,20.63125],[-87.46582,19.998535],[-87.506885,19.82749],[-87.645312,19.553906],[-87.424756,19.58335],[-87.566992,19.415723],[-87.62207,19.250488],[-87.593555,19.046387],[-87.804102,18.35708],[-88.039062,18.483887],[-88.073779,18.834473],[-88.275732,18.514551],[-88.522998,18.445898],[-88.857373,17.928809],[-89.133545,17.970801],[-89.728809,17.815332],[-90.99043,17.620752],[-91.409619,17.255859],[-91.111865,16.976172],[-90.659961,16.630908],[-90.471094,16.439551],[-90.459863,16.162354],[-90.97959,16.070801],[-91.819434,15.932373],[-92.204248,15.275],[-92.144238,15.001953],[-92.176465,14.761328],[-92.235156,14.54541],[-92.918408,15.236133],[-93.734375,15.888477],[-94.311279,16.239355],[-94.370166,16.19541],[-94.02832,16.062061],[-94.682275,16.228223],[-94.752832,16.291211],[-94.858691,16.419727],[-95.02085,16.277637],[-94.949316,16.21001],[-96.213574,15.693066],[-97.184668,15.909277],[-98.762207,16.534766],[-99.690674,16.719629],[-100.847803,17.200488],[-101.487061,17.615332],[-101.918701,17.959766],[-102.699561,18.062842],[-103.698926,18.632959],[-104.405176,19.091211],[-105.107666,19.562207],[-105.57041,20.227832],[-105.542578,20.497949],[-105.252295,20.668506],[-105.51084,20.80874],[-105.237061,21.119189],[-105.431445,21.618262],[-105.645508,22.326904],[-106.23457,23.060937],[-106.935498,23.88125],[-107.527246,24.360059],[-107.548877,24.504785],[-107.816699,24.539014],[-108.207666,24.974805],[-108.140088,25.018408],[-108.092822,25.093506],[-108.750977,25.424219],[-109.028809,25.480469],[-108.884863,25.696045],[-109.084082,25.615039],[-109.384961,25.727148],[-109.199707,26.305225],[-109.216016,26.355273],[-109.482861,26.710352],[-109.890918,26.883398],[-110.277148,27.162207],[-110.560645,27.450146],[-110.529883,27.864209],[-110.986084,27.925977],[-111.680078,28.470557],[-111.918604,28.7979],[-112.192041,29.117969],[-112.393213,29.419727],[-112.653125,29.870068],[-112.824805,30.300146],[-113.087012,30.938086],[-113.072803,31.060889],[-113.186182,31.236035],[-113.633008,31.467627],[-113.97749,31.592725],[-114.264062,31.554443],[-114.741309,31.806494],[-114.789893,31.647119],[-114.761035,30.95874],[-114.649756,30.238135],[-114.372607,29.830225],[-113.755469,29.36748],[-113.381836,28.94668],[-113.258887,28.818848],[-112.956641,28.455859],[-112.795703,28.207129],[-112.734033,27.825977],[-112.191455,27.18667],[-112.009082,26.96709],[-111.723389,26.564404],[-111.821777,26.865088],[-111.470166,26.506641],[-111.332129,26.125439],[-111.034424,25.526953],[-110.686768,24.867676],[-110.659326,24.341455],[-110.409619,24.130957],[-110.320898,24.25918],[-110.022803,24.174609],[-109.775977,23.864893],[-109.42085,23.480127],[-109.630469,23.078662],[-110.00625,22.894043],[-110.28877,23.517676],[-110.895557,23.970264],[-111.68291,24.555811],[-111.825195,24.631787],[-112.128516,25.043115],[-112.093359,25.584375],[-112.377246,26.213916],[-113.119238,26.716504],[-113.272266,26.790967],[-113.756641,26.87085],[-114.110059,27.105957],[-114.479687,27.283594],[-114.85874,27.65918],[-114.823535,27.829932],[-114.300586,27.872998],[-114.137207,27.671436],[-114.157324,27.867969],[-114.185254,28.013281],[-114.309229,28.729932],[-114.993506,29.384424],[-115.673828,29.756396],[-115.815625,30.303613],[-116.035352,30.705469],[-116.309668,31.127344],[-116.662158,31.564893],[-116.6521,31.740332],[-116.913672,32.198535],[-117.128271,32.53335]]],[[[-86.939648,20.30332],[-86.991406,20.272168],[-87.019434,20.382324],[-86.977979,20.489795],[-86.927832,20.551514],[-86.828564,20.558789],[-86.763281,20.579053],[-86.755029,20.551758],[-86.808789,20.468457],[-86.939648,20.30332]]],[[[-106.502246,21.61084],[-106.531348,21.528516],[-106.607031,21.561475],[-106.63418,21.613135],[-106.639355,21.697852],[-106.597363,21.712158],[-106.536426,21.676367],[-106.523828,21.652344],[-106.502246,21.61084]]],[[[-110.914453,18.741455],[-110.974805,18.720361],[-111.063672,18.781641],[-111.039941,18.830127],[-110.989404,18.863135],[-110.94209,18.801709],[-110.914453,18.741455]]],[[[-110.567383,25.003467],[-110.538867,24.891553],[-110.590186,24.908057],[-110.657422,24.968848],[-110.703418,25.046631],[-110.699268,25.081445],[-110.690234,25.087842],[-110.595215,25.042139],[-110.567383,25.003467]]],[[[-113.155615,29.052246],[-113.580615,29.413232],[-113.415918,29.485937],[-113.17793,29.131934],[-113.155615,29.052246]]],[[[-115.170605,28.069385],[-115.184277,28.037256],[-115.35293,28.103955],[-115.2604,28.220557],[-115.273975,28.342773],[-115.233545,28.368359],[-115.196973,28.327881],[-115.148535,28.172119],[-115.170605,28.069385]]],[[[-112.203076,29.005322],[-112.278418,28.769336],[-112.355273,28.773145],[-112.514062,28.847607],[-112.531006,28.893994],[-112.469824,29.167725],[-112.423535,29.203662],[-112.285059,29.24043],[-112.263428,29.206787],[-112.24873,29.125977],[-112.203076,29.005322]]],[[[-118.242773,28.941943],[-118.285498,28.90376],[-118.400098,29.112305],[-118.401367,29.162744],[-118.367822,29.187598],[-118.312305,29.182861],[-118.312061,29.130518],[-118.265527,29.086426],[-118.247363,29.043359],[-118.242773,28.941943]]],[[[-86.714014,21.239307],[-86.696289,21.191016],[-86.713623,21.196777],[-86.736377,21.233301],[-86.752881,21.278809],[-86.739062,21.27998],[-86.726904,21.264307],[-86.714014,21.239307]]],[[[-91.683691,18.677344],[-91.796143,18.654199],[-91.816113,18.675879],[-91.589111,18.778027],[-91.550293,18.773682],[-91.536719,18.76001],[-91.654248,18.711475],[-91.683691,18.677344]]],[[[-109.805078,24.151074],[-109.826758,24.147559],[-109.87793,24.200635],[-109.900488,24.330908],[-109.890332,24.344824],[-109.793799,24.183398],[-109.795605,24.163574],[-109.805078,24.151074]]],[[[-114.694141,31.705615],[-114.727246,31.701367],[-114.789209,31.747412],[-114.78457,31.789795],[-114.771094,31.794092],[-114.709082,31.756885],[-114.687939,31.724219],[-114.694141,31.705615]]],[[[-111.100293,26.020605],[-111.087744,25.984521],[-111.094434,25.974072],[-111.135254,25.99917],[-111.204492,25.849707],[-111.224658,25.835889],[-111.18291,26.040625],[-111.139258,26.069824],[-111.090869,26.075684],[-111.100293,26.020605]]],[[[-111.698877,24.393604],[-111.712305,24.346387],[-112.013281,24.533398],[-111.940869,24.551123],[-111.856836,24.537988],[-111.698877,24.393604]]],[[[-112.057275,24.545703],[-112.210498,24.763135],[-112.131689,25.224365],[-112.130225,24.72959],[-112.057275,24.545703]]]]}},{"type":"Feature","geometry":{"type":"Polygon","coordinates":[[[57.65127,-20.484863],[57.317676,-20.427637],[57.416016,-20.183789],[57.656543,-19.989941],[57.725,-20.368848],[57.65127,-20.484863]]]}},{"type":"Feature","geometry":{"type":"MultiPolygon","coordinates":[[[[-16.37334,19.706445],[-16.437549,19.609277],[-16.465967,19.646387],[-16.477002,19.710352],[-16.420166,19.801953],[-16.393262,19.849268],[-16.343652,19.866211],[-16.37334,19.706445]]],[[[-12.280615,14.809033],[-12.543555,15.039014],[-12.813184,15.223535],[-12.862695,15.34043],[-13.079297,15.510449],[-13.206445,15.616895],[-13.409668,16.05918],[-13.506982,16.135205],[-13.714941,16.168799],[-13.932617,16.202881],[-14.300098,16.580273],[-14.959521,16.678906],[-15.090576,16.657373],[-15.37998,16.581982],[-15.958984,16.492139],[-16.239014,16.531299],[-16.441016,16.204541],[-16.535742,16.286816],[-16.207471,17.192578],[-16.084961,18.521191],[-16.476172,19.285059],[-16.305273,19.512646],[-16.241162,20.14126],[-16.479199,20.689795],[-16.62251,20.63418],[-16.971143,21.076465],[-17.042383,21.008008],[-16.607031,21.329639],[-15.689795,21.330762],[-14.772607,21.331885],[-13.855371,21.332959],[-13.016211,21.333936],[-13.051221,21.854785],[-13.086768,22.383252],[-13.166504,22.753223],[-12.895996,23.089551],[-12.3729,23.318018],[-12.016309,23.576465],[-12.016309,24.106348],[-12.016309,24.650977],[-12.016309,25.195557],[-12.016309,25.740137],[-11.680371,25.99541],[-10.935107,25.995459],[-10.189795,25.995459],[-9.444531,25.995508],[-8.682227,25.995508],[-8.682617,26.723145],[-8.495312,27.175342],[-7.743115,26.732959],[-6.990869,26.290576],[-6.238672,25.848193],[-5.516943,25.423779],[-5.1729,24.99541],[-6.594092,24.994629],[-6.482031,24.020801],[-6.368115,23.026123],[-6.254199,22.031543],[-6.140332,21.036865],[-6.026416,20.042187],[-5.9125,19.04751],[-5.798633,18.05293],[-5.684766,17.058252],[-5.359912,16.282861],[-5.723877,15.496289],[-6.539648,15.496191],[-7.355469,15.496191],[-8.17124,15.496143],[-8.987061,15.496094],[-9.350586,15.677393],[-9.440332,15.51167],[-9.941406,15.373779],[-10.411816,15.437939],[-10.731982,15.394922],[-11.007422,15.2229],[-11.502686,15.636816],[-11.798437,15.342725],[-11.940918,14.886914],[-12.280615,14.809033]]]]}},{"type":"Feature","geometry":{"type":"MultiPolygon","coordinates":[[[[14.566211,35.852734],[14.532715,35.820215],[14.436426,35.82168],[14.352344,35.872266],[14.35127,35.978418],[14.44834,35.957422],[14.537012,35.886279],[14.566211,35.852734]]],[[[14.313477,36.027588],[14.253613,36.012158],[14.194238,36.042236],[14.180371,36.0604],[14.263281,36.075781],[14.303711,36.062305],[14.320898,36.03623],[14.313477,36.027588]]]]}},{"type":"Feature","geometry":{"type":"Polygon","coordinates":[[[-11.389404,12.404395],[-11.444092,12.627588],[-11.433936,12.991602],[-11.56167,13.236963],[-11.758252,13.394531],[-11.877783,13.364551],[-12.054199,13.633057],[-11.960889,13.875293],[-12.019189,14.206494],[-12.228418,14.458594],[-12.104687,14.745361],[-11.872852,14.995166],[-11.760156,15.425537],[-11.455225,15.625391],[-10.948242,15.151123],[-10.696582,15.422656],[-10.262109,15.416016],[-9.755078,15.401465],[-9.447705,15.574854],[-9.335449,15.525684],[-8.783105,15.496094],[-7.967285,15.496143],[-7.151514,15.496191],[-6.335742,15.496191],[-5.5125,15.496289],[-5.509619,16.442041],[-5.713184,17.306885],[-5.8271,18.301563],[-5.941016,19.296191],[-6.054883,20.290869],[-6.168799,21.285547],[-6.282715,22.280176],[-6.396582,23.274805],[-6.510449,24.269482],[-6.287207,24.994824],[-4.822607,24.995605],[-3.585352,24.195361],[-2.275391,23.338867],[-0.965479,22.482471],[0.344434,21.625977],[1.15918,21.0625],[1.208887,20.767285],[1.647363,20.458838],[1.928809,20.272705],[2.474219,20.03501],[2.99248,19.916602],[3.202734,19.718311],[3.254395,19.372607],[3.137891,19.212158],[3.255957,19.013281],[3.43877,18.996143],[4.228223,18.968066],[4.231934,17.830518],[4.20293,16.962695],[4.014844,16.192725],[3.897949,15.837988],[3.70957,15.641699],[3.060156,15.427197],[2.689648,15.329883],[1.569141,15.286475],[0.947461,14.982129],[0.228711,14.963672],[-0.40542,15.0125],[-0.666455,15.069775],[-1.049561,14.819531],[-1.695068,14.508496],[-2.057129,14.194629],[-2.586719,14.227588],[-2.918506,13.736377],[-3.038672,13.639111],[-3.266748,13.400781],[-3.527637,13.182715],[-4.051172,13.382422],[-4.328711,13.119043],[-4.2271,12.793701],[-4.421582,12.493066],[-4.586914,12.155029],[-4.968994,11.993311],[-5.288135,11.82793],[-5.244775,11.576758],[-5.347412,11.130273],[-5.45708,10.771387],[-5.523535,10.426025],[-5.896191,10.354736],[-6.03457,10.194824],[-6.241309,10.279199],[-6.217773,10.47627],[-6.261133,10.724072],[-6.432617,10.64873],[-6.5646,10.586426],[-6.691992,10.512012],[-6.833643,10.356982],[-6.991748,10.251855],[-7.01709,10.143262],[-7.363184,10.259375],[-7.497949,10.439795],[-7.749072,10.342285],[-7.990625,10.1625],[-8.231494,10.437988],[-8.32168,10.826953],[-8.404492,11.029932],[-8.646191,10.990479],[-8.520312,11.235937],[-8.398535,11.366553],[-8.621143,11.485107],[-8.779736,11.648242],[-8.913867,12.108545],[-9.120459,12.449951],[-9.395361,12.464648],[-9.340186,12.282764],[-9.587744,12.182471],[-9.820703,12.04248],[-10.339893,12.190283],[-10.618994,11.941211],[-10.734912,11.916455],[-10.933203,12.205176],[-11.209668,12.024854],[-11.492432,12.166943],[-11.418066,12.377686],[-11.389404,12.404395]]]}},{"type":"Feature","geometry":{"type":"MultiPolygon","coordinates":[[[[73.416602,3.23125],[73.395313,3.229395],[73.382031,3.246484],[73.384961,3.271387],[73.401563,3.28877],[73.427734,3.289844],[73.442773,3.274316],[73.434961,3.250146],[73.416602,3.23125]]],[[[73.512207,4.164551],[73.481152,4.188135],[73.52832,4.243311],[73.512207,4.164551]]]]}},{"type":"Feature","geometry":{"type":"MultiPolygon","coordinates":[[[[100.119141,6.441992],[100.216602,6.686621],[100.629492,6.447998],[100.816504,6.331641],[101.053516,6.242578],[100.992773,5.846191],[101.113965,5.636768],[101.257031,5.789355],[101.601367,5.877148],[101.790723,5.779346],[102.055176,6.09668],[102.340137,6.172021],[102.982422,5.524951],[103.453906,4.669482],[103.37334,3.671094],[103.439453,2.933105],[103.832324,2.508496],[104.280371,1.415576],[104.094238,1.446191],[103.981445,1.623633],[103.816797,1.476562],[103.427344,1.429834],[102.727148,1.855566],[101.78125,2.573584],[101.295508,2.885205],[101.11543,3.472021],[100.71543,3.966211],[100.661035,4.225732],[100.352637,5.587695],[100.158398,6.324219],[100.119141,6.441992]]],[[[117.574414,4.170605],[117.100586,4.337061],[116.589063,4.338428],[116.367676,4.327344],[116.021582,4.290674],[115.782422,4.25376],[115.568457,3.93877],[115.566113,3.445752],[115.499121,3.173145],[115.310156,2.993945],[115.086328,2.841113],[115.077051,2.687012],[115.179102,2.523193],[114.836328,2.269385],[114.787988,2.051611],[114.8,1.893945],[114.660937,1.686279],[114.5125,1.452002],[114,1.455273],[113.681641,1.260596],[113.358984,1.327148],[112.988281,1.457129],[112.476172,1.559082],[112.167383,1.338184],[111.808984,1.01167],[111.54668,0.994336],[110.996094,1.026367],[110.461426,0.88208],[110.04082,1.235742],[109.818066,1.438965],[109.570801,1.806299],[109.694336,1.88877],[110.114062,1.698584],[110.399512,1.699854],[110.939941,1.517334],[111.123438,1.449023],[111.110156,1.684082],[111.250879,2.063867],[111.208594,2.379639],[111.406152,2.367871],[111.443262,2.634326],[112.118848,2.914697],[113.044727,3.205225],[113.712109,4.001416],[113.99043,4.482812],[114.063867,4.592676],[114.261035,4.414258],[114.416602,4.255859],[114.608301,4.023975],[114.810449,4.266504],[114.818262,4.42876],[114.74668,4.718066],[115.026758,4.899707],[115.107031,4.39043],[115.319238,4.365283],[115.22793,4.750586],[115.427637,4.969189],[115.466895,5.254102],[115.603906,5.603418],[115.796875,5.536133],[116.110059,6.003271],[116.749805,6.9771],[116.841992,6.77207],[116.913281,6.659668],[117.229883,6.93999],[117.294043,6.676904],[117.645703,6.473682],[117.615918,6.196533],[117.501172,5.884668],[118.061719,5.983447],[117.928027,5.769189],[118.249121,5.820557],[118.51416,5.728906],[118.957324,5.429004],[119.223437,5.412646],[119.249707,5.19873],[118.67207,4.964062],[118.260547,4.988867],[118.595117,4.460645],[118.364062,4.335742],[117.895605,4.262939],[117.603809,4.2],[117.574414,4.170605]]],[[[104.221582,2.731738],[104.17334,2.721338],[104.146875,2.728223],[104.129102,2.767236],[104.169824,2.856836],[104.184766,2.871729],[104.223242,2.774219],[104.221582,2.731738]]],[[[100.288965,5.294727],[100.26377,5.266992],[100.191016,5.282861],[100.203906,5.446875],[100.245508,5.467773],[100.310156,5.437939],[100.338867,5.410059],[100.288965,5.294727]]],[[[99.848047,6.465723],[99.823242,6.312744],[99.656641,6.367139],[99.82168,6.44502],[99.848047,6.465723]]],[[[117.141602,7.168213],[117.080664,7.115283],[117.060156,7.178857],[117.064258,7.260693],[117.146875,7.337012],[117.264063,7.35166],[117.280762,7.290625],[117.266797,7.220801],[117.239355,7.184766],[117.141602,7.168213]]],[[[101.318555,2.988477],[101.268066,2.97041],[101.26543,2.996484],[101.274219,3.032812],[101.31123,3.067383],[101.328418,3.047607],[101.318555,2.988477]]],[[[111.389258,2.415332],[111.358691,2.402197],[111.311523,2.437598],[111.300391,2.741162],[111.333496,2.768311],[111.355078,2.764453],[111.37832,2.709326],[111.37627,2.576318],[111.380469,2.458936],[111.389258,2.415332]]],[[[117.884766,4.186133],[117.74541,4.166943],[117.649023,4.168994],[117.666797,4.204004],[117.662109,4.250195],[117.708008,4.262402],[117.761426,4.252344],[117.884766,4.186133]]]]}},{"type":"Feature","geometry":{"type":"MultiPolygon","coordinates":[[[[34.719336,-12.110645],[34.68418,-12.118652],[34.662109,-12.100781],[34.66748,-12.047559],[34.679883,-12.008887],[34.714941,-12.002734],[34.738965,-12.013086],[34.755957,-12.030762],[34.75625,-12.059082],[34.745996,-12.088379],[34.719336,-12.110645]]],[[[34.641602,-12.013672],[34.621777,-12.066602],[34.580469,-12.06582],[34.541602,-12.018652],[34.554004,-11.982227],[34.591406,-11.971094],[34.624219,-11.984766],[34.641602,-12.013672]]],[[[33.201758,-14.013379],[33.009277,-14.02373],[32.920313,-13.883887],[32.785352,-13.731445],[32.67207,-13.610352],[32.851855,-13.457031],[32.977637,-13.158887],[32.970508,-12.864746],[33.243457,-12.556543],[33.512305,-12.347754],[33.252344,-12.112598],[33.288281,-11.611133],[33.268359,-11.403906],[33.293262,-10.981152],[33.344922,-10.812695],[33.661523,-10.553125],[33.528906,-10.234668],[33.337109,-9.954004],[33.212695,-9.683008],[33.072461,-9.638184],[32.979883,-9.520313],[32.937305,-9.399707],[33.330859,-9.519141],[33.697656,-9.598145],[33.943945,-9.672168],[33.962109,-9.531738],[34.327832,-9.756543],[34.569922,-10.241113],[34.589551,-10.496191],[34.66709,-10.79248],[34.60791,-11.080469],[34.752148,-11.309473],[34.890625,-11.393555],[34.826563,-11.575684],[34.553906,-11.834082],[34.357813,-12.164746],[34.48291,-12.666797],[34.563672,-13.360156],[34.906836,-13.55166],[35.488477,-14.201074],[35.892773,-14.891797],[35.819922,-15.680371],[35.599316,-16.125879],[35.242773,-16.375391],[35.229785,-16.639258],[35.201367,-17.131055],[35.043945,-17.016895],[35.015332,-16.819531],[34.528125,-16.319141],[34.395117,-16.130859],[34.248242,-15.8875],[34.414746,-15.566797],[34.557617,-15.015918],[34.375,-14.424805],[34.049414,-14.485254],[33.658301,-14.561621],[33.243555,-14.043066],[33.201758,-14.013379]]]]}},{"type":"Feature","geometry":{"type":"MultiPolygon","coordinates":[[[[49.538281,-12.432129],[49.876465,-12.973047],[50.173828,-14.040234],[50.441309,-15.149316],[50.262305,-15.901563],[50.02041,-15.801758],[49.74375,-15.449512],[49.69707,-15.811426],[49.785938,-16.159082],[49.733984,-16.703027],[49.636914,-16.892871],[49.437109,-17.34668],[49.296875,-18.544043],[48.797461,-19.953223],[48.350781,-21.349023],[47.858301,-22.747266],[47.588672,-23.756348],[47.333594,-24.317578],[47.034961,-24.979004],[46.386719,-25.172754],[45.60459,-25.528711],[44.812891,-25.33418],[44.345898,-25.226074],[44.008301,-24.932031],[43.851562,-24.538379],[43.662109,-23.979199],[43.69873,-23.420898],[43.397852,-22.886328],[43.257129,-22.276367],[43.342676,-21.79043],[43.501855,-21.356445],[43.855664,-21.076855],[44.239648,-20.379688],[44.432227,-19.674219],[44.23877,-19.075195],[44.178711,-18.618555],[44.013672,-17.804492],[44.421387,-16.702637],[44.44248,-16.24375],[44.955078,-16.15332],[45.271289,-15.962305],[45.541797,-15.984277],[45.661523,-15.838867],[46.15752,-15.738281],[46.399609,-15.924609],[46.331445,-15.713672],[46.882031,-15.22959],[47.027441,-15.452246],[47.135156,-15.301563],[47.197656,-15.044043],[47.439063,-14.70332],[47.474023,-14.871973],[47.524707,-14.992188],[47.774023,-14.636719],[47.77334,-14.369922],[47.995508,-13.960449],[47.941016,-13.662402],[48.187109,-13.706543],[48.506445,-13.46875],[48.919434,-12.839063],[48.803906,-12.440039],[49.207031,-12.07959],[49.363965,-12.236328],[49.538281,-12.432129]]],[[[48.342188,-13.363867],[48.343555,-13.400391],[48.211914,-13.385254],[48.191211,-13.259961],[48.255664,-13.256055],[48.269727,-13.20459],[48.308887,-13.198242],[48.351074,-13.30957],[48.342188,-13.363867]]],[[[49.936426,-16.90293],[49.824023,-17.086523],[49.855664,-16.933203],[49.985938,-16.712402],[50.023047,-16.695312],[49.936426,-16.90293]]]]}},{"type":"Feature","geometry":{"type":"Polygon","coordinates":[[[21.5625,42.24751],[21.853027,42.308398],[22.14668,42.325],[22.344043,42.313965],[22.796094,42.025684],[22.991992,41.757178],[22.929688,41.356104],[22.755078,41.312744],[22.400781,41.123389],[21.993359,41.130957],[21.575781,40.868945],[21.147559,40.863135],[20.933496,40.903125],[20.656055,41.06167],[20.487012,41.336084],[20.516211,41.574756],[20.566211,41.873682],[20.744141,41.904297],[21.14248,42.175],[21.297559,42.130078],[21.5625,42.24751]]]}},{"type":"Feature","geometry":{"type":"Polygon","coordinates":[[[6.116504,50.120996],[6.204883,49.915137],[6.487305,49.798486],[6.406738,49.644971],[6.277344,49.477539],[6.074121,49.454639],[5.901367,49.489746],[5.837598,49.57832],[5.787988,49.758887],[5.735254,49.875635],[5.866895,50.082812],[6.110059,50.123779],[6.116504,50.120996]]]}},{"type":"Feature","geometry":{"type":"MultiPolygon","coordinates":[[[[20.957813,55.278906],[20.899805,55.28667],[21.014063,55.401953],[21.057617,55.476807],[21.087891,55.583105],[21.114844,55.616504],[21.115723,55.568164],[21.103906,55.487744],[21.031738,55.350488],[20.957813,55.278906]]],[[[22.766211,54.356787],[22.709668,54.632617],[22.627441,54.970703],[22.072363,55.063672],[21.44707,55.234424],[21.236328,55.271191],[21.061914,55.813428],[21.653516,56.314551],[22.365918,56.392871],[22.968262,56.38042],[23.612695,56.333838],[24.120703,56.264258],[24.699512,56.381299],[24.943848,56.325586],[25.663184,56.104834],[26.20957,55.812109],[26.593555,55.667529],[26.469531,55.371924],[26.760156,55.293359],[26.648438,55.204199],[26.23125,55.090137],[25.964453,54.947168],[25.723926,54.636035],[25.620313,54.4604],[25.616895,54.310107],[25.765234,54.179785],[25.510352,54.159619],[25.461133,54.292773],[25.111426,54.154932],[24.789258,53.998242],[24.317969,53.892969],[24.008496,53.931641],[23.559082,53.919824],[23.481348,54.079004],[23.170313,54.281445],[23.015527,54.34834],[22.766211,54.356787]]]]}},{"type":"Feature","geometry":{"type":"Polygon","coordinates":[[[9.580273,47.057373],[9.484277,47.172656],[9.551074,47.212256],[9.610547,47.107129],[9.580273,47.057373]]]}},{"type":"Feature","geometry":{"type":"Polygon","coordinates":[[[9.51875,30.229395],[9.93252,30.425342],[10.256055,30.864941],[10.114941,31.46377],[10.306055,31.704834],[10.608887,31.929541],[11.005176,32.172705],[11.535938,32.47334],[11.45918,32.897363],[11.657129,33.118896],[12.753516,32.801074],[13.647754,32.798828],[14.423828,32.550293],[15.359082,32.159668],[15.595801,31.531104],[16.450977,31.227295],[17.949316,30.851904],[19.12373,30.266113],[20.013184,30.800684],[20.103809,31.300537],[19.973438,31.999072],[20.621094,32.580176],[21.635938,32.937305],[22.340625,32.879883],[23.090625,32.61875],[23.286328,32.213818],[24.129688,32.009229],[24.950684,31.953711],[25.112012,31.626904],[24.852734,31.334814],[24.973926,30.776562],[24.726465,30.250586],[24.81084,29.80874],[24.980273,29.181885],[24.980273,28.283643],[24.980273,27.3854],[24.980273,26.487109],[24.980273,25.588867],[24.980273,24.690625],[24.980273,23.792383],[24.980273,22.894092],[24.980273,21.99585],[24.979492,20.002588],[24.966992,19.995459],[23.980273,19.995947],[23.980273,19.496631],[22.064063,20.44292],[20.147656,21.389258],[18.231348,22.335547],[16.315039,23.281836],[14.979004,22.996191],[14.215527,22.619678],[13.48125,23.180176],[11.873047,23.694824],[11.507617,24.314355],[10.395898,24.485596],[10.119531,24.790234],[9.781055,25.624268],[9.437891,26.245508],[9.883203,26.630811],[9.752539,27.219336],[9.858203,28.043311],[9.805273,29.176953],[9.546191,29.795947],[9.51875,30.229395]]]}},{"type":"Feature","geometry":{"type":"Polygon","coordinates":[[[-11.50752,6.906543],[-11.166113,7.314404],[-10.691309,7.736426],[-10.516748,8.125293],[-10.285742,8.454102],[-10.097656,8.505859],[-9.781982,8.537695],[-9.701172,8.482178],[-9.610156,8.402344],[-9.508496,8.17627],[-9.451123,8.023242],[-9.394922,7.794629],[-9.411475,7.509961],[-9.39165,7.394922],[-9.172852,7.278418],[-8.976562,7.258887],[-8.855518,7.322803],[-8.732617,7.543555],[-8.607324,7.687939],[-8.486426,7.558496],[-8.296631,7.074023],[-8.332568,6.801562],[-8.539551,6.468066],[-8.344873,6.35127],[-8.068945,6.298389],[-7.833252,6.076367],[-7.636133,5.907715],[-7.454395,5.841309],[-7.428906,5.477881],[-7.509766,5.108496],[-7.591211,4.821533],[-7.66001,4.366797],[-9.374756,5.241064],[-10.59707,6.210938],[-11.004541,6.557373],[-11.50752,6.906543]]]}},{"type":"Feature","geometry":{"type":"Polygon","coordinates":[[[28.736914,-30.101953],[28.499609,-30.128906],[28.176172,-30.409863],[28.056836,-30.631055],[27.666602,-30.542285],[27.491992,-30.363965],[27.364063,-30.279199],[27.239746,-30.015332],[27.051758,-29.664062],[27.294531,-29.519336],[27.491016,-29.276563],[27.735547,-28.940039],[28.232617,-28.70127],[28.652637,-28.597852],[28.85625,-28.776074],[29.259766,-29.07832],[29.390723,-29.269727],[29.249219,-29.618848],[29.098047,-29.919043],[28.736914,-30.101953]]]}},{"type":"Feature","geometry":{"type":"Polygon","coordinates":[[[35.97627,34.629199],[36.383887,34.65791],[36.329883,34.499609],[36.584961,34.22124],[36.354883,34.011328],[36.362793,33.855127],[36.199414,33.839551],[35.986133,33.752637],[36.02666,33.597949],[35.926563,33.500293],[35.7875,33.369775],[35.579297,33.271484],[35.308887,33.079541],[35.203516,33.258984],[35.611816,34.032178],[35.97793,34.547412],[35.97627,34.629199]]]}},{"type":"Feature","geometry":{"type":"Polygon","coordinates":[[[26.593555,55.667529],[26.20957,55.812109],[25.663184,56.104834],[24.943848,56.325586],[24.699512,56.381299],[24.120703,56.264258],[23.612695,56.333838],[22.968262,56.38042],[22.365918,56.392871],[21.653516,56.314551],[21.031445,56.636572],[21.405078,57.131006],[21.942383,57.597852],[22.648633,57.595361],[23.647754,56.971045],[24.382617,57.250049],[24.322559,57.870605],[24.839063,57.988721],[25.228711,57.996582],[25.282617,58.048486],[25.720898,57.913818],[26.030371,57.785547],[26.532617,57.531006],[27.033398,57.57876],[27.469727,57.524023],[27.796875,57.316943],[27.814551,57.166895],[27.639453,56.845654],[27.881543,56.82417],[28.00752,56.599854],[28.191699,56.315576],[28.117871,56.145801],[27.642285,55.911719],[27.427148,55.805957],[26.822461,55.709229],[26.593555,55.667529]]]}},{"type":"Feature","geometry":{"type":"Polygon","coordinates":[[[102.127441,22.379199],[102.4875,21.957764],[102.64082,21.711426],[102.771094,21.709668],[102.876172,21.722266],[102.948633,21.569775],[102.851172,21.265918],[103.463574,20.779834],[103.790527,20.809521],[104.195312,20.913965],[104.583203,20.64668],[104.407813,20.485742],[104.618848,20.374512],[104.69873,20.205322],[104.929199,20.082813],[104.801758,19.836133],[104.259863,19.685498],[104.013477,19.646484],[103.932031,19.366064],[104.006348,19.230908],[104.613281,18.860645],[105.146484,18.650977],[105.08584,18.450098],[105.333496,18.189648],[105.588477,17.983691],[105.779492,17.644434],[106.269531,17.216797],[106.502246,16.954102],[106.593652,16.600098],[106.739551,16.452539],[106.892773,16.396533],[107.217383,16.136328],[107.410156,15.997852],[107.165918,15.80249],[107.33877,15.560498],[107.653125,15.255225],[107.496289,15.021436],[107.51377,14.817383],[107.379883,14.555322],[107.109375,14.416699],[106.938086,14.327344],[106.738184,14.387744],[106.531152,14.549414],[106.267969,14.466211],[106.008398,14.357178],[106.124707,14.049121],[105.764063,14.049072],[105.350195,14.10957],[105.185547,14.319092],[105.422656,14.471631],[105.523047,14.843311],[105.49043,15.256592],[105.615625,15.488281],[105.562402,15.74126],[105.375586,15.942188],[105.047168,16.160254],[104.750586,16.647559],[104.739648,17.46167],[104.322656,17.81582],[103.898828,18.295313],[103.366992,18.42334],[103.27959,18.30498],[103.091211,18.138232],[102.807422,17.945557],[102.660645,17.817969],[102.552539,17.965088],[102.148242,18.203857],[101.875488,18.046436],[101.6875,17.889404],[101.299707,17.625],[100.955859,17.541113],[101.143945,18.142627],[101.050586,18.407031],[101.165527,18.618311],[101.226562,19.211523],[101.154688,19.579199],[100.806836,19.541943],[100.420117,19.644482],[100.543066,20.088672],[100.431543,20.240723],[100.218066,20.3396],[100.122461,20.31665],[100.326074,20.795703],[100.622949,20.85957],[100.536133,20.992383],[100.703125,21.251367],[101.080371,21.468652],[101.205566,21.383301],[101.247852,21.197314],[101.583887,21.203564],[101.728125,21.156396],[101.763086,21.278906],[101.747266,21.605762],[101.60293,21.989697],[101.537305,22.209863],[101.646191,22.40542],[101.759961,22.490332],[102.091504,22.412256],[102.127441,22.379199]]]}},{"type":"Feature","geometry":{"type":"Polygon","coordinates":[[[70.958008,40.238867],[71.376172,40.275195],[71.629883,40.217139],[71.772656,40.188037],[71.971094,40.289502],[72.232813,40.454395],[72.389258,40.427393],[72.382617,40.565137],[72.67959,40.555615],[73.136914,40.810645],[72.866602,40.842334],[72.505957,40.981689],[72.213086,41.014258],[72.164258,41.17373],[71.878613,41.19502],[71.757715,41.428027],[71.664941,41.541211],[71.60625,41.367432],[71.420898,41.341895],[71.223438,41.139941],[70.860449,41.224902],[70.645898,41.460352],[70.200879,41.514453],[70.562891,41.830811],[70.841895,42.019629],[71.228516,42.162891],[71.036035,42.284668],[70.892871,42.33999],[71.093555,42.586523],[71.514258,42.766943],[71.816797,42.822168],[72.666113,42.6604],[73.19082,42.526855],[73.492969,42.409033],[73.612012,43.0479],[74.08623,43.188623],[74.363867,43.179443],[75.366211,42.836963],[75.840332,42.9375],[76.646484,42.928809],[77.235547,42.912646],[77.622461,42.902246],[78.375977,42.871484],[78.885156,42.774902],[79.164844,42.759033],[79.428223,42.483496],[79.921094,42.413135],[80.246191,42.059814],[79.84043,41.995752],[79.293555,41.782812],[78.442871,41.417529],[78.123438,41.075635],[77.581738,40.992773],[76.907715,41.02417],[76.639844,40.742236],[76.480176,40.449512],[76.206055,40.408398],[75.871973,40.303223],[75.583496,40.605322],[75.111328,40.454102],[74.811133,40.458789],[74.767773,40.329883],[74.242676,40.092041],[73.93877,39.978809],[73.839746,39.762842],[73.872754,39.533301],[73.575586,39.457617],[73.234961,39.374561],[72.639941,39.385986],[72.287207,39.27373],[72.08418,39.310645],[71.778613,39.277979],[71.672656,39.44707],[71.517383,39.553857],[71.328516,39.568701],[71.065039,39.493408],[70.678613,39.471289],[70.39209,39.581885],[70.136816,39.557568],[69.666992,39.574902],[69.297656,39.524805],[69.278809,39.917773],[69.47627,39.919727],[69.493652,40.060352],[70.071484,40.172754],[70.515137,39.949902],[70.644336,40.083447],[70.958008,40.238867]],[[71.206152,39.892578],[71.130273,40.059668],[70.97627,40.133252],[71.041016,39.994922],[71.064258,39.884912],[71.206152,39.892578]],[[71.779688,39.950244],[71.789941,39.995312],[71.765332,39.993262],[71.736523,39.980957],[71.68125,39.968652],[71.668945,39.946094],[71.705859,39.917432],[71.75293,39.907129],[71.779688,39.950244]],[[70.70166,39.825293],[70.698242,39.84585],[70.66416,39.855469],[70.56709,39.866602],[70.497754,39.882422],[70.482813,39.882715],[70.489258,39.863037],[70.518652,39.828174],[70.55957,39.790918],[70.612109,39.786768],[70.70166,39.825293]]]}},{"type":"Feature","geometry":{"type":"MultiPolygon","coordinates":[[[[48.275391,29.624316],[48.081445,29.798926],[48.138867,29.896582],[48.348242,29.782666],[48.275391,29.624316]]],[[[48.44248,28.54292],[47.671289,28.533154],[47.433203,28.989551],[46.531445,29.09624],[46.975977,29.672852],[47.148242,30.000977],[47.64375,30.097314],[47.973633,29.945898],[48.143457,29.572461],[47.81748,29.487402],[47.935352,29.366602],[48.100391,29.210742],[48.371289,28.691846],[48.44248,28.54292]]]]}},{"type":"Feature","geometry":{"type":"Polygon","coordinates":[[[20.344336,42.82793],[20.475098,42.953027],[20.637598,43.130371],[20.763379,43.258594],[20.844434,43.173437],[21.127051,43.043018],[21.403027,42.831543],[21.75293,42.669824],[21.609863,42.387451],[21.5625,42.24751],[21.297559,42.130078],[21.14248,42.175],[20.744141,41.904297],[20.566211,41.873682],[20.485449,42.223389],[20.185742,42.425879],[20.089258,42.631543],[20.12998,42.759766],[20.344336,42.82793]]]}},{"type":"Feature","geometry":{"type":"MultiPolygon","coordinates":[[[[172.969629,3.129199],[172.90625,3.095898],[172.887109,3.10127],[172.9625,3.148779],[172.962207,3.14292],[172.969629,3.129199]]],[[[172.844238,3.051221],[172.770313,3.012549],[172.750488,3.033057],[172.777344,3.033887],[172.826953,3.071094],[172.887109,3.073975],[172.880273,3.053516],[172.844238,3.051221]]],[[[173.01875,1.845703],[173.023633,1.822559],[172.966602,1.8854],[172.932715,1.925928],[172.934766,1.943701],[172.950098,1.93252],[172.969141,1.912695],[172.981543,1.896973],[173.01875,1.845703]]],[[[173.029395,1.717383],[172.993262,1.713086],[173.02041,1.72749],[173.027832,1.747314],[173.023633,1.809326],[173.037695,1.804395],[173.042676,1.77876],[173.045215,1.741553],[173.029395,1.717383]]],[[[173.032813,1.013135],[172.991113,0.835449],[173.025586,0.999072],[173.003711,1.025098],[173.032813,1.013135]]],[[[174.508691,-0.801758],[174.476367,-0.829004],[174.464063,-0.804199],[174.479688,-0.773633],[174.452734,-0.64707],[174.407813,-0.629785],[174.381055,-0.591797],[174.394043,-0.591797],[174.43877,-0.626563],[174.474805,-0.642188],[174.49541,-0.725684],[174.508691,-0.801758]]],[[[174.773242,-1.211914],[174.778906,-1.263379],[174.755957,-1.256445],[174.748438,-1.236426],[174.741016,-1.18457],[174.716797,-1.133691],[174.744141,-1.147363],[174.766602,-1.187109],[174.773242,-1.211914]]],[[[173.038379,1.34209],[173.011328,1.338379],[173.028613,1.35874],[173.143359,1.381348],[173.15332,1.387549],[173.171875,1.375146],[173.171484,1.363379],[173.163086,1.35752],[173.106348,1.35708],[173.061719,1.346338],[173.038379,1.34209]]],[[[169.551074,-0.87373],[169.541699,-0.875977],[169.522949,-0.865625],[169.525586,-0.852637],[169.538672,-0.846875],[169.555273,-0.856543],[169.551074,-0.87373]]],[[[-172.214551,-4.511133],[-172.188818,-4.52168],[-172.197852,-4.491699],[-172.214746,-4.502637],[-172.214551,-4.511133]]],[[[-171.085156,-3.135449],[-171.089795,-3.143262],[-171.096729,-3.136914],[-171.091748,-3.125098],[-171.087695,-3.115039],[-171.081006,-3.12041],[-171.085156,-3.135449]]],[[[-171.233203,-4.463477],[-171.243018,-4.468066],[-171.254541,-4.466504],[-171.261768,-4.459766],[-171.261963,-4.449219],[-171.252393,-4.441602],[-171.239404,-4.444141],[-171.231885,-4.453711],[-171.233203,-4.463477]]],[[[-174.512939,-4.675098],[-174.523877,-4.689648],[-174.523047,-4.674023],[-174.531396,-4.659473],[-174.512939,-4.675098]]],[[[-154.95625,-4.087988],[-154.959033,-4.093848],[-154.971094,-4.08584],[-154.994629,-4.071094],[-155.0146,-4.054883],[-155.015039,-4.048047],[-154.986963,-4.038574],[-154.951221,-4.031055],[-154.943359,-4.041602],[-154.950049,-4.055957],[-154.95625,-4.087988]]],[[[-151.782617,-11.441016],[-151.790869,-11.456836],[-151.806689,-11.45127],[-151.815967,-11.431152],[-151.819141,-11.409277],[-151.813281,-11.391797],[-151.802783,-11.392676],[-151.791113,-11.414355],[-151.782617,-11.441016]]],[[[-155.863818,-5.62666],[-155.887109,-5.631836],[-155.914355,-5.631641],[-155.92793,-5.618555],[-155.928613,-5.607617],[-155.919385,-5.60752],[-155.910791,-5.609473],[-155.872266,-5.611328],[-155.862354,-5.619141],[-155.863818,-5.62666]]],[[[-157.342139,1.855566],[-157.578955,1.902051],[-157.393213,1.927686],[-157.321875,1.968555],[-157.342139,1.855566]]],[[[-159.339063,3.923535],[-159.35874,3.815332],[-159.354199,3.880518],[-159.390967,3.899561],[-159.339063,3.923535]]],[[[-171.697607,-2.766406],[-171.628418,-2.855859],[-171.696094,-2.825684],[-171.638525,-2.84668],[-171.688037,-2.779102],[-171.727637,-2.774121],[-171.697607,-2.766406]]]]}},{"type":"Feature","geometry":{"type":"MultiPolygon","coordinates":[[[[40.994434,-2.158398],[40.957324,-2.167285],[40.976465,-2.109766],[41.086035,-2.036523],[41.130664,-2.053027],[41.139258,-2.069824],[41.136816,-2.085059],[41.118164,-2.100098],[40.994434,-2.158398]]],[[[33.903223,-1.002051],[33.943164,0.173779],[34.160938,0.605176],[34.481738,1.042139],[34.726758,1.214258],[34.783594,1.381152],[34.941211,1.599268],[34.977539,1.861914],[34.905762,2.479687],[34.773438,2.723437],[34.522559,3.119971],[34.441797,3.60625],[34.165039,3.812988],[33.976074,4.220215],[34.87832,5.10957],[35.264648,5.412061],[35.424023,5.413281],[35.788477,5.208105],[35.763086,4.808008],[36.021973,4.468115],[36.823633,4.430127],[37.38252,4.11084],[38.086133,3.648828],[38.752734,3.558984],[39.494434,3.456104],[39.842188,3.851465],[40.765234,4.273047],[41.14043,3.962988],[41.481934,3.963281],[41.613477,3.590479],[40.964453,2.814648],[40.973242,0.5354],[41.11582,-1.047461],[41.537598,-1.613184],[41.106836,-1.982324],[40.952148,-2.055957],[40.922363,-2.19375],[40.644141,-2.539453],[40.179785,-2.819043],[39.991699,-3.350684],[39.819141,-3.786035],[39.686914,-4.067871],[39.376953,-4.625488],[39.190137,-4.677246],[38.654883,-4.291895],[38.04082,-3.849805],[37.726172,-3.559766],[37.608203,-3.49707],[37.687988,-3.246191],[37.542188,-2.988574],[36.689453,-2.512598],[35.836914,-2.036621],[34.984277,-1.560547],[34.131641,-1.08457],[33.903223,-1.002051]]]]}},{"type":"Feature","geometry":{"type":"MultiPolygon","coordinates":[[[[50.184473,44.854639],[50.14873,44.826465],[50.095313,44.830615],[49.995117,44.936963],[50.023047,45.044727],[50.059375,45.066797],[50.109863,45.081934],[50.116602,45.058252],[50.045313,45.01001],[50.038867,44.949121],[50.098145,44.881543],[50.184473,44.854639]]],[[[50.311719,44.97207],[50.277246,44.958594],[50.256152,45.022412],[50.294922,45.075928],[50.349707,45.083008],[50.330859,44.998437],[50.311719,44.97207]]],[[[52.682422,45.411816],[52.664844,45.401318],[52.59834,45.428174],[52.554297,45.473975],[52.608887,45.528027],[52.65957,45.518066],[52.692969,45.460742],[52.682422,45.411816]]],[[[70.946777,42.248682],[70.6625,42.107471],[70.489063,42.080273],[70.095605,41.820508],[69.565137,41.629053],[69.153613,41.425244],[68.851172,41.123828],[68.559277,40.829297],[68.572656,40.622656],[68.160254,40.721777],[68.090332,40.960254],[67.991406,41.130029],[67.735059,41.187256],[67.038672,41.15332],[66.668652,41.270752],[66.537891,41.74126],[66.193164,42.001123],[66.015527,42.314795],[66.088867,42.873389],[65.803027,42.876953],[65.496191,43.310547],[65.084863,43.573682],[64.706055,43.652979],[64.318164,43.558936],[63.679688,43.598633],[62.846191,43.583887],[62.071973,43.489355],[61.623633,43.796191],[61.160742,44.168604],[60.879199,44.455078],[60.32666,44.718213],[59.774023,44.981299],[59.221484,45.244434],[58.668945,45.507568],[58.125195,45.474365],[57.329297,45.303662],[56.58877,45.134766],[55.975684,44.994922],[55.976172,44.076758],[55.976562,43.158594],[55.976953,42.24043],[55.977441,41.322217],[55.545215,41.262744],[55.319727,41.408398],[54.952344,41.81001],[54.67793,42.078223],[54.120996,42.335205],[53.500781,42.258252],[52.870508,42.060596],[52.458594,42.04834],[52.618359,42.428223],[52.493945,42.820264],[52.183691,42.86875],[51.898242,42.869629],[51.700391,43.104053],[51.29541,43.174121],[51.301758,43.482373],[51.064844,43.750146],[50.684961,44.265088],[50.252539,44.406494],[50.409473,44.624023],[51.110742,44.507812],[51.543555,44.531006],[51.310254,44.61875],[51.009375,44.921826],[51.294043,45.229785],[51.732617,45.399463],[52.771973,45.343506],[53.085742,45.407373],[53.041602,45.967871],[53.078516,46.547461],[53.069434,46.856055],[52.483203,46.990674],[52.18877,46.839502],[51.945117,46.894873],[51.29082,47.097314],[50.679883,46.938721],[50.419336,46.879492],[49.886328,46.595654],[49.437207,46.537256],[49.28584,46.436816],[48.958984,46.442139],[48.541211,46.605615],[48.558398,46.757129],[48.776367,46.710352],[48.831836,46.954932],[48.413086,47.456494],[47.934668,47.760693],[47.292383,47.740918],[47.111523,48.020117],[46.853125,48.323584],[46.85293,48.969629],[47.018164,49.199902],[46.823145,49.502246],[47.24834,50.000879],[47.326465,50.273535],[47.599609,50.413574],[48.181348,49.97002],[48.6,49.874707],[48.817969,50.099854],[48.666016,50.550342],[48.808398,50.601318],[49.379492,50.934668],[49.822266,51.131885],[50.309277,51.321582],[50.756152,51.675146],[51.163477,51.647461],[51.344531,51.475342],[51.775391,51.554248],[52.423047,51.594238],[52.635156,51.479541],[52.902637,51.466943],[53.338086,51.482373],[53.776465,51.213721],[54.191113,50.995703],[54.471484,50.583789],[54.636133,50.591602],[54.565625,50.911279],[54.727148,50.998096],[55.361133,50.665283],[55.929199,50.65376],[56.325586,50.936084],[56.790332,51.031592],[57.3125,50.946533],[57.716992,50.980957],[58.045117,51.068848],[58.547461,50.971045],[58.984863,50.676123],[59.495117,50.604297],[59.751172,50.543945],[60.005273,50.839697],[60.288086,50.70415],[60.942285,50.695508],[61.512207,51.137012],[61.363086,51.441895],[60.630371,51.616943],[60.280371,51.834619],[60.233691,52.024512],[60.828418,52.233398],[60.821289,52.569824],[60.944727,52.860156],[61.400781,52.995996],[61.974219,52.94375],[62.014648,53.107861],[61.436816,53.239404],[61.185938,53.406201],[61.498535,53.484668],[61.474121,53.580273],[61.098535,53.583105],[61.113184,53.753467],[61.231055,54.019482],[61.985645,53.954395],[62.588281,54.044434],[63.191309,54.171045],[63.701367,54.243213],[64.037402,54.279736],[64.525098,54.362158],[64.99541,54.36875],[65.237402,54.516064],[65.476953,54.623291],[66.222656,54.667383],[67.257324,54.828809],[67.939941,54.953711],[68.244043,55.052441],[68.438477,55.194434],[68.977246,55.3896],[69.870215,55.245654],[70.293359,55.183594],[70.738086,55.305176],[71.12627,54.715039],[71.152148,54.364062],[71.677148,54.178027],[72.105371,54.308447],[72.387305,54.123047],[72.530273,53.975781],[72.564258,54.09043],[72.914062,54.107324],[73.380664,53.962842],[73.666406,54.063477],[73.554199,53.868311],[73.326855,53.543164],[73.469922,53.468896],[74.068652,53.611426],[74.402734,53.504443],[74.681445,53.754395],[75.052148,53.826709],[75.398145,54.068506],[75.880664,54.167969],[76.53916,54.351074],[76.788965,54.321875],[76.42207,54.113525],[76.575684,53.942529],[77.704395,53.37915],[78.198047,52.929688],[79.14873,51.868115],[79.859668,50.955469],[80.086328,50.83999],[80.345215,50.919092],[80.421484,51.136377],[80.605469,51.224219],[80.877344,51.281445],[81.127246,51.191064],[81.071484,50.96875],[81.410156,50.909766],[81.465918,50.739844],[82.098047,50.71084],[82.611719,50.771484],[82.919043,50.893115],[83.27373,50.99458],[83.859766,50.818018],[84.175977,50.520557],[84.400977,50.23916],[84.924023,50.087988],[85.000781,49.894141],[85.232617,49.61582],[85.880469,49.556543],[86.092969,49.505469],[86.417969,49.638477],[86.728711,49.748682],[86.626465,49.562695],[87.000977,49.287305],[87.296875,49.147656],[86.937988,49.097559],[86.728613,48.939355],[86.549414,48.528613],[86.056152,48.42373],[85.651563,48.250537],[85.561621,47.746484],[85.669824,47.338379],[85.484766,47.063525],[85.012207,46.909229],[84.719531,46.939355],[84.338867,46.996143],[83.832617,46.997852],[83.193066,47.186572],[83.004102,47.033496],[82.555078,46.158691],[82.315234,45.594922],[82.58252,45.442578],[82.596973,45.215967],[82.39668,45.162451],[81.989258,45.161865],[81.758887,45.31084],[81.040332,45.169141],[80.50918,45.10498],[79.950195,44.944092],[79.997168,44.797217],[80.455469,44.746094],[80.381445,44.65542],[80.354883,44.326514],[80.395801,44.047168],[80.650781,43.56416],[80.729785,43.274268],[80.751172,43.10249],[80.374512,43.02041],[80.54375,42.911719],[80.202246,42.734473],[80.205762,42.399414],[80.209375,42.190039],[79.598437,42.456641],[79.295508,42.604834],[79.059863,42.763818],[78.642285,42.828711],[78.023145,42.85752],[77.459277,42.904736],[76.988086,42.973584],[76.218164,42.92373],[75.681738,42.830469],[74.817578,42.978174],[74.186816,43.205273],[73.886035,43.132568],[73.450195,42.703027],[73.316016,42.466992],[72.792383,42.603467],[72.275781,42.757666],[71.734766,42.818896],[71.256641,42.733545],[71.001953,42.459082],[70.946777,42.248682]]]]}},{"type":"Feature","geometry":{"type":"Polygon","coordinates":[[[35.787305,32.734912],[36.219727,32.495117],[36.818359,32.317285],[37.754102,32.829834],[38.773535,33.372217],[39.057813,32.493164],[39.247461,32.350977],[38.962305,31.994922],[37.773828,31.696338],[37.105273,31.355176],[37.812988,30.669287],[37.649902,30.330957],[37.469238,29.995068],[36.703906,29.831641],[36.068457,29.200537],[35.33916,29.294092],[34.973438,29.555029],[35.141602,30.141699],[35.174023,30.523926],[35.383008,30.982275],[35.423535,31.324854],[35.499414,31.672363],[35.57207,32.237891],[35.594531,32.668018],[35.787305,32.734912]]]}},{"type":"Feature","geometry":{"type":"MultiPolygon","coordinates":[[[[133.370508,36.203857],[133.324707,36.166504],[133.239258,36.17876],[133.189941,36.232617],[133.206152,36.293408],[133.295703,36.340137],[133.38125,36.246387],[133.370508,36.203857]]],[[[138.344043,37.822119],[138.287891,37.895801],[138.25,38.078467],[138.510059,38.258984],[138.496973,37.903906],[138.344043,37.822119]]],[[[134.932813,34.288135],[134.824414,34.20293],[134.730664,34.208887],[134.683496,34.246973],[134.667871,34.294141],[134.757227,34.368164],[134.834277,34.472656],[134.904102,34.519092],[134.960742,34.544922],[135.004688,34.544043],[134.905469,34.398291],[134.932813,34.288135]]],[[[130.622754,30.262988],[130.508203,30.241406],[130.445605,30.264697],[130.388086,30.388184],[130.497168,30.465527],[130.643555,30.388965],[130.673242,30.366895],[130.622754,30.262988]]],[[[130.959766,30.396924],[130.872168,30.386328],[130.870313,30.444238],[130.939941,30.575098],[130.947363,30.671191],[131.012207,30.792285],[131.039844,30.818896],[131.060352,30.828467],[131.082617,30.790869],[131.057422,30.64248],[130.992578,30.52998],[130.959766,30.396924]]],[[[130.08252,32.229687],[130.017285,32.291846],[130.009766,32.521631],[130.08252,32.229687]]],[[[129.279492,34.123389],[129.214453,34.082812],[129.186426,34.14502],[129.214844,34.320654],[129.337109,34.284766],[129.335059,34.230811],[129.279492,34.123389]]],[[[129.385645,34.353662],[129.329395,34.521875],[129.472461,34.671338],[129.381445,34.416455],[129.385645,34.353662]]],[[[128.665332,32.783887],[128.838574,32.762891],[128.79043,32.636719],[128.649121,32.662012],[128.665332,32.783887]]],[[[130.381055,32.42373],[130.292578,32.419336],[130.256055,32.431006],[130.241699,32.462793],[130.36543,32.527197],[130.461426,32.515723],[130.418555,32.457715],[130.381055,32.42373]]],[[[141.072754,45.332861],[141.033984,45.269336],[140.982129,45.36377],[140.97168,45.465479],[141.00166,45.464844],[141.056738,45.449561],[141.069922,45.4],[141.072754,45.332861]]],[[[141.29541,45.119336],[141.225977,45.112207],[141.145313,45.153906],[141.135352,45.206201],[141.19375,45.247852],[141.251855,45.232471],[141.310059,45.178564],[141.329199,45.150488],[141.29541,45.119336]]],[[[139.48125,42.081006],[139.458398,42.075635],[139.43457,42.084082],[139.411523,42.159668],[139.431348,42.199561],[139.495801,42.227441],[139.558398,42.235205],[139.505078,42.096387],[139.48125,42.081006]]],[[[134.351855,34.483643],[134.333203,34.46377],[134.315332,34.468945],[134.251855,34.423047],[134.238086,34.467041],[134.188281,34.496338],[134.182129,34.519238],[134.325977,34.534375],[134.372266,34.522363],[134.351855,34.483643]]],[[[139.456445,34.726514],[139.445703,34.679541],[139.392383,34.689893],[139.366895,34.720508],[139.37002,34.775439],[139.426172,34.775879],[139.456445,34.726514]]],[[[129.076953,32.840283],[129.051953,32.829492],[129.019629,32.919629],[128.997266,32.951855],[129.034961,32.969092],[129.109766,33.132568],[129.123633,33.067676],[129.152734,33.00332],[129.181934,32.993115],[129.153516,32.946191],[129.111621,32.928857],[129.076953,32.840283]]],[[[129.491797,33.223047],[129.421387,33.17583],[129.37041,33.176025],[129.416992,33.231104],[129.423145,33.257373],[129.461914,33.33125],[129.537988,33.357764],[129.569922,33.361035],[129.508105,33.284326],[129.491797,33.223047]]],[[[129.795703,33.748828],[129.726562,33.707324],[129.674805,33.739697],[129.7,33.828906],[129.717285,33.858398],[129.776367,33.829199],[129.795703,33.748828]]],[[[132.578418,34.115186],[132.549414,34.075098],[132.460938,34.087256],[132.496289,34.121973],[132.523535,34.164062],[132.543457,34.172656],[132.560156,34.126904],[132.578418,34.115186]]],[[[132.266016,33.945166],[132.314551,33.908594],[132.430469,33.923535],[132.444922,33.913184],[132.411035,33.879932],[132.359961,33.847021],[132.267285,33.871484],[132.208789,33.872852],[132.200586,33.927783],[132.208008,33.947803],[132.266016,33.945166]]],[[[129.717969,31.657129],[129.686816,31.639648],[129.706836,31.718262],[129.787305,31.787109],[129.793652,31.74248],[129.717969,31.657129]]],[[[142.188184,26.616504],[142.169922,26.615674],[142.107129,26.721533],[142.125293,26.726465],[142.161719,26.709961],[142.202148,26.648779],[142.188184,26.616504]]],[[[143.824316,44.116992],[144.481836,43.949561],[144.871875,43.981934],[145.369629,44.281299],[145.101074,43.764551],[145.34082,43.302539],[145.673633,43.388867],[145.624219,43.291309],[145.347461,43.176709],[144.921387,43.000928],[144.301563,42.984424],[143.580957,42.59873],[143.327148,42.151025],[143.111719,42.022217],[141.851367,42.579053],[140.787598,42.5],[140.480469,42.559375],[140.315234,42.334277],[140.577734,42.118652],[141.107715,41.848047],[140.90752,41.743262],[140.48916,41.672168],[140.148633,41.423242],[139.995313,41.576416],[140.056836,42.067334],[139.820898,42.387598],[139.950586,42.671436],[140.328613,42.866846],[140.379297,43.237109],[140.780664,43.21499],[141.24502,43.185059],[141.39834,43.5125],[141.644727,44.019434],[141.782227,44.716357],[141.59375,45.255957],[141.778125,45.418896],[141.980859,45.483496],[142.704102,44.819189],[143.511914,44.277539],[143.824316,44.116992]]],[[[131.174609,33.602588],[131.498828,33.623584],[131.724219,33.553809],[131.71709,33.2521],[131.902734,33.087793],[132.008594,32.919043],[131.660352,32.465625],[131.505664,32.001953],[131.337207,31.404687],[131.035156,31.377686],[130.68418,31.059277],[130.789746,31.269092],[130.749414,31.598193],[130.77627,31.706299],[130.556055,31.563086],[130.644531,31.26748],[130.250586,31.273193],[130.294141,31.450684],[130.224219,31.730078],[130.194434,32.090771],[130.462012,32.304932],[130.497852,32.656934],[130.381738,33.092578],[130.126855,33.104834],[130.222168,32.846826],[130.36084,32.755859],[130.192969,32.706299],[129.852539,32.621729],[129.785938,32.781641],[129.679102,33.059961],[129.991699,32.851562],[129.665039,33.186621],[129.702148,33.359814],[129.825684,33.437012],[130.130566,33.578174],[130.439453,33.734229],[130.715625,33.927783],[131.058105,33.672852],[131.174609,33.602588]]],[[[134.357422,34.256348],[134.655371,33.982617],[134.54873,33.729297],[134.205664,33.346973],[133.854004,33.492676],[133.239941,33.249609],[133.016016,32.983887],[132.692188,32.775928],[132.495117,32.916602],[132.477148,33.181152],[132.44541,33.30459],[132.281055,33.416797],[132.287891,33.469531],[132.698926,33.790918],[132.839453,34.02124],[133.133691,33.927295],[133.47207,33.972803],[133.602637,34.243848],[133.94834,34.348047],[134.357422,34.256348]]],[[[141.229297,41.372656],[141.4,41.096338],[141.542285,40.530713],[141.935059,39.958496],[141.979102,39.668359],[141.900781,39.111328],[141.74248,38.999609],[141.622266,38.865137],[141.508789,38.497852],[141.108398,38.337939],[140.92793,37.949609],[141.00166,37.114648],[140.791797,36.846875],[140.619238,36.385596],[140.621973,36.059229],[140.639258,35.661279],[140.416504,35.266992],[140.158887,35.096484],[139.843945,34.914893],[139.851465,35.232324],[140.027148,35.485205],[139.9875,35.668213],[139.770117,35.549561],[139.665527,35.319482],[139.675,35.149268],[139.363477,35.298096],[139.11582,35.097119],[138.982617,34.698389],[138.761035,34.699219],[138.820898,35.095703],[138.50957,34.987158],[138.189063,34.596338],[137.543359,34.664209],[137.287793,34.703516],[137.096582,34.759033],[136.934766,34.815186],[136.88457,34.805859],[136.851855,35.059521],[136.576953,34.789551],[136.880273,34.433594],[136.544434,34.257715],[135.916211,33.561719],[135.346777,33.721973],[135.135352,34.182617],[135.309277,34.416797],[135.355176,34.654297],[134.784961,34.74707],[134.362695,34.723682],[133.968262,34.527295],[133.474414,34.430127],[133.142383,34.302441],[132.534473,34.287061],[132.201953,34.032031],[131.763184,34.045264],[131.322754,33.965186],[130.996387,34.007275],[130.951855,34.349707],[131.354395,34.413184],[131.734082,34.66709],[132.158203,34.966504],[132.697656,35.418311],[133.267188,35.556543],[133.61543,35.511426],[134.214063,35.539258],[135.174316,35.74707],[135.232031,35.591895],[135.680273,35.503125],[136.095313,35.767627],[136.15625,36.22334],[136.698145,36.742041],[136.962305,37.413672],[137.3375,37.437451],[136.924023,37.171973],[137.012695,36.895117],[137.297656,36.75376],[137.913184,37.0646],[138.54834,37.392139],[138.818848,37.774707],[139.400977,38.142578],[139.580176,38.598877],[139.878613,39.104932],[140.01084,39.358057],[140.054688,39.749268],[139.810352,39.877734],[139.873633,39.985693],[140.014453,40.314893],[139.966699,40.672754],[140.20127,40.774902],[140.343555,41.005664],[140.441309,41.209668],[140.639648,41.155615],[140.800781,40.834326],[141.118555,40.882275],[141.244238,41.205615],[141.07041,41.193066],[140.891504,41.479785],[141.229297,41.372656]]],[[[124.293164,24.515918],[124.234277,24.358057],[124.185645,24.335059],[124.135742,24.347607],[124.084766,24.43584],[124.12041,24.469629],[124.170215,24.451855],[124.210547,24.458643],[124.301953,24.587109],[124.324023,24.566357],[124.293164,24.515918]]],[[[123.888672,24.280127],[123.825586,24.266064],[123.749805,24.283301],[123.680664,24.288037],[123.679785,24.317773],[123.752344,24.348486],[123.753711,24.391309],[123.771484,24.414453],[123.934863,24.362012],[123.928125,24.323633],[123.888672,24.280127]]],[[[125.444141,24.743164],[125.359375,24.71709],[125.268945,24.73252],[125.283594,24.871924],[125.314941,24.852393],[125.33457,24.804688],[125.401855,24.776855],[125.444141,24.743164]]],[[[128.258789,26.652783],[127.95127,26.456494],[127.84873,26.318945],[127.803613,26.152539],[127.654883,26.19917],[127.82041,26.466064],[127.894824,26.674951],[128.046777,26.643311],[128.254883,26.881885],[128.258789,26.652783]]],[[[128.998145,27.720801],[128.95625,27.70249],[128.9,27.727783],[128.882812,27.842432],[128.907617,27.897998],[128.95166,27.910254],[128.989746,27.811133],[129.016406,27.770215],[128.998145,27.720801]]],[[[129.452539,28.208984],[129.21709,28.262939],[129.464551,28.395264],[129.598047,28.475879],[129.641699,28.411279],[129.439063,28.254785],[129.452539,28.208984]]],[[[129.324023,28.104932],[129.330566,28.081592],[129.232422,28.101123],[129.19248,28.19248],[129.257422,28.176172],[129.277344,28.144727],[129.324023,28.104932]]],[[[139.841113,33.056055],[139.823828,33.045459],[139.775684,33.078223],[139.768945,33.107178],[139.777441,33.125146],[139.808887,33.129248],[139.873633,33.093506],[139.841113,33.056055]]]]}},{"type":"Feature","geometry":{"type":"Polygon","coordinates":[[[-77.261475,18.457422],[-76.908203,18.39043],[-76.232764,17.970312],[-76.524609,17.866211],[-76.748291,17.964893],[-76.944141,17.848779],[-77.158398,17.845068],[-77.463867,17.856055],[-77.881299,18.019043],[-78.294092,18.218066],[-78.216699,18.448096],[-77.873437,18.522217],[-77.261475,18.457422]]]}},{"type":"Feature","geometry":{"type":"MultiPolygon","coordinates":[[[[7.021094,45.925781],[7.451563,45.944434],[7.852344,45.947461],[8.127246,46.187598],[8.298535,46.403418],[8.442969,46.402783],[8.641699,46.110791],[8.885156,45.918701],[9.04668,45.875586],[9.022363,46.051465],[9.259766,46.39126],[9.427637,46.482324],[9.57959,46.296094],[9.939258,46.361816],[10.12832,46.238232],[10.081934,46.420752],[10.087012,46.599902],[10.363086,46.54707],[10.397949,46.665039],[10.579785,46.853711],[10.927344,46.769482],[11.133887,46.936182],[11.625488,46.996582],[12.169434,47.082129],[12.130762,46.984766],[12.388281,46.702637],[12.805566,46.625879],[13.7,46.520264],[13.478516,46.369189],[13.420996,46.212305],[13.63252,46.177051],[13.486426,46.039551],[13.600586,45.979785],[13.663477,45.791992],[13.844727,45.592871],[13.62832,45.770947],[13.156738,45.746582],[12.76123,45.544287],[12.536133,45.544922],[12.248828,45.368848],[12.523438,44.967969],[12.319043,44.833105],[12.396289,44.223877],[13.295313,43.686084],[13.804688,43.180371],[14.540723,42.244287],[15.964063,41.939453],[16.15127,41.758496],[16.012598,41.4354],[17.474219,40.840576],[18.460645,40.221045],[18.34375,39.821387],[17.476172,40.314941],[17.215332,40.486426],[16.807031,40.326465],[16.597754,39.638916],[17.122949,39.136572],[16.755469,38.889697],[16.545605,38.409082],[16.056836,37.941846],[15.700195,38.262305],[15.926953,38.671729],[16.209961,38.941113],[15.854395,39.626514],[15.390918,40.052148],[14.929102,40.30957],[14.839551,40.62998],[14.459375,40.632715],[14.428125,40.759326],[14.075879,40.793945],[13.733398,41.235645],[13.246875,41.288867],[13.024219,41.300928],[12.075293,41.940869],[11.296289,42.423291],[11.103223,42.416602],[10.937793,42.738721],[10.708398,42.936328],[10.517285,43.065137],[10.320508,43.513086],[9.730859,44.101172],[8.76582,44.422314],[8.00498,43.876758],[7.482031,43.864893],[7.677148,44.083154],[7.370898,44.127393],[6.900195,44.335742],[6.842969,44.510693],[7.00791,44.688965],[6.939844,44.85874],[6.724707,44.972998],[6.692285,45.144287],[7.032422,45.222607],[7.153418,45.400928],[6.881445,45.670361],[6.804492,45.814551],[7.021094,45.925781]],[[12.43916,41.898389],[12.438379,41.906201],[12.430566,41.905469],[12.427539,41.900732],[12.430566,41.897559],[12.43916,41.898389]],[[12.485254,43.901416],[12.514648,43.952979],[12.503711,43.989746],[12.441113,43.982422],[12.396875,43.93457],[12.426367,43.894092],[12.485254,43.901416]]],[[[10.395117,42.858154],[10.419336,42.713184],[10.109766,42.785059],[10.358984,42.822314],[10.395117,42.858154]]],[[[13.938281,40.705615],[13.893652,40.696973],[13.867676,40.70874],[13.853516,40.724072],[13.871191,40.761816],[13.962109,40.739404],[13.96084,40.718164],[13.938281,40.705615]]],[[[12.05127,36.757031],[12.00332,36.745996],[11.940625,36.780371],[11.936426,36.828613],[11.948047,36.843066],[12.024219,36.820947],[12.048047,36.776367],[12.05127,36.757031]]],[[[15.576563,38.220312],[15.206836,37.720557],[15.099512,37.458594],[15.193652,37.282861],[15.288672,37.096924],[15.142383,36.891602],[15.112598,36.687842],[14.614355,36.766602],[14.259082,37.046436],[13.800586,37.135889],[13.221094,37.451807],[12.871191,37.575195],[12.526758,37.669531],[12.547656,38.05293],[12.734375,38.183057],[13.049023,38.084082],[13.35166,38.180518],[13.681543,38.000732],[14.05,38.040527],[14.636719,38.085059],[14.981934,38.167578],[15.27959,38.230371],[15.634668,38.267578],[15.576563,38.220312]]],[[[9.632031,40.882031],[9.782813,40.441504],[9.700781,40.091797],[9.583594,39.253564],[9.26416,39.216797],[9.056348,39.23916],[8.801172,38.909668],[8.55332,39.030322],[8.399121,39.481592],[8.451172,39.72168],[8.538672,39.769678],[8.399316,39.978174],[8.471289,40.292676],[8.295508,40.558643],[8.203809,40.870703],[8.363281,40.846338],[8.821191,40.949902],[9.182129,41.242188],[9.455176,41.150146],[9.615332,41.017285],[9.574023,40.914746],[9.632031,40.882031]]],[[[8.478906,39.067529],[8.421484,38.968652],[8.360938,39.038672],[8.358594,39.098779],[8.366797,39.115918],[8.440625,39.090625],[8.478906,39.067529]]],[[[8.286035,41.039844],[8.252734,40.994141],[8.205664,40.997461],[8.224023,41.031299],[8.267383,41.099121],[8.320215,41.121875],[8.34375,41.101611],[8.318945,41.062744],[8.286035,41.039844]]]]}},{"type":"Feature","geometry":{"type":"Polygon","coordinates":[[[35.840723,33.415674],[35.800038,33.256121],[35.817197,33.133173],[35.887977,32.944379],[35.734473,32.728906],[35.569043,32.619873],[35.386719,32.493018],[35.065039,32.460449],[34.971387,32.087109],[34.953809,31.84126],[35.127148,31.816748],[35.034668,31.673242],[34.880469,31.368164],[35.408691,31.48291],[35.400684,31.230518],[35.320117,30.860205],[35.140625,30.420898],[35.068164,29.977881],[34.904297,29.477344],[34.658594,30.191455],[34.400977,30.827832],[34.350195,31.362744],[34.483984,31.592285],[35.005859,32.826611],[35.308887,33.079541],[35.579297,33.271484],[35.7875,33.369775],[35.840723,33.415674]]]}},{"type":"Feature","geometry":{"type":"MultiPolygon","coordinates":[[[[34.477344,31.584863],[34.524121,31.54165],[34.525586,31.525635],[34.350195,31.362744],[34.34834,31.29292],[34.245313,31.208301],[34.2125,31.292285],[34.198145,31.322607],[34.387305,31.483789],[34.477344,31.584863]]],[[[35.551465,32.395508],[35.558984,31.765527],[35.408691,31.48291],[34.880469,31.368164],[35.034668,31.673242],[35.127148,31.816748],[34.953809,31.84126],[34.971387,32.087109],[35.065039,32.460449],[35.386719,32.493018],[35.551465,32.395508]]]]}},{"type":"Feature","geometry":{"type":"MultiPolygon","coordinates":[[[[-9.948193,53.913135],[-9.952441,53.88457],[-10.026514,53.920557],[-10.0625,53.959717],[-10.265723,53.977686],[-10.181055,54.016846],[-10.139746,54.005225],[-9.996387,54.003613],[-9.956152,53.987207],[-9.948193,53.913135]]],[[[-7.218652,55.091992],[-7.45127,54.8771],[-7.68999,54.728027],[-7.910596,54.69834],[-7.746289,54.61582],[-8.118945,54.476953],[-7.884473,54.283789],[-7.544434,54.133594],[-7.306738,54.156006],[-7.202588,54.301807],[-6.936133,54.374316],[-6.802588,54.214355],[-6.664209,54.084766],[-6.402588,54.060645],[-6.175732,54.053516],[-6.345166,53.987207],[-6.229004,53.745703],[-6.13877,53.460303],[-6.072266,53.166309],[-6.130664,52.807275],[-6.34541,52.402002],[-6.437939,52.202686],[-6.859717,52.178564],[-7.003271,52.165918],[-7.527295,52.098877],[-7.664551,51.979736],[-8.057812,51.825586],[-8.290234,51.890674],[-8.335596,51.792969],[-8.588281,51.651367],[-9.323877,51.497217],[-9.737305,51.47373],[-9.524902,51.681104],[-10.120752,51.600684],[-9.802881,51.780127],[-10.211719,51.783594],[-10.231592,51.974512],[-9.909668,52.122949],[-10.382617,52.169092],[-10.061768,52.275928],[-9.841064,52.291455],[-9.761133,52.466357],[-9.056152,52.621143],[-9.0979,52.668262],[-9.561035,52.653955],[-9.916602,52.569727],[-9.393652,52.89624],[-9.241895,53.124854],[-8.997168,53.162061],[-9.470752,53.234863],[-9.601758,53.323047],[-9.825391,53.320361],[-10.003906,53.397021],[-10.10625,53.509326],[-9.878271,53.59043],[-9.912305,53.695117],[-9.590527,53.841162],[-9.89624,53.937598],[-9.934473,54.075244],[-10.089697,54.21582],[-9.824561,54.268896],[-9.145898,54.209619],[-8.746777,54.263477],[-8.623145,54.346875],[-8.286523,54.484863],[-8.456543,54.609277],[-8.538281,54.782959],[-8.411719,54.965088],[-8.274609,55.146289],[-7.803174,55.200049],[-7.629785,55.243994],[-7.585693,55.084229],[-7.584375,54.993994],[-7.531445,55.193848],[-7.365967,55.360205],[-7.060254,55.267627],[-7.218652,55.091992]]]]}},{"type":"Feature","geometry":{"type":"Polygon","coordinates":[[[42.358984,37.108594],[42.774609,37.371875],[43.185156,37.344873],[43.567969,37.23584],[44.013184,37.313525],[44.191797,37.249854],[44.245703,36.983301],[44.495996,37.110547],[44.730957,37.165283],[44.880859,36.799316],[45.033984,36.658887],[45.083789,36.430029],[45.241113,36.355957],[45.483789,36.008545],[45.776367,35.821826],[46.2625,35.744141],[45.971094,35.52417],[46.117773,35.284277],[46.041797,35.080176],[45.661523,34.612695],[45.497754,34.533887],[45.542773,34.215527],[45.408984,33.954492],[45.822852,33.624805],[45.894727,33.545654],[46.145898,33.229639],[46.093066,32.975879],[46.569922,32.833936],[47.285156,32.474023],[47.511914,32.15083],[47.753906,31.601367],[47.836328,30.996436],[48.014941,30.465625],[48.226172,30.321338],[48.401367,30.18833],[48.478516,30.003809],[48.141699,30.040918],[47.753906,30.076611],[47.331348,30.079687],[47.102051,29.93999],[46.769336,29.347461],[45.949707,29.09585],[44.69082,29.202344],[43.44082,30.083984],[42.288574,30.92041],[41.272461,31.489014],[40.369336,31.938965],[39.14541,32.124512],[39.041406,32.305664],[38.914844,32.934668],[39.268359,33.62002],[40.421484,34.197754],[41.099023,34.612305],[41.216406,35.288184],[41.359375,35.724609],[41.251758,36.203027],[41.416797,36.514648],[42.083984,36.826025],[42.358984,37.108594]]]}},{"type":"Feature","geometry":{"type":"MultiPolygon","coordinates":[[[[56.187988,26.921143],[55.847656,26.730811],[55.42373,26.583105],[55.296484,26.657568],[55.78457,26.857178],[56.074121,26.98335],[56.187988,26.921143]]],[[[53.91416,37.343555],[54.578906,37.440234],[54.848633,37.722656],[55.380859,38.051123],[56.171191,38.078369],[56.324121,38.191113],[56.669922,38.256641],[57.193555,38.216406],[57.336719,38.03291],[57.520996,37.928467],[58.108789,37.783057],[58.435742,37.638525],[58.81543,37.683496],[59.301758,37.510645],[59.45498,37.252832],[60.062793,36.962891],[60.70791,36.642969],[61.175098,36.289697],[61.159473,35.999902],[61.258691,35.761816],[61.281836,35.553418],[61.199219,35.361621],[61.106641,35.209473],[61.106641,35.001123],[60.99082,34.749756],[60.845313,34.587695],[60.736133,34.491797],[60.642676,34.307178],[60.485938,33.711914],[60.806445,33.558691],[60.766895,33.363818],[60.576563,32.994873],[60.827246,32.167969],[60.791602,31.660596],[61.346484,31.421631],[61.81084,30.913281],[61.104102,30.128418],[61.318359,29.372607],[61.56875,28.870898],[62.033008,28.491016],[62.564551,28.235156],[62.7625,28.202051],[62.800879,27.444531],[62.762988,27.250195],[63.196094,27.243945],[63.24209,27.077686],[63.186133,26.837598],[62.786621,26.643896],[62.385059,26.542627],[62.239355,26.357031],[61.842383,26.225928],[61.737695,25.821094],[61.640137,25.584619],[61.490332,25.153662],[60.663867,25.282227],[60.400195,25.311572],[59.616016,25.403271],[58.797852,25.55459],[58.022363,25.64082],[57.33457,25.791553],[57.104297,26.371436],[56.910449,26.99458],[56.284375,27.190625],[55.591602,26.932129],[55.15459,26.725391],[54.52207,26.58916],[53.705762,26.725586],[52.98252,27.141943],[52.475879,27.616504],[51.666309,27.844971],[51.276074,28.218848],[51.021191,28.78208],[50.875781,29.062695],[50.667969,29.339844],[50.230176,29.8729],[49.983105,30.209375],[49.028125,30.333447],[49.190332,30.375391],[49.001953,30.506543],[48.908691,30.241455],[48.670898,30.02832],[48.43457,30.037598],[48.382617,30.230176],[48.182422,30.355029],[48.013477,30.656445],[47.679492,31.002393],[47.82998,31.794434],[47.418164,32.340088],[47.121387,32.466602],[46.377051,32.929248],[46.080469,33.028223],[46.019922,33.415723],[45.894727,33.581543],[45.738281,33.602832],[45.39707,33.97085],[45.526855,34.284668],[45.500781,34.581592],[45.660059,34.748779],[46.133789,35.127637],[46.112109,35.32168],[45.99502,35.608105],[46.273438,35.773242],[45.723438,35.83667],[45.407715,36.002783],[45.206543,36.397168],[45.053125,36.471631],[45.019238,36.698389],[44.798438,37.063867],[44.758301,37.21709],[44.604102,37.42373],[44.567188,37.608643],[44.56123,37.744629],[44.211328,37.908057],[44.348926,38.146484],[44.449902,38.334229],[44.298535,38.386279],[44.257031,38.700635],[44.144531,38.994385],[44.178027,39.144824],[44.05752,39.31084],[44.124023,39.405225],[44.455957,39.666748],[44.782129,39.651074],[45.07168,39.362891],[45.255957,39.194678],[45.575,38.972803],[46.317773,38.912646],[46.852539,39.148438],[47.338477,39.423877],[47.892285,39.685059],[48.322168,39.399072],[48.104395,39.241113],[48.291016,39.059277],[48.138574,38.958643],[47.996484,38.85376],[48.261328,38.642285],[48.592676,38.411084],[48.870703,38.392529],[49.015332,37.776074],[49.470117,37.49668],[50.17627,37.380518],[50.927441,36.810205],[53.374121,36.86875],[53.679492,36.853125],[54.016211,36.849658],[53.91416,37.343555]]]]}},{"type":"Feature","geometry":{"type":"MultiPolygon","coordinates":[[[[97.481543,1.465088],[97.931934,0.973926],[97.683984,0.596094],[97.405371,0.946973],[97.244238,1.423633],[97.481543,1.465088]]],[[[99.163867,-1.77793],[98.816309,-1.538281],[98.869043,-0.915625],[99.101465,-1.340137],[99.210352,-1.559277],[99.163867,-1.77793]]],[[[116.64082,-8.613867],[116.377246,-8.929004],[115.874609,-8.825586],[116.031641,-8.765234],[116.219824,-8.295215],[116.6875,-8.304102],[116.64082,-8.613867]]],[[[115.447852,-8.155176],[115.661426,-8.448242],[115.247168,-8.75752],[115.144922,-8.849023],[115.105664,-8.629492],[114.731348,-8.393945],[114.478906,-8.214746],[114.62002,-8.127734],[115.154004,-8.065723],[115.447852,-8.155176]]],[[[106.045703,-1.669434],[106.208789,-2.188672],[106.706641,-2.658008],[106.657617,-3.001172],[106.496094,-3.029004],[106.250098,-2.894043],[105.908008,-2.643262],[105.806836,-2.307422],[105.552734,-2.079004],[105.133398,-2.042578],[105.374805,-1.813184],[105.412695,-1.611035],[105.667578,-1.680371],[105.816113,-1.506055],[106.045703,-1.669434]]],[[[123.179785,-4.551172],[123.119238,-4.723438],[123.017969,-4.831738],[122.981055,-5.185742],[123.201953,-5.27334],[122.985742,-5.393555],[122.916211,-5.519336],[122.684375,-5.666211],[122.642188,-5.42627],[122.766504,-5.210156],[122.821484,-4.944434],[123.038281,-4.394727],[123.179785,-4.551172]]],[[[122.645117,-5.269434],[122.473633,-5.380664],[122.283105,-5.319531],[122.334473,-4.846582],[122.701953,-4.618652],[122.645117,-5.269434]]],[[[108.316016,3.689648],[108.216406,3.772168],[108.044531,3.888965],[108.24834,4.217139],[108.393555,3.836182],[108.316016,3.689648]]],[[[108.207227,-2.997656],[108.055273,-3.226855],[107.858203,-3.086328],[107.614453,-3.209375],[107.583887,-2.940723],[107.641602,-2.731543],[108.074414,-2.596973],[108.207227,-2.997656]]],[[[135.383008,-0.651367],[135.841211,-0.711621],[136.282617,-1.064648],[136.110352,-1.216797],[135.825586,-1.02832],[135.491113,-0.785059],[135.383008,-0.651367]]],[[[135.474219,-1.591797],[136.389648,-1.721582],[136.708594,-1.837695],[136.228125,-1.893652],[135.487598,-1.668359],[135.474219,-1.591797]]],[[[130.813281,-0.004102],[131.316895,-0.204297],[131.217871,-0.374121],[130.946484,-0.337598],[130.622168,-0.085938],[130.801563,-0.302148],[130.750195,-0.443848],[130.574902,-0.361816],[130.236621,-0.209668],[130.430957,-0.098486],[130.722363,-0.029834],[130.813281,-0.004102]]],[[[128.453906,2.051758],[128.295898,2.034717],[128.259961,2.08252],[128.217969,2.297461],[128.330371,2.469336],[128.47207,2.570508],[128.568652,2.596094],[128.602148,2.597607],[128.688477,2.473682],[128.623242,2.224414],[128.547559,2.09707],[128.453906,2.051758]]],[[[128.153027,-1.660547],[127.741016,-1.69082],[127.39502,-1.589844],[127.742969,-1.360254],[128.153027,-1.660547]]],[[[126.055078,-2.45127],[125.903223,-2.222168],[125.962793,-1.975781],[126.055078,-2.45127]]],[[[126.024219,-1.789746],[125.838867,-1.906152],[125.387207,-1.843066],[126.024219,-1.789746]]],[[[124.969531,-1.705469],[125.145801,-1.692578],[125.305371,-1.793945],[125.006738,-1.943066],[124.417773,-2.005176],[124.483008,-1.644336],[124.969531,-1.705469]]],[[[131.325586,-7.999512],[131.123438,-7.921875],[131.190039,-7.671875],[131.349219,-7.425391],[131.535254,-7.220605],[131.700781,-7.140234],[131.624414,-7.626172],[131.377051,-7.869141],[131.325586,-7.999512]]],[[[126.800977,-7.667871],[126.577344,-7.807617],[126.171094,-7.912305],[125.826172,-7.979297],[125.975293,-7.663379],[126.462891,-7.607813],[126.800977,-7.667871]]],[[[124.575586,-8.14082],[124.924121,-8.166016],[125.096777,-8.352832],[124.425977,-8.295801],[124.575586,-8.14082]]],[[[131.001855,-1.315527],[130.739355,-1.172559],[130.672949,-0.959766],[131.073926,-0.968262],[131.001855,-1.315527]]],[[[96.492578,5.229346],[97.085742,5.229932],[97.547168,5.205859],[97.966602,4.77749],[98.27334,4.322314],[98.658691,3.928125],[98.868652,3.710352],[99.906641,2.988184],[100.307227,2.466602],[100.523828,2.18916],[100.887891,1.948242],[100.828223,2.242578],[101.225195,2.102246],[101.47666,1.693066],[102.019922,1.442139],[102.22334,1.018701],[102.566406,0.748828],[103.066504,0.491992],[102.77959,0.244482],[103.276563,0.494531],[103.578711,0.387061],[103.706445,-0.01958],[103.444434,-0.27168],[103.431152,-0.533594],[103.721094,-0.886719],[104.25752,-1.053418],[104.446875,-1.362402],[104.56875,-1.921777],[104.844531,-2.171777],[104.647266,-2.429883],[104.735742,-2.570898],[105.025879,-2.35752],[105.582031,-2.491992],[106.058398,-3.217188],[105.84375,-3.613672],[105.927734,-3.881348],[105.890527,-4.659766],[105.802734,-5.716406],[105.57793,-5.760645],[105.304004,-5.57002],[104.930273,-5.681152],[104.675977,-5.816211],[104.480859,-5.803125],[104.066797,-5.385938],[103.332129,-4.765234],[102.537695,-4.152148],[101.817871,-3.378027],[101.366211,-2.808496],[100.944434,-2.345215],[100.486523,-1.299121],[100.087891,-0.55293],[99.721289,-0.032959],[99.236426,0.267773],[98.935547,1.031934],[98.564258,1.902148],[97.79502,2.282861],[97.616797,2.785107],[97.247949,3.189014],[96.800977,3.708545],[96.230078,4.072754],[95.431934,4.865039],[95.24707,5.410791],[95.27959,5.592871],[95.737305,5.579297],[96.250879,5.266992],[96.492578,5.229346]]],[[[122.78291,-8.611719],[122.417285,-8.734668],[121.838672,-8.860352],[121.58457,-8.820605],[121.19082,-8.895508],[120.981836,-8.92832],[120.120898,-8.776953],[119.841406,-8.763574],[119.847656,-8.522852],[119.96377,-8.435547],[120.424902,-8.248926],[120.70957,-8.307813],[121.118164,-8.423535],[121.498438,-8.585156],[121.74707,-8.506641],[122.020117,-8.471875],[122.433496,-8.600781],[122.555859,-8.431543],[122.919141,-8.221875],[122.916992,-8.105566],[122.923633,-8.380957],[122.82002,-8.595703],[122.78291,-8.611719]]],[[[120.0125,-9.374707],[120.258301,-9.603125],[120.503711,-9.674023],[120.784473,-9.957031],[120.64043,-10.22793],[120.255469,-10.242285],[119.930664,-9.966504],[119.416504,-9.771094],[119.008398,-9.620508],[119.031445,-9.440234],[119.614746,-9.352441],[119.973828,-9.321582],[120.0125,-9.374707]]],[[[118.242383,-8.317773],[118.490625,-8.271484],[118.691797,-8.393457],[118.845703,-8.293066],[119.04209,-8.560938],[119.104199,-8.709961],[118.939355,-8.713086],[118.75625,-8.773633],[118.808301,-8.838281],[118.426953,-8.855469],[118.233984,-8.807813],[117.86123,-8.931445],[117.387891,-9.031934],[117.16123,-9.069238],[116.788477,-9.006348],[116.783105,-8.664648],[116.953125,-8.503418],[117.356641,-8.428516],[117.643359,-8.535547],[117.893164,-8.704395],[118.234863,-8.591895],[118.017871,-8.467383],[117.738379,-8.20459],[118.11748,-8.122266],[118.242383,-8.317773]]],[[[124.888867,0.995312],[124.514063,0.557129],[124.216797,0.380371],[123.525977,0.300342],[123.08252,0.48584],[122.060938,0.468018],[121.515723,0.498437],[120.700391,0.514697],[120.307031,0.408252],[120.036035,-0.089941],[120.062891,-0.555566],[120.425391,-0.960645],[120.728613,-1.371484],[121.148535,-1.339453],[121.519336,-0.855566],[121.737695,-0.925684],[122.138086,-0.839258],[122.658789,-0.769824],[122.829492,-0.658887],[123.281445,-0.591504],[123.396289,-0.961621],[123.152734,-0.907031],[122.807422,-0.966016],[122.33418,-1.497852],[121.779883,-1.766992],[121.513867,-1.887793],[121.40752,-1.970117],[121.725977,-2.208008],[122.013965,-2.656445],[122.29043,-3.004199],[122.317285,-3.275098],[122.25293,-3.62041],[122.43457,-3.739844],[122.606738,-3.984668],[122.778809,-4.081641],[122.894336,-4.166309],[122.817578,-4.389941],[122.671875,-4.422168],[122.114258,-4.540234],[122.038086,-4.832422],[121.588672,-4.75957],[121.556738,-4.244629],[121.537402,-4.014844],[120.891797,-3.520605],[121.054297,-3.16709],[120.990137,-2.670313],[120.543945,-2.732617],[120.300488,-3.154297],[120.435156,-3.747852],[120.420117,-4.617383],[120.279297,-5.146094],[120.311621,-5.541602],[119.951563,-5.577637],[119.717285,-5.693359],[119.360352,-5.31416],[119.515527,-4.741895],[119.623633,-4.034375],[119.479297,-3.667383],[119.419824,-3.475391],[118.922168,-3.482715],[118.821875,-3.040625],[118.783301,-2.720801],[118.958203,-2.597461],[119.172266,-2.140039],[119.308301,-1.659668],[119.35918,-1.243457],[119.786719,-0.763965],[119.77168,-0.483594],[119.838281,-0.022119],[119.913281,0.445068],[120.100586,0.740137],[120.293848,0.97915],[120.516602,0.817529],[120.711035,0.98667],[120.912109,1.288965],[121.208398,1.2625],[121.440039,1.214404],[121.591797,1.067969],[122.549316,0.984473],[122.89248,0.85],[123.278125,0.928076],[124.41084,1.185107],[124.64375,1.416162],[124.94707,1.672168],[125.233789,1.502295],[125.028027,1.180225],[124.888867,0.995312]]],[[[107.373926,-6.007617],[107.776074,-6.218945],[108.197461,-6.289062],[108.419141,-6.382812],[108.677832,-6.790527],[109.294238,-6.866992],[109.820996,-6.902441],[110.260938,-6.912402],[110.520898,-6.897266],[110.700781,-6.518066],[110.972266,-6.435645],[111.34209,-6.699512],[111.643555,-6.69873],[112.087305,-6.893359],[112.539258,-6.926465],[112.751953,-7.265039],[113.013574,-7.657715],[113.87627,-7.677246],[114.409277,-7.79248],[114.381348,-8.334277],[114.59502,-8.684766],[114.383203,-8.705371],[113.940332,-8.568359],[113.018945,-8.312695],[112.586035,-8.399609],[111.338574,-8.261719],[110.038672,-7.890527],[108.986719,-7.704102],[108.517969,-7.736035],[107.91748,-7.724121],[107.546875,-7.541895],[106.535352,-7.394238],[106.448438,-7.176758],[105.944336,-6.858984],[105.478418,-6.853711],[105.255469,-6.835254],[105.370898,-6.664355],[105.483691,-6.781543],[105.706055,-6.497949],[105.936133,-6.016992],[106.349707,-5.984082],[106.825195,-6.098242],[107.046289,-5.904199],[107.373926,-6.007617]]],[[[109.628906,2.027539],[109.63584,1.77666],[109.878516,1.397852],[110.114746,1.190137],[110.505762,0.861963],[111.101367,1.050537],[111.607422,1.022607],[111.923145,1.113281],[112.185742,1.439062],[112.942969,1.566992],[113.006543,1.433887],[113.458203,1.302148],[113.760352,1.311377],[114.125977,1.452344],[114.545898,1.467139],[114.686133,1.819043],[114.812695,1.933789],[114.758691,2.162402],[114.969141,2.35083],[115.180859,2.566895],[115.078906,2.723437],[115.117578,2.894873],[115.38418,3.00874],[115.489746,3.208643],[115.570703,3.502295],[115.596094,3.975537],[115.836816,4.333301],[116.134473,4.355176],[116.414551,4.308203],[116.638672,4.339111],[117.277539,4.299316],[117.566211,4.162305],[117.566016,3.929932],[117.762012,3.733887],[117.567383,3.678271],[117.287891,3.639307],[117.166406,3.591992],[117.352441,3.19375],[117.610645,3.064355],[117.637207,2.914941],[117.666797,2.806934],[117.885742,2.541748],[118.041602,2.21543],[117.789258,2.026855],[118.080371,1.701855],[118.852539,1.09585],[118.757422,0.839209],[118.095508,0.92915],[117.977344,0.963818],[117.776953,0.754004],[117.46377,-0.200488],[117.573828,-0.727539],[117.240723,-0.925684],[116.913965,-1.223633],[116.739844,-1.044238],[116.770996,-1.266602],[116.554492,-1.473926],[116.332129,-1.7125],[116.424316,-1.784863],[116.313965,-2.139844],[116.56543,-2.299707],[116.40127,-2.519824],[116.375488,-2.578027],[116.288867,-2.958789],[116.172266,-3.025293],[116.15,-3.233203],[115.956152,-3.59502],[114.625293,-4.111719],[114.445996,-3.481836],[114.30166,-3.364746],[114.17793,-3.354395],[113.958789,-3.394336],[113.637305,-3.332031],[113.525977,-3.184082],[113.033984,-2.933496],[112.443945,-3.371094],[111.907422,-3.552539],[111.835938,-3.307715],[111.694727,-2.889453],[111.367578,-2.933691],[110.86875,-3.04873],[110.811133,-2.938477],[110.574023,-2.891406],[110.256055,-2.966113],[110.096582,-2.001367],[110.023438,-1.642578],[109.938086,-1.181152],[109.453809,-0.86875],[109.270996,-0.732031],[109.257031,-0.577441],[109.121777,-0.265039],[109.25752,0.031152],[109.148535,0.167676],[108.905859,0.793945],[109.088477,1.223926],[109.010254,1.239648],[109.273145,1.705469],[109.628906,2.027539]]],[[[127.732715,0.848145],[127.929102,0.934717],[128.160742,1.157812],[128.424121,1.517529],[128.688086,1.463721],[128.514551,0.979248],[128.260645,0.733789],[128.683789,0.438477],[128.863281,0.268359],[128.332813,0.397949],[127.924414,0.438086],[127.912207,0.150537],[128.253516,-0.731641],[128.233398,-0.787695],[127.85332,-0.379883],[127.687402,-0.079932],[127.668652,0.336768],[127.541797,0.680664],[127.52041,0.924023],[127.534668,1.57207],[127.731445,1.966113],[128.042773,2.15708],[127.886816,1.832959],[128.025879,1.458105],[127.652832,1.013867],[127.732715,0.848145]]],[[[129.754688,-2.86582],[130.379102,-2.989355],[130.671094,-3.391504],[130.859961,-3.570312],[130.269727,-3.579297],[129.844141,-3.327148],[129.52041,-3.363184],[129.212109,-3.392676],[128.964063,-3.27168],[128.801758,-3.265625],[128.516602,-3.449121],[128.233008,-3.202637],[128.055762,-3.238574],[127.92041,-3.506055],[127.897168,-3.282324],[128.569824,-2.842188],[129.057715,-2.838477],[129.27959,-2.889063],[129.542969,-2.790332],[129.754688,-2.86582]]],[[[126.861133,-3.087891],[127.124707,-3.31084],[127.22959,-3.633008],[126.869922,-3.78291],[126.54668,-3.77168],[126.14668,-3.522754],[126.050098,-3.128125],[126.555078,-3.065234],[126.861133,-3.087891]]],[[[124.922266,-8.94248],[125.100391,-9.004004],[125.100488,-9.189844],[124.968262,-9.294238],[124.997949,-9.565332],[124.601855,-9.992969],[124.175977,-10.183301],[123.644141,-10.310938],[123.690137,-10.128809],[123.635742,-9.838086],[123.977148,-9.372949],[124.115527,-9.423145],[124.375684,-9.349902],[124.575488,-9.155371],[124.922266,-8.94248]]],[[[134.746973,-5.707031],[134.712207,-5.949707],[134.744434,-6.202344],[134.637598,-6.365332],[134.264453,-6.17168],[134.225098,-6.008496],[134.226172,-5.744434],[134.456348,-5.55752],[134.616504,-5.438574],[134.700781,-5.603027],[134.746973,-5.707031]]],[[[134.536816,-6.442285],[134.355957,-6.814844],[134.05918,-6.769336],[134.194629,-6.459766],[134.168066,-6.17627],[134.536816,-6.442285]]],[[[138.535352,-8.273633],[137.687695,-8.411719],[138.00752,-7.641602],[138.543848,-7.37959],[138.962598,-7.587988],[138.611719,-8.19834],[138.535352,-8.273633]]],[[[140.973438,-2.609766],[140.973633,-3.006641],[140.974023,-3.819824],[140.974316,-4.633008],[140.974609,-5.446191],[140.975,-6.259375],[140.862305,-6.740039],[140.975293,-7.275879],[140.975586,-8.089063],[140.975977,-8.902246],[140.786523,-8.97373],[140.10166,-8.300586],[140.037402,-8.083984],[139.79082,-8.106348],[139.319141,-8.16582],[139.192969,-8.086133],[138.864746,-8.192285],[138.935938,-7.913086],[139.087988,-7.587207],[138.885547,-7.373242],[138.798438,-7.215723],[139.0625,-7.227148],[138.845703,-7.136328],[138.683789,-6.886523],[138.698145,-6.625684],[138.368359,-6.118555],[138.282813,-5.838574],[138.252148,-5.688184],[138.065918,-5.675977],[137.984961,-5.427637],[137.795215,-5.312012],[137.237891,-4.975684],[137.029688,-4.928711],[136.618848,-4.81875],[135.979688,-4.530859],[135.273145,-4.453125],[134.686914,-4.011133],[134.707617,-3.929883],[134.391016,-3.909961],[134.14707,-3.796777],[133.933203,-3.775586],[133.723047,-3.57793],[133.781641,-3.148926],[133.671973,-3.131836],[133.518164,-3.411914],[133.407227,-3.785156],[133.198047,-4.070117],[132.870117,-4.007422],[132.869727,-3.550977],[132.348242,-2.975098],[132.006348,-2.856055],[132.32334,-2.68418],[132.897266,-2.658203],[133.264941,-2.454297],[133.651563,-2.600586],[133.834668,-2.42168],[133.791016,-2.293652],[133.921582,-2.102051],[133.224902,-2.214453],[132.502637,-2.218457],[132.122168,-2.092383],[131.936133,-1.714941],[131.29375,-1.393457],[131.056738,-1.447656],[131.090527,-1.247266],[131.258984,-0.952637],[131.461523,-0.781836],[132.045996,-0.537012],[132.508008,-0.347461],[133.268457,-0.635742],[133.974512,-0.744336],[134.071973,-1.001855],[134.25957,-1.362988],[134.105859,-1.720996],[134.155664,-2.195215],[134.491211,-2.714258],[134.627441,-2.536719],[134.769824,-2.944043],[134.886816,-3.209863],[135.251563,-3.368555],[135.627734,-3.186035],[136.012988,-2.734277],[136.352441,-2.325195],[137.07207,-2.105078],[137.123438,-1.840918],[137.80625,-1.483203],[138.649805,-1.791113],[139.039453,-1.99209],[139.789551,-2.348242],[140.250977,-2.412012],[140.720508,-2.508105],[140.973438,-2.609766]]],[[[138.895117,-8.388672],[138.845508,-8.401758],[138.594238,-8.371484],[138.567188,-8.330273],[138.563379,-8.309082],[138.620996,-8.268457],[138.67666,-8.199219],[138.762695,-8.173438],[138.796191,-8.173633],[138.897656,-8.3375],[138.895117,-8.388672]]],[[[101.708105,2.078418],[101.719434,1.78916],[101.403418,1.901318],[101.640723,2.126709],[101.708105,2.078418]]],[[[102.427148,0.990137],[102.255469,1.147168],[102.276465,1.395264],[102.448828,1.15625],[102.427148,0.990137]]],[[[102.491895,1.45918],[102.274219,1.453125],[102.018359,1.585645],[102.491895,1.45918]]],[[[103.027539,0.746631],[102.710547,0.784375],[102.466406,0.950342],[102.633203,1.054395],[103.002441,0.859277],[103.027539,0.746631]]],[[[103.166406,0.870166],[102.963965,0.942676],[102.701855,1.053711],[103.067578,1.014746],[103.166406,0.870166]]],[[[103.284473,0.541943],[103.172168,0.536182],[103.139551,0.549072],[103.15332,0.643115],[103.187402,0.699756],[103.238184,0.698633],[103.295117,0.613965],[103.284473,0.541943]]],[[[103.450195,0.664453],[103.429688,0.650879],[103.344434,0.777881],[103.365723,0.851123],[103.386133,0.86958],[103.433105,0.825],[103.470313,0.778125],[103.497461,0.722705],[103.450195,0.664453]]],[[[104.024805,1.180566],[104.127344,1.092383],[103.932227,1.071387],[104.024805,1.180566]]],[[[104.585352,1.216113],[104.652832,0.961035],[104.480664,0.886768],[104.462402,0.995557],[104.244238,1.077393],[104.500098,1.180225],[104.585352,1.216113]]],[[[104.778613,-0.175977],[104.949707,-0.247266],[104.914258,-0.32334],[104.44707,-0.18916],[104.658398,-0.062842],[104.778613,-0.175977]]],[[[104.474219,-0.334668],[104.506543,-0.59668],[104.329785,-0.539062],[104.340723,-0.382617],[104.474219,-0.334668]]],[[[103.736523,-0.347949],[103.606348,-0.38291],[103.461328,-0.357617],[103.479004,-0.297461],[103.548926,-0.227539],[103.610938,-0.230566],[103.723926,-0.27666],[103.764258,-0.317773],[103.736523,-0.347949]]],[[[109.710254,-1.180664],[109.51084,-1.282813],[109.463672,-1.277539],[109.428125,-1.241211],[109.450293,-1.044141],[109.475977,-0.985352],[109.614648,-0.979102],[109.699512,-1.007324],[109.743359,-1.039355],[109.760547,-1.105176],[109.750781,-1.14502],[109.710254,-1.180664]]],[[[113.844531,-7.105371],[113.470703,-7.218457],[113.126953,-7.224121],[112.76875,-7.00127],[114.073633,-6.960156],[113.844531,-7.105371]]],[[[134.965332,-1.116016],[134.917383,-1.134277],[134.861719,-1.11416],[134.808887,-1.037598],[134.82793,-0.978809],[134.889258,-0.938477],[134.94082,-0.978906],[134.956738,-1.030566],[134.996289,-1.034082],[134.965332,-1.116016]]],[[[127.249902,-0.495313],[127.187305,-0.521191],[127.119141,-0.520508],[127.104395,-0.413867],[127.126465,-0.278613],[127.189648,-0.255762],[127.290039,-0.284375],[127.253027,-0.318652],[127.280566,-0.391016],[127.249902,-0.495313]]],[[[127.566992,-0.318945],[127.804297,-0.694434],[127.842285,-0.847754],[127.623828,-0.766016],[127.468652,-0.642969],[127.329492,-0.390918],[127.491699,-0.335938],[127.566992,-0.318945]]],[[[132.92627,-5.902051],[132.84502,-5.987988],[132.92168,-5.785254],[132.937695,-5.682617],[133.008789,-5.621387],[133.114648,-5.310645],[133.138477,-5.317871],[133.172852,-5.348145],[133.119629,-5.575977],[132.971094,-5.73584],[132.92627,-5.902051]]],[[[132.807129,-5.850781],[132.746289,-5.94707],[132.704883,-5.913086],[132.681445,-5.912598],[132.667285,-5.856055],[132.681348,-5.738867],[132.630176,-5.607031],[132.697852,-5.608984],[132.716504,-5.64834],[132.737793,-5.661719],[132.804297,-5.788867],[132.807129,-5.850781]]],[[[128.275586,-3.674609],[128.158984,-3.697656],[127.978027,-3.770996],[128.016211,-3.600879],[128.313672,-3.563672],[128.275586,-3.674609]]],[[[126.816602,4.033496],[126.770117,4.162207],[126.720508,4.41582],[126.886719,4.37251],[126.816602,4.033496]]],[[[125.658105,3.436035],[125.633203,3.40542],[125.511523,3.461133],[125.517578,3.549609],[125.501172,3.593213],[125.468555,3.639111],[125.455273,3.68418],[125.468848,3.733252],[125.543457,3.67041],[125.585645,3.571094],[125.643555,3.476514],[125.658105,3.436035]]],[[[130.862207,-8.31875],[130.775195,-8.349902],[130.833398,-8.270801],[131.020117,-8.091309],[131.087402,-8.124512],[131.176367,-8.130762],[131.04375,-8.212012],[130.908105,-8.245703],[130.862207,-8.31875]]],[[[129.838867,-7.95459],[129.779785,-8.046484],[129.713477,-8.040723],[129.591895,-7.917383],[129.59873,-7.831348],[129.608984,-7.803418],[129.655469,-7.794824],[129.812988,-7.819727],[129.843555,-7.889355],[129.838867,-7.95459]]],[[[127.823438,-8.098828],[127.998438,-8.139063],[128.098828,-8.134863],[128.119238,-8.170703],[128.023535,-8.255371],[127.820898,-8.190234],[127.78623,-8.120313],[127.823438,-8.098828]]],[[[130.35332,-1.690527],[130.380566,-1.902637],[130.338965,-1.981836],[130.093359,-2.02832],[129.993652,-1.758887],[130.35332,-1.690527]]],[[[102.367188,-5.478711],[102.285937,-5.483496],[102.135547,-5.360547],[102.110742,-5.322559],[102.153516,-5.28623],[102.198438,-5.288867],[102.371777,-5.366406],[102.405469,-5.404785],[102.367188,-5.478711]]],[[[100.425098,-3.18291],[100.332031,-3.113086],[100.198535,-2.785547],[100.464258,-3.116895],[100.425098,-3.18291]]],[[[100.204102,-2.741016],[100.132715,-2.821387],[100.014941,-2.819727],[99.991895,-2.769824],[99.996875,-2.649316],[99.968164,-2.609766],[99.969336,-2.594141],[99.987891,-2.525391],[100.011914,-2.510254],[100.201953,-2.679688],[100.204102,-2.741016]]],[[[99.843066,-2.343066],[99.537402,-2.161523],[99.62207,-2.016602],[99.843066,-2.343066]]],[[[98.459277,-0.530469],[98.354785,-0.379297],[98.374512,0.00708],[98.520117,-0.379688],[98.459277,-0.530469]]],[[[96.463672,2.36001],[96.021973,2.595752],[95.733008,2.766504],[95.895801,2.889062],[96.17998,2.661328],[96.463672,2.36001]]],[[[122.042969,-5.437988],[121.820703,-5.20293],[121.913672,-5.072266],[122.061816,-5.221289],[122.042969,-5.437988]]],[[[123.212305,-1.171289],[123.338574,-1.254004],[123.547266,-1.337402],[123.328613,-1.443066],[123.172949,-1.616016],[123.150391,-1.304492],[122.858496,-1.548242],[122.972461,-1.18916],[123.212305,-1.171289]]],[[[121.864355,-0.406836],[121.906836,-0.45127],[121.88125,-0.502637],[121.846875,-0.489844],[121.756055,-0.49082],[121.721777,-0.494727],[121.680957,-0.525],[121.655273,-0.526172],[121.672363,-0.478809],[121.749316,-0.407031],[121.797363,-0.417676],[121.864355,-0.406836]]],[[[120.52832,-6.298438],[120.487305,-6.464844],[120.467969,-6.406152],[120.460742,-6.254004],[120.435547,-6.180176],[120.451563,-6.094922],[120.446484,-5.87627],[120.477344,-5.775293],[120.53418,-5.903809],[120.549219,-5.969238],[120.52832,-6.298438]]],[[[115.377051,-6.970801],[115.295801,-6.987793],[115.220313,-6.952539],[115.222168,-6.905176],[115.240527,-6.86123],[115.353711,-6.838477],[115.414453,-6.839746],[115.479199,-6.870215],[115.524219,-6.901855],[115.546094,-6.938672],[115.424121,-6.940625],[115.377051,-6.970801]]],[[[116.30332,-3.868164],[116.018359,-3.699902],[116.239355,-3.260352],[116.295117,-3.49502],[116.289258,-3.820898],[116.30332,-3.868164]]],[[[122.948926,-10.909277],[122.845703,-10.761816],[123.339648,-10.48623],[123.412891,-10.622656],[123.005273,-10.876367],[122.948926,-10.909277]]],[[[124.286621,-8.329492],[124.065723,-8.55166],[124.01377,-8.318652],[124.239551,-8.203418],[124.286621,-8.329492]]],[[[123.924805,-8.272461],[123.591602,-8.47793],[123.553027,-8.566797],[123.32998,-8.535645],[123.45459,-8.353711],[123.391211,-8.280469],[123.600586,-8.291309],[123.924805,-8.272461]]],[[[123.31748,-8.354785],[123.297266,-8.398633],[123.025,-8.395508],[123.032617,-8.337793],[123.108301,-8.274805],[123.133496,-8.253809],[123.21709,-8.235449],[123.336035,-8.269043],[123.31748,-8.354785]]],[[[134.716113,-6.549414],[134.66084,-6.558887],[134.633691,-6.477246],[134.679102,-6.456055],[134.728516,-6.505859],[134.716113,-6.549414]]],[[[103.423926,1.04834],[103.429688,0.993359],[103.363281,1.006836],[103.31543,1.071289],[103.35498,1.117236],[103.37998,1.133643],[103.404883,1.072559],[103.423926,1.04834]]],[[[103.828613,0.801025],[103.833984,0.772217],[103.742383,0.82998],[103.740039,0.871826],[103.751953,0.891357],[103.806641,0.846338],[103.828613,0.801025]]],[[[104.239355,0.833984],[104.176758,0.804883],[104.098145,0.89624],[104.101074,0.91748],[104.108301,0.933545],[104.122754,0.943994],[104.170508,0.896729],[104.227051,0.879883],[104.239355,0.833984]]],[[[104.689258,0.059521],[104.698145,0.034668],[104.650879,0.062695],[104.622363,0.079639],[104.603516,0.095215],[104.499219,0.23208],[104.543848,0.223291],[104.659863,0.103076],[104.689258,0.059521]]],[[[106.285254,3.157129],[106.283691,3.088232],[106.214551,3.128564],[106.200977,3.204883],[106.22373,3.22959],[106.271191,3.216309],[106.285254,3.157129]]],[[[105.760352,2.863037],[105.704199,2.980908],[105.760352,3.013037],[105.809375,2.903955],[105.760352,2.863037]]],[[[108.8875,2.90542],[108.838867,2.853027],[108.786523,2.885645],[108.86709,2.991895],[108.885742,2.998975],[108.8875,2.90542]]],[[[108.953125,-1.619629],[108.837891,-1.661621],[108.803711,-1.567773],[108.877246,-1.539844],[108.956836,-1.564063],[108.953125,-1.619629]]],[[[107.47334,-2.899512],[107.432813,-2.925293],[107.409277,-2.900586],[107.402441,-2.872949],[107.419336,-2.838086],[107.474414,-2.834668],[107.499707,-2.84502],[107.47334,-2.899512]]],[[[106.886426,-3.005273],[106.869727,-3.025293],[106.814258,-3.014453],[106.774316,-2.986816],[106.749219,-2.960449],[106.742871,-2.932813],[106.796875,-2.898926],[106.910645,-2.933984],[106.886426,-3.005273]]],[[[114.412598,-7.133496],[114.397656,-7.173145],[114.346875,-7.163281],[114.298828,-7.097559],[114.322168,-7.080371],[114.348926,-7.073438],[114.383594,-7.080664],[114.412598,-7.133496]]],[[[112.719434,-5.811035],[112.697949,-5.846484],[112.602148,-5.843652],[112.586035,-5.803613],[112.648535,-5.730859],[112.690039,-5.726172],[112.727344,-5.752734],[112.719434,-5.811035]]],[[[105.252832,-6.64043],[105.19043,-6.6625],[105.142773,-6.643066],[105.121387,-6.614941],[105.192285,-6.545605],[105.225684,-6.529102],[105.260547,-6.523926],[105.277441,-6.561426],[105.252832,-6.64043]]],[[[97.33418,2.075635],[97.32832,2.053271],[97.225098,2.158496],[97.108301,2.216895],[97.156641,2.232227],[97.252832,2.216016],[97.291406,2.20083],[97.328711,2.148535],[97.33418,2.075635]]],[[[95.362109,5.812402],[95.342578,5.784131],[95.283203,5.798535],[95.217676,5.889502],[95.241992,5.907031],[95.28252,5.897754],[95.35918,5.876758],[95.366016,5.842676],[95.362109,5.812402]]],[[[123.597559,-1.704297],[123.528613,-1.71084],[123.48252,-1.681445],[123.486621,-1.534863],[123.528516,-1.502832],[123.548535,-1.508203],[123.561328,-1.551855],[123.582031,-1.590918],[123.616406,-1.627441],[123.597559,-1.704297]]],[[[123.242383,-4.112988],[123.144531,-4.233301],[123.076172,-4.227148],[122.994727,-4.148047],[122.970898,-4.061328],[122.969043,-4.02998],[123.024902,-3.980957],[123.211914,-3.997559],[123.246973,-4.040918],[123.242383,-4.112988]]],[[[123.848242,-1.955469],[123.866016,-1.995703],[123.803516,-1.994336],[123.777246,-1.918652],[123.783496,-1.87832],[123.848242,-1.955469]]],[[[123.152539,-1.816504],[123.078809,-1.898926],[123.070898,-1.854883],[123.08584,-1.814844],[123.106445,-1.786719],[123.1375,-1.772656],[123.152539,-1.816504]]],[[[119.464063,-8.741016],[119.378906,-8.586523],[119.470508,-8.455664],[119.557227,-8.518848],[119.444043,-8.671777],[119.464063,-8.741016]]],[[[119.073828,-8.238867],[119.02998,-8.240039],[119.020898,-8.199902],[119.036621,-8.157813],[119.078711,-8.140234],[119.097754,-8.13916],[119.12832,-8.177148],[119.134863,-8.19707],[119.106738,-8.223438],[119.073828,-8.238867]]],[[[115.609961,-8.769824],[115.581934,-8.804199],[115.500879,-8.742871],[115.480469,-8.71543],[115.540625,-8.675391],[115.561426,-8.669922],[115.613281,-8.713184],[115.609961,-8.769824]]],[[[117.649023,4.168994],[117.74541,4.166943],[117.884766,4.186133],[117.917871,4.090527],[117.922852,4.054297],[117.736816,4.004004],[117.625098,4.121484],[117.649023,4.168994]]],[[[117.658398,3.280518],[117.645801,3.247754],[117.560352,3.328223],[117.5375,3.386377],[117.547852,3.431982],[117.636719,3.436084],[117.680859,3.40752],[117.658398,3.280518]]],[[[124.05127,-5.97373],[124.04209,-6.021582],[124.005664,-5.966699],[123.972266,-5.939355],[123.975781,-5.880176],[124.022949,-5.902148],[124.05127,-5.97373]]],[[[123.626758,-5.271582],[123.622754,-5.373047],[123.582617,-5.367383],[123.550098,-5.331836],[123.540918,-5.29834],[123.542773,-5.271094],[123.560645,-5.249805],[123.626758,-5.271582]]],[[[120.774414,-7.118945],[120.672363,-7.124707],[120.64082,-7.11582],[120.633398,-7.018262],[120.745508,-7.060156],[120.781738,-7.063086],[120.774414,-7.118945]]],[[[117.556348,-8.367285],[117.533594,-8.367969],[117.49043,-8.34873],[117.505957,-8.307031],[117.482129,-8.239258],[117.490527,-8.183398],[117.546094,-8.151953],[117.665039,-8.148242],[117.669238,-8.189258],[117.556348,-8.367285]]],[[[116.424121,-3.464453],[116.387793,-3.636719],[116.326563,-3.539062],[116.395312,-3.42334],[116.426953,-3.399902],[116.424121,-3.464453]]],[[[127.372656,0.791309],[127.338379,0.758447],[127.306055,0.769434],[127.286426,0.811914],[127.292773,0.84248],[127.319824,0.862012],[127.353809,0.847461],[127.372656,0.791309]]],[[[134.374219,-2.123535],[134.345215,-2.13877],[134.335059,-2.095215],[134.350781,-2.036914],[134.369531,-2.027637],[134.391016,-2.030762],[134.419043,-2.051758],[134.374219,-2.123535]]],[[[133.570801,-4.245898],[133.621875,-4.299316],[133.50293,-4.257422],[133.333008,-4.169629],[133.320898,-4.111035],[133.464355,-4.199805],[133.570801,-4.245898]]],[[[130.905273,-0.777441],[130.439063,-0.887402],[130.548145,-0.82627],[130.723242,-0.822461],[130.905273,-0.777441]]],[[[130.62666,-0.528711],[130.569141,-0.52998],[130.46543,-0.486523],[130.525879,-0.44873],[130.56416,-0.440918],[130.597461,-0.418262],[130.615918,-0.417285],[130.656934,-0.436523],[130.684277,-0.469141],[130.62666,-0.528711]]],[[[129.548926,-0.187012],[129.505664,-0.189844],[129.469238,-0.131445],[129.370117,-0.066406],[129.308789,0.04541],[129.541992,-0.139258],[129.548926,-0.187012]]],[[[127.453418,-0.005859],[127.448633,-0.036621],[127.417871,0.006348],[127.396777,0.016602],[127.419531,0.124414],[127.431348,0.142578],[127.449414,0.068994],[127.453418,-0.005859]]],[[[127.419727,0.64209],[127.383984,0.631006],[127.373633,0.634863],[127.362891,0.675146],[127.382617,0.743555],[127.424805,0.744385],[127.442578,0.733447],[127.445898,0.683301],[127.419727,0.64209]]],[[[127.300391,-0.780957],[127.289062,-0.801563],[127.18457,-0.775293],[127.156445,-0.760938],[127.209082,-0.619336],[127.258203,-0.623438],[127.30127,-0.758398],[127.300391,-0.780957]]],[[[128.722461,-3.546875],[128.720117,-3.58916],[128.713281,-3.602539],[128.658789,-3.587793],[128.619531,-3.588574],[128.585156,-3.512207],[128.594922,-3.494824],[128.666504,-3.516699],[128.693555,-3.524512],[128.722461,-3.546875]]],[[[128.562598,-3.585449],[128.391602,-3.637891],[128.42832,-3.54043],[128.451563,-3.514746],[128.536328,-3.541309],[128.562598,-3.585449]]],[[[126.719336,3.874658],[126.721777,3.83252],[126.66123,3.928418],[126.6375,4.041943],[126.685547,4.001416],[126.739648,3.917725],[126.719336,3.874658]]],[[[126.851855,3.768457],[126.835547,3.756934],[126.799609,3.783887],[126.777539,3.813428],[126.778906,3.843164],[126.804492,3.85791],[126.857031,3.812402],[126.857813,3.787207],[126.851855,3.768457]]],[[[125.407422,2.651611],[125.397266,2.629541],[125.360059,2.746826],[125.39082,2.805371],[125.435254,2.783887],[125.446484,2.762988],[125.403906,2.707031],[125.407422,2.651611]]],[[[131.982031,-7.202051],[131.969531,-7.251367],[131.926855,-7.225],[131.884473,-7.16748],[131.822852,-7.15918],[131.777539,-7.143945],[131.750781,-7.116797],[131.922266,-7.104492],[131.982031,-7.202051]]],[[[128.670117,-7.183301],[128.625,-7.208594],[128.550195,-7.156348],[128.529785,-7.13457],[128.577344,-7.083203],[128.627734,-7.06875],[128.658301,-7.091113],[128.673242,-7.113379],[128.666895,-7.137988],[128.670117,-7.183301]]],[[[127.419434,-7.623047],[127.355273,-7.646484],[127.375,-7.572461],[127.370703,-7.512793],[127.475195,-7.531055],[127.474023,-7.578516],[127.463965,-7.596875],[127.419434,-7.623047]]],[[[123.416211,-10.302637],[123.325977,-10.3375],[123.325586,-10.26416],[123.395312,-10.171387],[123.458789,-10.139941],[123.493945,-10.176953],[123.496777,-10.193945],[123.405078,-10.227148],[123.416211,-10.302637]]],[[[121.883008,-10.590332],[121.833105,-10.602148],[121.726172,-10.573145],[121.704688,-10.555664],[121.796289,-10.507422],[121.866992,-10.438867],[121.949512,-10.433008],[121.99834,-10.446973],[121.981348,-10.528418],[121.883008,-10.590332]]],[[[134.819531,-6.43418],[134.795117,-6.442383],[134.795313,-6.393066],[134.822949,-6.349609],[134.851855,-6.324609],[134.88584,-6.323535],[134.819531,-6.43418]]],[[[134.674414,-6.749805],[134.657422,-6.765332],[134.631445,-6.73291],[134.629102,-6.712793],[134.663477,-6.657715],[134.697656,-6.625684],[134.735742,-6.62334],[134.726074,-6.668652],[134.674414,-6.749805]]],[[[127.987891,-2.936523],[127.937695,-3.02002],[127.849609,-3.016309],[127.834277,-3.004395],[127.938379,-2.952344],[127.987891,-2.936523]]],[[[127.60625,-3.315137],[127.629297,-3.35918],[127.531055,-3.331348],[127.487695,-3.288184],[127.530469,-3.261523],[127.554492,-3.254297],[127.60625,-3.315137]]],[[[122.977344,-8.545215],[122.945508,-8.604004],[122.887793,-8.587305],[122.903516,-8.530664],[122.932813,-8.49707],[123.010547,-8.44834],[123.089453,-8.439844],[123.137891,-8.456934],[123.153125,-8.475781],[123.030078,-8.494824],[122.977344,-8.545215]]]]}},{"type":"Feature","geometry":{"type":"MultiPolygon","coordinates":[[[[68.165039,23.857324],[68.488672,23.967236],[68.739648,24.291992],[68.82832,24.264014],[69.051563,24.286328],[69.55918,24.273096],[69.933789,24.171387],[70.289062,24.356299],[70.555859,24.331104],[70.767285,24.24541],[70.982813,24.361035],[70.973242,24.487402],[71.002344,24.653906],[70.877734,25.062988],[70.657227,25.625781],[70.505859,25.685303],[70.100195,25.910059],[70.149219,26.347559],[70.059375,26.57876],[69.506934,26.742676],[69.537012,27.122949],[69.724805,27.312695],[70.193945,27.894873],[70.488574,28.023145],[70.691602,27.768994],[71.184766,27.831641],[71.870313,27.9625],[72.179199,28.421777],[72.625586,28.896143],[73.231152,29.550635],[73.46748,29.97168],[73.933398,30.22207],[73.899316,30.435352],[74.380371,30.893408],[74.610352,31.112842],[74.593945,31.465381],[74.555566,31.818555],[75.13877,32.104785],[75.302637,32.318896],[74.788867,32.457812],[74.663281,32.757666],[74.35459,32.768701],[74.303613,32.991797],[74.049121,33.143408],[74.050391,33.30127],[74.13125,33.545068],[73.976465,33.721289],[74.250879,33.946094],[73.949902,34.018799],[73.938281,34.144775],[73.809961,34.325342],[73.883105,34.529053],[74.300391,34.765381],[74.951855,34.64585],[75.452539,34.536719],[75.938281,34.612549],[76.509961,34.740869],[76.75752,34.877832],[77.030664,35.062354],[77.423437,35.302588],[77.802539,35.492773],[77.945898,35.471631],[78.00918,35.306934],[78.236133,34.769824],[78.670801,34.518164],[78.970117,34.302637],[78.753027,34.087695],[78.783789,33.808789],[78.916699,33.386768],[79.1125,33.22627],[79.108594,33.022656],[79.205566,32.809033],[79.219043,32.507568],[79.066992,32.388184],[78.771289,32.468066],[78.631543,32.578955],[78.389648,32.519873],[78.486133,32.23623],[78.735449,31.957959],[78.753906,31.668359],[78.758594,31.436572],[78.844531,31.301514],[79.011133,31.414111],[79.33877,31.105713],[79.56543,30.949072],[79.916602,30.894189],[80.149414,30.789844],[80.191211,30.568408],[80.608887,30.448877],[80.985449,30.237109],[80.848145,30.139746],[80.549023,29.899805],[80.255957,29.318018],[80.08457,28.994189],[80.226562,28.72334],[80.495801,28.635791],[80.726172,28.553906],[81.168945,28.33501],[81.486035,28.062207],[81.896875,27.874463],[82.111914,27.864941],[82.677344,27.673437],[83.064063,27.444531],[83.383984,27.444824],[83.828809,27.377832],[84.229785,27.427832],[84.654785,27.203662],[85.020117,26.878516],[85.174121,26.781543],[85.456445,26.797217],[85.707422,26.712646],[86.007324,26.649365],[86.414453,26.556299],[87.016406,26.55542],[87.287402,26.360303],[87.748828,26.429297],[88.054883,26.430029],[88.111035,26.928467],[88.067871,27.567383],[88.150293,27.843311],[88.141113,27.948926],[88.531641,28.057373],[88.803711,28.006934],[88.749023,27.521875],[88.881641,27.297461],[88.813574,27.099023],[89.040918,26.865039],[89.474609,26.803418],[89.606152,26.741113],[89.943164,26.723926],[90.345898,26.890332],[90.739648,26.77168],[91.426758,26.86709],[91.753711,26.830762],[91.99834,26.85498],[92.030859,27.04082],[92.031152,27.214307],[91.950977,27.458301],[91.594727,27.557666],[91.631934,27.759961],[91.977637,27.730371],[92.250488,27.841504],[92.480664,27.845947],[92.6875,28.025732],[92.701855,28.147119],[93.157813,28.492725],[93.664941,28.690234],[94.013281,28.90752],[94.293262,29.144629],[94.733398,29.251611],[94.998828,29.14917],[95.389258,29.037402],[95.516992,29.151172],[96.035352,29.447168],[96.234961,29.245801],[96.270508,29.16123],[96.137109,28.922607],[96.46709,29.022266],[96.395605,28.606543],[96.278906,28.428174],[96.389063,28.36792],[96.775781,28.367041],[97.145117,28.340332],[97.302734,28.085986],[97.306152,27.90708],[96.962793,27.698291],[96.901953,27.4396],[96.953418,27.133301],[96.665723,27.339258],[95.970898,27.128076],[95.463867,26.756055],[95.089453,26.525488],[95.108398,26.091406],[95.040723,25.941309],[94.861133,25.597217],[94.579883,25.319824],[94.615625,25.1646],[94.663281,24.931006],[94.377246,24.47373],[94.127637,23.876465],[93.755859,23.976904],[93.49375,23.972852],[93.307324,24.021875],[93.391309,23.33916],[93.253516,23.015479],[93.1625,22.907959],[93.105078,22.547119],[93.121484,22.205176],[92.964551,22.00376],[92.720996,22.132422],[92.630371,22.011328],[92.50957,22.525684],[92.393164,22.897021],[92.33418,23.323828],[92.152344,23.721875],[91.92959,23.685986],[91.790039,23.361035],[91.750977,23.053516],[91.51123,23.033691],[91.370605,23.197998],[91.338867,23.077002],[91.160449,23.660645],[91.350195,24.060498],[91.571387,24.106592],[91.772461,24.210645],[91.931055,24.325537],[92.085059,24.386182],[92.22666,24.770996],[92.384961,24.848779],[92.468359,24.944141],[91.763477,25.160645],[91.038281,25.174072],[90.439355,25.157715],[89.866309,25.293164],[89.796289,25.37583],[89.709863,26.17124],[89.572754,26.132324],[89.369727,26.006104],[89.101953,26.30835],[88.951953,26.412109],[88.97041,26.250879],[88.761914,26.279395],[88.620117,26.430664],[88.345898,26.504785],[88.447852,26.401025],[88.235156,26.178076],[88.08457,25.888232],[88.363086,25.698193],[88.769141,25.490479],[88.944141,25.290771],[88.817285,25.176221],[88.45625,25.188428],[88.188867,24.920605],[88.023438,24.627832],[88.287109,24.479736],[88.642285,24.325977],[88.71377,24.069629],[88.595996,23.602197],[88.74082,23.436621],[88.89707,23.2104],[88.899707,22.843506],[88.971484,22.510937],[89.02793,21.937207],[89.05166,21.654102],[88.834375,21.661377],[88.691211,21.733496],[88.65957,22.066943],[88.584668,21.659717],[88.279199,21.696875],[88.099414,21.793555],[87.994434,22.265674],[88.083008,22.182715],[87.948437,21.825439],[87.100684,21.500781],[86.895801,20.965576],[86.835938,20.534326],[86.49873,20.171631],[86.245215,20.053027],[86.216211,19.895801],[85.511133,19.726904],[85.459961,19.895898],[85.228516,19.601318],[85.225586,19.50835],[84.609375,18.884326],[83.654297,18.069873],[82.976855,17.461816],[82.281934,16.936084],[82.338672,16.706543],[81.761914,16.329492],[81.238574,16.263965],[80.978711,15.75835],[80.781836,15.867334],[80.293457,15.710742],[80.16543,14.577832],[80.111719,14.212207],[80.245801,13.68584],[80.15625,13.71377],[80.342383,13.361328],[79.981738,12.235449],[79.793359,11.44668],[79.835254,11.268848],[79.756934,10.304346],[79.390527,10.305957],[78.996289,9.683105],[79.019922,9.33335],[79.411426,9.192383],[78.274512,8.990186],[78.060156,8.38457],[77.301465,8.145313],[76.553418,8.902783],[76.419043,9.207812],[76.242383,9.9271],[76.375586,9.539893],[76.24873,10.017969],[76.201465,10.200635],[75.844629,11.057568],[75.422656,11.812207],[74.945508,12.564551],[74.682324,13.506934],[74.498535,14.046338],[74.382227,14.494727],[74.08877,14.902197],[73.800781,15.396973],[73.771777,15.573047],[73.607715,15.871094],[73.23916,17.198535],[72.993945,18.097705],[72.875488,18.642822],[73.005566,19.021094],[72.803027,19.079297],[72.987207,19.277441],[72.799414,19.519824],[72.667773,19.830957],[72.878906,20.828516],[72.751562,21.12915],[72.734766,21.470801],[72.810547,21.619922],[72.839746,21.687256],[72.700195,21.971924],[72.62793,22.199609],[72.590137,22.278125],[72.242578,22.245166],[72.161719,21.984814],[72.10293,21.79458],[72.254004,21.531006],[71.396484,20.869775],[70.485059,20.840186],[69.541992,21.678564],[68.969922,22.290283],[69.194238,22.336084],[69.655176,22.403516],[70.08418,22.553516],[70.513477,23.00249],[70.396289,23.030127],[70.191699,22.965674],[69.664648,22.759082],[68.529199,23.364063],[68.776758,23.8521],[68.343359,23.616846],[68.165039,23.857324]]],[[[93.890039,6.831055],[93.828809,6.748682],[93.709277,7.000684],[93.658008,7.016064],[93.656348,7.13623],[93.68418,7.183594],[93.822461,7.236621],[93.858984,7.206836],[93.92959,6.973486],[93.890039,6.831055]]],[[[93.733594,7.356494],[93.638477,7.261865],[93.597266,7.31875],[93.614258,7.358105],[93.654688,7.379932],[93.69248,7.410596],[93.733594,7.356494]]],[[[93.140723,8.249512],[93.170605,8.212061],[93.115234,8.218506],[93.064258,8.274951],[93.077539,8.327881],[93.096973,8.349365],[93.140723,8.249512]]],[[[93.442578,7.877832],[93.365039,7.876562],[93.341992,7.919336],[93.309375,7.964014],[93.334473,8.006934],[93.375488,8.01792],[93.433691,7.948389],[93.447363,7.899121],[93.442578,7.877832]]],[[[93.536914,8.056641],[93.490039,8.019434],[93.478223,8.024463],[93.471777,8.052686],[93.469727,8.072656],[93.46123,8.108594],[93.456445,8.171875],[93.494043,8.224658],[93.531641,8.21377],[93.511621,8.159766],[93.536914,8.056641]]],[[[92.7875,9.13667],[92.743555,9.130957],[92.716602,9.165088],[92.713281,9.204883],[92.738574,9.230664],[92.762109,9.243896],[92.785742,9.240527],[92.809277,9.173389],[92.7875,9.13667]]],[[[92.502832,10.554883],[92.472656,10.520752],[92.369531,10.547412],[92.377148,10.650586],[92.352832,10.751123],[92.370703,10.793506],[92.447852,10.865527],[92.510352,10.897461],[92.554004,10.799805],[92.574316,10.704248],[92.502832,10.554883]]],[[[92.693164,11.381152],[92.644531,11.361328],[92.595703,11.386426],[92.633887,11.426758],[92.640234,11.509131],[92.690039,11.463428],[92.687207,11.41123],[92.693164,11.381152]]],[[[92.722754,11.536084],[92.559668,11.833447],[92.631836,12.013867],[92.769238,12.215576],[92.718945,12.357324],[92.740039,12.779639],[92.808984,13.0396],[93.029395,13.543848],[93.016016,13.336182],[93.004687,13.089355],[92.965039,12.850488],[92.879492,12.22793],[92.747656,11.992773],[92.766992,11.764648],[92.722754,11.536084]]],[[[93.017383,12.036816],[93.062109,11.899414],[92.981738,11.959473],[92.955371,12.002441],[92.995801,12.031787],[93.017383,12.036816]]],[[[92.717578,12.864893],[92.685742,12.799951],[92.679688,12.939258],[92.694434,12.956787],[92.710645,12.961572],[92.730859,12.948535],[92.717578,12.864893]]],[[[72.780371,11.20249],[72.773047,11.196094],[72.772461,11.214258],[72.781836,11.243311],[72.792676,11.262744],[72.795898,11.260449],[72.792871,11.241553],[72.787891,11.215918],[72.780371,11.20249]]],[[[73.067383,8.269092],[73.023438,8.265918],[73.075195,8.306348],[73.067383,8.269092]]]]}},{"type":"Feature","geometry":{"type":"Polygon","coordinates":[[[-15.543115,66.228516],[-14.969971,66.359717],[-14.593896,66.373975],[-15.02998,66.177881],[-14.894043,66.037891],[-14.674365,65.989893],[-14.839307,65.780908],[-14.391846,65.787402],[-14.318164,65.684473],[-14.166943,65.642285],[-13.705127,65.550537],[-13.654443,65.441309],[-13.804785,65.354785],[-13.641113,65.275],[-13.707422,65.215137],[-13.556104,65.097656],[-13.777246,65.013721],[-13.85293,64.862158],[-14.296973,64.724365],[-14.44834,64.60083],[-14.54707,64.445947],[-15.021582,64.295898],[-16.060449,64.11123],[-16.739697,63.851758],[-17.815723,63.712988],[-17.886377,63.606885],[-18.14292,63.496973],[-18.266016,63.513867],[-19.250195,63.441992],[-20.198145,63.555811],[-20.491016,63.731982],[-20.363037,63.764941],[-20.650928,63.737402],[-21.008105,63.838379],[-21.105957,63.939844],[-21.448633,63.858398],[-22.693018,63.868506],[-22.701172,64.083203],[-22.510059,63.991455],[-21.935449,64.15376],[-21.722559,64.321777],[-21.557178,64.397852],[-22.049072,64.327002],[-22.000684,64.413184],[-21.61665,64.61001],[-21.924414,64.562549],[-22.28418,64.586572],[-22.247559,64.726904],[-23.346973,64.824365],[-23.878564,64.750635],[-24.007031,64.896436],[-23.485303,64.94585],[-23.197998,65.002148],[-22.827686,65.02168],[-22.599707,65.025732],[-21.829785,65.079102],[-22.03999,65.125244],[-22.473437,65.226855],[-21.850244,65.421533],[-22.389697,65.5354],[-23.12207,65.534766],[-24.018994,65.44502],[-24.341064,65.601221],[-23.856738,65.538379],[-24.065039,65.710156],[-23.909082,65.765576],[-23.285352,65.75],[-23.773242,65.806348],[-23.524951,65.880029],[-23.770557,66.043457],[-23.434473,66.024219],[-23.552637,66.121582],[-23.376562,66.181738],[-23.017285,66.033936],[-22.852246,65.979297],[-22.621582,65.999951],[-22.616016,65.86748],[-22.424219,65.998096],[-22.869238,66.17207],[-22.755518,66.25874],[-22.646094,66.301563],[-22.972021,66.32417],[-22.944336,66.429443],[-22.426123,66.430127],[-21.948389,66.24126],[-21.396777,66.009277],[-21.387793,65.93877],[-21.412842,65.71333],[-21.46626,65.635156],[-21.386621,65.592432],[-21.432178,65.474072],[-21.22998,65.420605],[-21.075586,65.384961],[-20.978857,65.471191],[-20.678955,65.663086],[-20.454834,65.571045],[-20.373926,65.947705],[-20.102686,66.080469],[-19.647852,65.800781],[-19.443262,65.787842],[-19.382959,66.075684],[-18.911328,66.181152],[-18.594922,66.071338],[-18.163721,65.736572],[-18.099023,65.830273],[-18.297168,66.157422],[-17.634326,65.99917],[-17.467041,65.999658],[-17.115381,66.206201],[-16.838037,66.125244],[-16.437109,66.252539],[-16.249316,66.5229],[-15.759766,66.391699],[-15.543115,66.228516]]]}},{"type":"Feature","geometry":{"type":"Polygon","coordinates":[[[22.131836,48.405322],[22.269434,48.360889],[22.350195,48.256055],[22.676367,48.104395],[22.782227,48.095215],[22.856055,47.960303],[22.608398,47.766309],[22.351465,47.73623],[22.111914,47.572021],[21.954297,47.364258],[21.721777,47.084814],[21.58418,46.878369],[21.411035,46.647852],[21.252246,46.486377],[21.17041,46.352686],[20.837012,46.259717],[20.707422,46.172803],[20.280957,46.133008],[19.934082,46.161475],[19.530762,46.155176],[19.330273,46.028516],[19.087305,46.016162],[18.927832,45.931396],[18.721777,45.899365],[18.437305,45.767334],[17.963867,45.770264],[17.607031,45.91377],[17.242188,46.076611],[16.871484,46.339307],[16.505664,46.52207],[16.367188,46.704785],[16.283594,46.857275],[16.423926,46.996973],[16.484766,47.09126],[16.416895,47.223437],[16.442871,47.399512],[16.636621,47.476611],[16.421289,47.674463],[16.590918,47.750537],[16.823047,47.693994],[17.045605,47.76377],[17.077734,47.900879],[17.277246,48.004346],[17.635254,47.809912],[18.47627,47.777002],[18.74834,47.892676],[19.265137,48.073047],[19.625391,48.223096],[19.950391,48.146631],[20.490039,48.526904],[21.067285,48.505908],[21.504688,48.521875],[21.648633,48.401465],[22.111328,48.393359],[22.131836,48.405322]]]}},{"type":"Feature","geometry":{"type":"MultiPolygon","coordinates":[[[[-83.15752,14.993066],[-83.635498,14.876416],[-83.972266,14.771094],[-84.114404,14.731006],[-84.263965,14.738525],[-84.393652,14.691748],[-84.729785,14.713379],[-85.037354,14.685547],[-85.117285,14.570605],[-85.179492,14.343311],[-85.477051,14.108691],[-85.727734,13.876074],[-85.983789,13.965674],[-86.238232,13.899463],[-86.733643,13.763477],[-86.72959,13.407227],[-86.873535,13.266504],[-86.958887,13.053711],[-87.33252,13.084717],[-87.485156,13.310596],[-87.769385,13.37666],[-87.756445,13.506006],[-87.715332,13.812695],[-87.991016,13.879639],[-88.276221,13.942676],[-88.497656,13.904541],[-88.665625,14.015527],[-88.868311,14.163672],[-89.120508,14.370215],[-89.339404,14.460742],[-89.192236,14.788721],[-89.142578,15.072314],[-88.684473,15.360498],[-88.22832,15.729004],[-87.907031,15.862598],[-87.544971,15.832373],[-86.907227,15.762354],[-86.181201,15.885156],[-85.985645,16.02417],[-85.048242,15.973975],[-84.492285,15.793945],[-84.519629,15.872754],[-83.972803,15.519629],[-84.095068,15.400928],[-83.870654,15.352734],[-83.672168,15.260742],[-83.551074,15.293994],[-83.290869,15.078906],[-83.15752,14.993066]]],[[[-86.419922,16.378369],[-86.580273,16.300244],[-86.63042,16.301758],[-86.556934,16.362109],[-86.438281,16.413867],[-86.337842,16.439209],[-86.255518,16.428223],[-86.419922,16.378369]]],[[[-85.870947,16.461523],[-85.947217,16.403613],[-85.960986,16.429688],[-85.924219,16.483301],[-85.878223,16.513965],[-85.833789,16.510889],[-85.844434,16.487744],[-85.870947,16.461523]]]]}},{"type":"Feature","geometry":{"type":"MultiPolygon","coordinates":[[[[-71.779248,19.718164],[-71.753174,19.324463],[-71.657031,19.130762],[-71.733643,18.856396],[-71.866504,18.61416],[-71.872559,18.416211],[-71.768311,18.03916],[-72.059863,18.228564],[-72.633301,18.176221],[-73.272266,18.233545],[-73.747314,18.190234],[-73.989453,18.143164],[-74.459961,18.393066],[-74.227734,18.662695],[-73.687012,18.565332],[-72.739453,18.442139],[-72.418115,18.558691],[-72.465234,18.743555],[-72.767969,19.240625],[-73.052734,19.610742],[-73.400537,19.807422],[-72.876514,19.928076],[-71.954297,19.72168],[-71.779248,19.718164]]],[[[-72.80459,18.777686],[-72.822217,18.707129],[-73.077979,18.790918],[-73.285254,18.896729],[-73.276416,18.954053],[-73.170605,18.967285],[-73.069141,18.932031],[-72.919238,18.861475],[-72.80459,18.777686]]],[[[-72.664062,20.0375],[-72.623486,20.01416],[-72.638867,19.98584],[-72.739795,20.003418],[-72.844238,20.035449],[-72.878418,20.027441],[-72.899316,20.031445],[-72.960352,20.062256],[-72.906738,20.08584],[-72.851465,20.093652],[-72.791016,20.091895],[-72.664062,20.0375]]]]}},{"type":"Feature","geometry":{"type":"Polygon","coordinates":[[[-60.742139,5.202051],[-61.39082,5.93877],[-61.128711,6.214307],[-61.203613,6.588379],[-61.00708,6.726611],[-60.82085,6.788477],[-60.39502,6.945361],[-60.345068,7.15],[-60.583203,7.156201],[-60.62373,7.36333],[-60.610107,7.64834],[-60.346777,7.854004],[-59.990723,8.162012],[-59.831641,8.305957],[-59.756738,8.339502],[-59.476904,8.254004],[-58.626611,7.545898],[-58.58291,6.843652],[-58.593994,6.451514],[-58.298437,6.879297],[-57.792871,6.598535],[-57.227539,6.178418],[-57.194775,5.548437],[-57.318555,5.335352],[-57.207324,5.214209],[-57.30957,5.105859],[-57.570898,5.004492],[-57.804102,4.929053],[-57.904883,4.779297],[-57.90625,4.506787],[-58.054492,4.171924],[-57.866553,3.787256],[-57.656104,3.42373],[-57.490576,3.354297],[-57.289941,3.353613],[-57.231641,3.108887],[-57.209814,2.882812],[-57.105127,2.768262],[-57.028955,2.6375],[-56.945215,2.456836],[-56.819824,2.22666],[-56.562695,2.005078],[-56.563574,1.907227],[-56.836719,1.88125],[-57.092676,2.005811],[-57.31748,1.963477],[-57.545752,1.726074],[-57.873437,1.667285],[-58.011768,1.539941],[-58.173096,1.547852],[-58.340674,1.587549],[-58.472949,1.46626],[-58.511865,1.284668],[-58.787207,1.208496],[-58.968506,1.30459],[-59.337256,1.508203],[-59.596631,1.718018],[-59.698535,1.861475],[-59.743506,2.121631],[-59.960791,2.588379],[-59.945654,3.087842],[-59.833057,3.462158],[-59.670215,3.752734],[-59.557764,3.96001],[-59.716895,4.188184],[-59.703271,4.381104],[-59.962354,4.501709],[-60.140918,4.569629],[-60.026758,4.812695],[-60.078076,5.143994],[-60.24165,5.257959],[-60.576416,5.19248],[-60.742139,5.202051]]]}},{"type":"Feature","geometry":{"type":"MultiPolygon","coordinates":[[[[-16.711816,12.354834],[-16.342285,12.399512],[-15.574805,12.490381],[-14.708154,12.677979],[-13.732617,12.592822],[-13.730078,12.280811],[-13.947314,12.215234],[-13.816309,12.054492],[-13.732764,11.736035],[-14.327832,11.629785],[-14.720264,11.481934],[-15.043018,10.940137],[-15.181055,11.034229],[-15.31748,11.152002],[-15.348437,11.378076],[-15.479492,11.410303],[-15.072656,11.597803],[-15.359668,11.6229],[-15.467187,11.842822],[-15.101709,11.913965],[-15.188086,11.927295],[-15.819385,11.763477],[-15.958789,11.959619],[-16.318848,12.14375],[-16.436816,12.20415],[-16.711816,12.354834]]],[[[-16.114502,11.059424],[-16.194629,11.130127],[-16.087451,11.198779],[-16.114502,11.059424]]],[[[-15.895898,11.082471],[-15.905176,11.054736],[-15.963965,11.058984],[-15.950635,11.087109],[-15.963477,11.095312],[-15.946484,11.179736],[-15.937695,11.192773],[-15.909131,11.161328],[-15.905273,11.14834],[-15.895898,11.082471]]],[[[-15.725146,11.215479],[-15.725146,11.174512],[-15.76748,11.182275],[-15.779785,11.194531],[-15.754687,11.268701],[-15.71748,11.301758],[-15.671924,11.296484],[-15.65835,11.286475],[-15.667187,11.257861],[-15.687109,11.234326],[-15.725146,11.215479]]],[[[-15.553418,11.537012],[-15.562793,11.51377],[-15.619629,11.533496],[-15.536572,11.617627],[-15.482471,11.632324],[-15.484424,11.567529],[-15.526221,11.553857],[-15.553418,11.537012]]],[[[-15.901807,11.46582],[-15.94873,11.434424],[-15.997217,11.44917],[-16.023193,11.477148],[-16.019336,11.527295],[-15.964551,11.598291],[-15.915332,11.589111],[-15.901807,11.46582]]],[[[-15.986426,11.882031],[-16.03833,11.759717],[-16.102441,11.773193],[-16.147363,11.845996],[-16.152441,11.876807],[-16.021875,11.88667],[-15.986426,11.882031]]]]}},{"type":"Feature","geometry":{"type":"Polygon","coordinates":[[[-10.283203,8.485156],[-10.557715,8.315674],[-10.712109,8.335254],[-10.503125,8.660303],[-10.605762,8.978809],[-10.749951,9.122363],[-10.690527,9.314258],[-11.047461,9.786328],[-11.273633,9.996533],[-11.922754,9.922754],[-12.501465,9.862158],[-12.603613,9.634229],[-12.755859,9.373584],[-13.028027,9.103564],[-13.234229,9.070117],[-13.295898,9.218506],[-13.568262,9.543408],[-13.700488,9.85127],[-13.820117,9.887207],[-14.04502,10.14126],[-14.60957,10.549854],[-14.677344,10.688965],[-14.837451,10.962549],[-15.012402,10.804346],[-14.944434,11.072168],[-14.604785,11.511621],[-14.122314,11.651953],[-13.730664,11.959863],[-13.901172,12.142871],[-13.849463,12.262988],[-13.682373,12.393408],[-13.405762,12.662256],[-13.08291,12.633545],[-13.061279,12.48999],[-12.930713,12.532275],[-12.620801,12.396191],[-12.291211,12.328027],[-11.808105,12.387305],[-11.418066,12.377686],[-11.492432,12.166943],[-11.209668,12.024854],[-10.933203,12.205176],[-10.734912,11.916455],[-10.618994,11.941211],[-10.339893,12.190283],[-9.820703,12.04248],[-9.587744,12.182471],[-9.340186,12.282764],[-9.395361,12.464648],[-9.120459,12.449951],[-8.913867,12.108545],[-8.779736,11.648242],[-8.621143,11.485107],[-8.398535,11.366553],[-8.520312,11.235937],[-8.646191,10.990479],[-8.404492,11.029932],[-8.32168,10.826953],[-8.231494,10.437988],[-7.990625,10.1625],[-8.155176,9.973193],[-8.088672,9.430664],[-7.9,9.308691],[-7.777979,9.080859],[-7.950977,8.786816],[-7.681201,8.410352],[-7.823584,8.467676],[-8.167773,8.490674],[-8.256104,8.253711],[-8.048584,8.169727],[-8.073828,7.984424],[-8.205957,7.590234],[-8.486426,7.558496],[-8.607324,7.687939],[-8.732617,7.543555],[-8.855518,7.322803],[-8.976562,7.258887],[-9.172852,7.278418],[-9.39165,7.394922],[-9.411475,7.509961],[-9.394922,7.794629],[-9.451123,8.023242],[-9.508496,8.17627],[-9.610156,8.402344],[-9.701172,8.482178],[-9.781982,8.537695],[-10.097656,8.505859],[-10.283203,8.485156]]]}},{"type":"Feature","geometry":{"type":"Polygon","coordinates":[[[-92.235156,14.54541],[-92.176465,14.761328],[-92.144238,15.001953],[-92.204248,15.275],[-91.819434,15.932373],[-90.97959,16.070801],[-90.459863,16.162354],[-90.471094,16.439551],[-90.659961,16.630908],[-91.111865,16.976172],[-91.409619,17.255859],[-90.99043,17.620752],[-89.728809,17.815332],[-89.182178,17.291211],[-89.227637,16.142822],[-88.937158,15.889844],[-88.708643,15.806543],[-88.597998,15.927344],[-88.364551,15.616016],[-88.960986,15.152441],[-89.206104,14.900586],[-89.171777,14.606885],[-89.383252,14.427637],[-89.573633,14.390088],[-89.570264,14.224658],[-89.793701,14.050098],[-90.048145,13.904053],[-90.479102,13.900928],[-91.640918,14.114941],[-92.235156,14.54541]]]}},{"type":"Feature","geometry":{"type":"Polygon","coordinates":[[[-61.715527,12.012646],[-61.782178,12.008447],[-61.755762,12.045459],[-61.749902,12.108447],[-61.71499,12.185156],[-61.660449,12.237012],[-61.607031,12.223291],[-61.627148,12.053955],[-61.715527,12.012646]]]}},{"type":"Feature","geometry":{"type":"MultiPolygon","coordinates":[[[[27.860156,36.553906],[27.838281,36.537988],[27.788086,36.583691],[27.785742,36.60752],[27.836816,36.634863],[27.8625,36.641162],[27.869824,36.62251],[27.869043,36.582666],[27.860156,36.553906]]],[[[20.612305,38.38335],[20.780762,38.088818],[20.523535,38.106641],[20.452148,38.23418],[20.408691,38.336768],[20.54834,38.394531],[20.612305,38.38335]]],[[[20.888477,37.805371],[20.993945,37.708008],[20.909082,37.732129],[20.818555,37.664746],[20.703809,37.743457],[20.635059,37.823145],[20.619531,37.855029],[20.691504,37.929541],[20.758691,37.852979],[20.839844,37.840723],[20.888477,37.805371]]],[[[20.686719,38.608691],[20.647852,38.600977],[20.614355,38.60625],[20.583984,38.601709],[20.554688,38.582568],[20.55791,38.661865],[20.59248,38.760156],[20.634668,38.817578],[20.694141,38.844238],[20.719629,38.79917],[20.714844,38.63833],[20.686719,38.608691]]],[[[20.758691,38.329443],[20.709277,38.318604],[20.646387,38.414307],[20.623633,38.480322],[20.649707,38.483984],[20.674805,38.476318],[20.70127,38.451416],[20.701074,38.425928],[20.711621,38.398633],[20.73916,38.365771],[20.758691,38.329443]]],[[[20.07793,39.432715],[19.808887,39.585303],[19.838574,39.820117],[19.862207,39.692627],[19.927344,39.505908],[20.07793,39.432715]]],[[[23.41543,38.958643],[23.688477,38.764697],[24.154688,38.588281],[24.220117,38.338623],[24.563281,38.14751],[24.502344,37.969922],[24.359473,38.018555],[24.189063,38.204297],[24.041895,38.374121],[23.650781,38.443066],[23.465234,38.655859],[23.029102,38.873389],[22.986328,38.915918],[23.41543,38.958643]]],[[[23.779785,39.114404],[23.735156,39.080566],[23.666113,39.095361],[23.593945,39.208594],[23.779785,39.114404]]],[[[23.887988,39.158301],[23.841211,39.146582],[23.888086,39.226367],[23.970898,39.267725],[23.939746,39.200537],[23.887988,39.158301]]],[[[24.674707,38.809229],[24.569043,38.784814],[24.541016,38.788672],[24.564551,38.819434],[24.566406,38.832373],[24.461035,38.888623],[24.473438,38.96167],[24.485645,38.980273],[24.564063,38.942236],[24.58125,38.878857],[24.674707,38.809229]]],[[[24.774219,40.615186],[24.645898,40.579443],[24.515527,40.647021],[24.516699,40.687207],[24.585547,40.76875],[24.62334,40.79292],[24.719141,40.786279],[24.773633,40.730273],[24.786328,40.703857],[24.768652,40.658887],[24.774219,40.615186]]],[[[23.550977,37.925879],[23.511426,37.901172],[23.466797,37.902393],[23.435254,37.911475],[23.419336,37.93125],[23.439063,37.940674],[23.462207,37.980371],[23.483691,37.991113],[23.515527,37.986035],[23.534863,37.970215],[23.550977,37.925879]]],[[[23.053809,36.189795],[23.042188,36.146387],[22.939453,36.176221],[22.91084,36.220996],[22.905664,36.320312],[22.932617,36.36875],[22.950488,36.383936],[22.997852,36.328125],[23.09707,36.246582],[23.053809,36.189795]]],[[[27.176074,35.465283],[27.070703,35.597754],[27.207031,35.714453],[27.176074,35.465283]]],[[[27.019727,36.959033],[26.919922,36.945215],[26.937695,37.024609],[26.888672,37.087256],[26.966602,37.0521],[27.016016,37.009668],[27.040137,37.001562],[27.03457,36.975977],[27.019727,36.959033]]],[[[26.949609,36.7271],[26.918359,36.725928],[26.955566,36.774219],[27.061133,36.840381],[27.214941,36.898633],[27.265625,36.905127],[27.352148,36.868896],[27.193164,36.809131],[27.150977,36.777588],[27.033594,36.770752],[26.949609,36.7271]]],[[[25.545898,36.967578],[25.456738,36.929688],[25.395898,36.984375],[25.361914,37.07041],[25.525293,37.196387],[25.564355,37.185107],[25.587891,37.152539],[25.584277,37.039307],[25.545898,36.967578]]],[[[25.278906,37.068408],[25.199414,36.991309],[25.133301,36.999658],[25.105469,37.034961],[25.146484,37.107422],[25.235059,37.148535],[25.275293,37.137842],[25.271484,37.08418],[25.278906,37.068408]]],[[[25.482422,36.392627],[25.435938,36.340088],[25.370508,36.358936],[25.397168,36.378955],[25.412891,36.404883],[25.414648,36.442285],[25.396875,36.465332],[25.408984,36.47373],[25.467383,36.435059],[25.482422,36.392627]]],[[[25.381738,36.674023],[25.364355,36.65835],[25.288672,36.721533],[25.259961,36.758447],[25.295898,36.78916],[25.406934,36.717334],[25.381738,36.674023]]],[[[26.824414,37.811426],[27.055078,37.709277],[26.720508,37.705469],[26.743359,37.809766],[26.824414,37.811426]]],[[[26.029297,37.529395],[25.982422,37.525586],[25.996777,37.565576],[26.086328,37.634912],[26.211523,37.638281],[26.325586,37.673047],[26.351367,37.674316],[26.296875,37.61958],[26.204883,37.568506],[26.029297,37.529395]]],[[[25.859375,36.79043],[25.771094,36.782227],[25.743164,36.789746],[25.796777,36.807031],[25.834375,36.825391],[25.852441,36.847559],[25.941992,36.886572],[26.000684,36.937402],[26.064453,36.902734],[25.984668,36.879687],[25.859375,36.79043]]],[[[26.460645,36.5854],[26.381641,36.561523],[26.331445,36.511377],[26.27002,36.546924],[26.269824,36.59541],[26.337012,36.580566],[26.38418,36.607861],[26.37002,36.638574],[26.421289,36.624219],[26.460645,36.5854]]],[[[24.355957,37.576855],[24.288965,37.528271],[24.277441,37.601123],[24.32041,37.677734],[24.379102,37.682715],[24.400781,37.649023],[24.355957,37.576855]]],[[[24.435742,37.344434],[24.378906,37.314111],[24.397754,37.383447],[24.369727,37.419629],[24.394824,37.450391],[24.43125,37.475195],[24.448535,37.449561],[24.481445,37.408008],[24.435742,37.344434]]],[[[24.535742,36.76377],[24.5375,36.705029],[24.530664,36.683984],[24.325977,36.655615],[24.344922,36.722998],[24.357422,36.744287],[24.425195,36.712939],[24.450195,36.728955],[24.460352,36.747461],[24.535742,36.76377]]],[[[24.942871,37.493506],[24.937891,37.389697],[24.911523,37.390576],[24.896191,37.406592],[24.895313,37.446338],[24.906543,37.508887],[24.942871,37.493506]]],[[[24.991699,37.759619],[24.766504,37.870703],[24.79043,37.990137],[24.980469,37.796924],[24.991699,37.759619]]],[[[25.255859,37.599609],[25.21875,37.535107],[25.156348,37.545068],[25.051953,37.614453],[25.016309,37.645947],[24.996484,37.676904],[25.039355,37.680664],[25.091797,37.647998],[25.225391,37.630664],[25.255859,37.599609]]],[[[24.720898,36.921436],[24.702637,36.91709],[24.676465,36.959277],[24.670996,36.998584],[24.681445,37.021631],[24.716113,37.023828],[24.763184,36.949219],[24.720898,36.921436]]],[[[26.094043,38.218066],[25.952637,38.302637],[25.846094,38.574023],[26.141211,38.486182],[26.103125,38.23418],[26.094043,38.218066]]],[[[26.410156,39.329443],[26.595605,39.048828],[26.503125,39.031445],[26.16084,39.025879],[26.175977,39.194287],[25.844141,39.200049],[26.164844,39.331982],[26.410156,39.329443]]],[[[25.685742,40.426562],[25.572656,40.400439],[25.448047,40.482812],[25.568555,40.515869],[25.624316,40.491992],[25.664258,40.463867],[25.685742,40.426562]]],[[[25.437695,39.983301],[25.29873,39.806104],[25.223828,39.892578],[25.062207,39.852393],[25.23418,40.00542],[25.449121,40.034814],[25.437695,39.983301]]],[[[25.402734,37.419141],[25.307129,37.412988],[25.312695,37.489307],[25.348145,37.50918],[25.462988,37.471094],[25.457422,37.44707],[25.402734,37.419141]]],[[[24.523535,37.125098],[24.486523,37.110059],[24.424805,37.131982],[24.441211,37.186865],[24.483789,37.210205],[24.529102,37.192334],[24.535938,37.167676],[24.523535,37.125098]]],[[[27.842773,35.929297],[27.757324,36.069189],[27.815234,36.276953],[28.230078,36.370264],[27.965527,36.04751],[27.842773,35.929297]]],[[[23.852246,35.535449],[24.093359,35.593848],[24.108984,35.495801],[24.257715,35.423145],[24.444922,35.366016],[25.003125,35.409863],[25.569629,35.328076],[25.74502,35.142725],[26.028027,35.215283],[26.298633,35.268604],[26.165625,35.018604],[25.205762,34.959277],[24.735156,35.058301],[23.994336,35.221924],[23.592773,35.257227],[23.608691,35.56626],[23.715039,35.604736],[23.852246,35.535449]]],[[[26.320898,41.716553],[26.544531,41.607227],[26.602344,41.35415],[26.328418,41.097021],[26.331055,40.954492],[26.069727,40.740283],[25.496777,40.887793],[25.004688,40.967529],[24.477051,40.947754],[23.946094,40.74834],[23.878906,40.544385],[24.030566,40.409326],[24.232422,40.215186],[23.823438,40.368018],[23.917578,40.155225],[23.94707,39.965576],[23.386426,40.221973],[23.65752,39.934473],[23.312012,40.216455],[22.892871,40.524268],[22.629492,40.495557],[22.569336,40.119336],[22.978809,39.563818],[23.327734,39.174902],[23.16875,39.210449],[22.838965,39.258594],[23.066699,39.037939],[22.596777,38.890576],[22.774023,38.800391],[23.368945,38.525537],[23.966992,38.275],[24.061328,37.81792],[23.971582,37.676758],[23.537207,38.032764],[23.087402,37.912842],[23.147168,37.795312],[23.347559,37.597559],[23.490625,37.463867],[23.161523,37.333838],[22.940527,37.51709],[22.765039,37.393311],[23.073535,36.774951],[23.106836,36.451855],[22.779883,36.786182],[22.489453,36.446924],[22.375977,36.701904],[22.080469,37.028955],[21.934277,36.803662],[21.578809,37.200391],[21.416211,37.639941],[21.137988,37.85415],[21.403711,38.19668],[21.748438,38.274219],[22.555859,38.113232],[22.920313,37.958301],[23.12207,38.07334],[23.093555,38.196436],[22.834375,38.234717],[22.42168,38.438525],[21.965332,38.412451],[21.567676,38.333594],[21.331055,38.487305],[21.113184,38.384668],[20.776855,38.80752],[21.074219,38.885156],[21.118359,39.02998],[20.779688,39.008545],[20.468262,39.255273],[20.00127,39.709424],[20.206836,39.653516],[20.293848,39.782227],[20.381641,39.841797],[20.338477,39.991064],[20.527051,40.068506],[20.696973,40.246387],[20.806055,40.445459],[21.030859,40.622461],[20.964258,40.849902],[21.404102,40.907178],[21.779492,40.950439],[22.184473,41.158643],[22.603613,41.140186],[22.859277,41.337354],[23.239844,41.384961],[23.635156,41.386768],[24.011328,41.460059],[24.289453,41.525049],[24.569336,41.467383],[24.795801,41.3729],[25.251172,41.243555],[25.723926,41.315039],[26.135352,41.385742],[26.076953,41.640186],[26.200586,41.743799],[26.320898,41.716553]]]]}},{"type":"Feature","geometry":{"type":"Polygon","coordinates":[[[-0.068604,11.115625],[-0.060596,10.800586],[0.039453,10.563867],[0.331836,10.306934],[0.351855,9.924902],[0.311719,9.670996],[0.272754,9.620947],[0.251563,9.535645],[0.259961,9.426025],[0.447559,9.480273],[0.466113,9.115332],[0.453125,8.81377],[0.483301,8.575293],[0.64707,8.253467],[0.5,7.546875],[0.591016,7.388818],[0.59248,7.033984],[0.533398,6.88833],[0.672754,6.592529],[0.736914,6.452588],[1.002148,6.268555],[1.185059,6.14502],[1.008008,5.906396],[0.259668,5.757324],[-0.669434,5.318555],[-1.638477,4.980859],[-2.266406,4.874072],[-3.081885,5.082471],[-2.94834,5.118848],[-2.788672,5.264111],[-2.793652,5.600098],[-2.998291,5.711328],[-3.200586,6.348242],[-3.224121,6.690771],[-3.037695,7.10459],[-2.959082,7.454541],[-2.798145,7.895996],[-2.600977,8.082227],[-2.538281,8.171631],[-2.600391,8.800439],[-2.746924,9.045117],[-2.701807,9.30166],[-2.706201,9.533936],[-2.750732,9.909668],[-2.7771,10.281592],[-2.791162,10.432422],[-2.907324,10.727979],[-2.75166,10.986377],[-1.599658,10.997656],[-1.04248,11.010059],[-0.701416,10.988965],[-0.545215,10.983691],[-0.395605,11.085693],[-0.068604,11.115625]]]}},{"type":"Feature","geometry":{"type":"MultiPolygon","coordinates":[[[[9.524023,47.524219],[8.881152,47.656396],[8.770117,47.709912],[8.572656,47.775635],[8.413281,47.662695],[8.570508,47.637793],[8.430078,47.592139],[8.09375,47.576172],[7.56543,47.606543],[7.608496,48.002588],[7.765137,48.41001],[8.124023,48.873291],[8.00127,49.010937],[7.450586,49.152197],[7.117383,49.127539],[7.001465,49.179883],[6.820703,49.173926],[6.574707,49.319678],[6.382227,49.458154],[6.406738,49.644971],[6.487305,49.798486],[6.204883,49.915137],[6.116504,50.120996],[6.343652,50.400244],[6.178711,50.52251],[6.119434,50.679248],[6.006836,50.949951],[5.85752,51.030127],[6.12998,51.147412],[6.074805,51.199023],[6.198828,51.45],[6.089355,51.637793],[6.007617,51.833984],[6.29707,51.850732],[6.517578,51.853955],[6.802441,51.980176],[6.749023,52.098682],[7.019629,52.266016],[6.968164,52.444092],[6.70293,52.499219],[6.705371,52.597656],[7.033008,52.651367],[7.189941,52.999512],[7.05332,53.37583],[7.285254,53.681348],[8.108496,53.467676],[8.301563,53.584131],[8.495215,53.394238],[8.575586,53.838477],[9.321973,53.813477],[9.63125,53.600195],[8.978125,53.926221],[8.851562,54.299561],[8.625781,54.353955],[8.957227,54.53833],[8.670313,54.903418],[9.18584,54.844678],[9.61582,54.85542],[9.745898,54.807178],[10.028809,54.581299],[10.170801,54.450195],[10.955957,54.375684],[10.810742,54.075146],[11.399609,53.944629],[12.111328,54.168311],[12.575391,54.467383],[13.147461,54.282715],[13.865527,53.853369],[14.258887,53.729639],[14.414551,53.283496],[14.293164,53.026758],[14.253711,52.78252],[14.55459,52.359668],[14.705371,52.207471],[14.748145,52.070801],[14.60166,51.832373],[14.738672,51.627148],[14.935547,51.435352],[14.91748,51.00874],[14.766504,50.818311],[14.623828,50.914746],[14.507324,51.009863],[14.255859,51.001855],[14.369043,50.89873],[13.898535,50.761279],[13.472559,50.616943],[13.341016,50.611426],[13.181152,50.510498],[12.942676,50.406445],[12.635547,50.39707],[12.305664,50.205713],[12.134863,50.310937],[12.127832,50.213428],[12.276465,50.042334],[12.5125,49.877441],[12.390527,49.739648],[12.555762,49.574854],[12.813379,49.329346],[13.227832,49.11167],[13.401172,48.977588],[13.769922,48.815967],[13.798828,48.62168],[13.675195,48.523047],[13.409375,48.394141],[13.14043,48.289941],[12.760352,48.106982],[12.954199,47.807764],[12.985547,47.709424],[13.031543,47.508008],[12.809375,47.542187],[12.771387,47.639404],[12.48291,47.637305],[12.209277,47.718262],[11.716797,47.583496],[11.374121,47.460254],[11.136035,47.408887],[10.893945,47.470459],[10.658691,47.547217],[10.403906,47.416992],[10.183008,47.278809],[10.096484,47.37959],[10.034082,47.473584],[9.715137,47.550781],[9.524023,47.524219]]],[[[13.70918,54.382715],[13.482031,54.337402],[13.162109,54.364551],[13.231445,54.582764],[13.450098,54.649609],[13.670703,54.535449],[13.70918,54.382715]]],[[[14.211426,53.950342],[14.04834,53.863086],[13.872461,54.036279],[14.038867,54.03457],[14.211426,53.950342]]],[[[11.282813,54.417969],[11.129297,54.416016],[11.070703,54.456006],[11.011719,54.466162],[11.043457,54.515479],[11.084961,54.533398],[11.233594,54.50127],[11.280273,54.438379],[11.282813,54.417969]]],[[[8.307715,54.786963],[8.451465,55.055371],[8.379883,54.899854],[8.307715,54.786963]]],[[[8.587891,54.712695],[8.548926,54.688184],[8.453809,54.691064],[8.400391,54.714111],[8.417676,54.738672],[8.468164,54.757422],[8.509961,54.760303],[8.573438,54.74873],[8.587891,54.712695]]]]}},{"type":"Feature","geometry":{"type":"Polygon","coordinates":[[[43.439453,41.107129],[43.358984,41.190137],[43.141016,41.264844],[42.906738,41.466846],[42.682422,41.585742],[42.50791,41.470068],[42.211133,41.486719],[41.779395,41.440527],[41.701758,41.70542],[41.663281,42.146875],[41.128711,42.828125],[40.462109,43.145703],[40.08457,43.553125],[40.648047,43.533887],[41.358203,43.333398],[42.087793,43.199121],[42.566016,43.155127],[42.991602,43.091504],[43.557813,42.844482],[43.79541,42.702979],[43.825977,42.571533],[44.199707,42.653613],[44.644336,42.734717],[44.870996,42.756396],[45.208203,42.648242],[45.705273,42.498096],[45.638574,42.205078],[45.954004,42.0354],[46.267773,41.960352],[46.348242,41.790186],[46.184277,41.702148],[46.254688,41.602148],[46.618945,41.34375],[46.534375,41.088574],[46.27998,41.154443],[45.921973,41.186719],[45.715625,41.337646],[45.001367,41.290967],[44.848535,41.220166],[44.227344,41.21333],[43.793164,41.131104],[43.439453,41.107129]]]}},{"type":"Feature","geometry":{"type":"Polygon","coordinates":[[[-16.562305,13.587305],[-15.509668,13.58623],[-15.024463,13.806006],[-14.57085,13.616162],[-14.278027,13.497168],[-13.852832,13.478564],[-14.246777,13.23584],[-14.865039,13.434863],[-15.151123,13.556494],[-15.28623,13.395996],[-15.814404,13.325146],[-16.430859,13.157324],[-16.769336,13.148486],[-16.614795,13.435303],[-16.27168,13.293799],[-15.986426,13.408838],[-15.42749,13.468359],[-16.135449,13.448242],[-16.562305,13.587305]]]}},{"type":"Feature","geometry":{"type":"Polygon","coordinates":[[[13.293555,2.161572],[13.162695,1.648096],[13.22832,1.30542],[13.372363,1.267773],[14.066211,1.395898],[14.334473,1.090234],[14.434473,0.811475],[14.283105,0.587451],[14.025293,0.427734],[13.890625,0.075293],[14.069434,-0.270117],[14.36377,-0.468555],[14.444922,-0.798828],[14.455566,-1.413184],[14.423242,-1.711523],[14.251465,-2.001465],[14.162891,-2.265527],[14.087402,-2.466895],[13.887695,-2.374512],[13.733789,-2.138477],[13.357324,-2.404785],[12.864453,-2.063281],[12.59043,-1.826855],[12.44375,-2.047559],[12.453809,-2.245605],[11.950293,-2.344824],[11.605469,-2.342578],[11.594531,-2.670996],[11.675684,-2.886621],[11.708008,-3.063086],[11.885059,-3.283203],[11.864746,-3.478613],[11.879883,-3.665918],[11.685742,-3.682031],[11.234473,-3.69082],[10.947266,-3.662109],[10.347656,-3.013086],[9.763672,-2.473828],[9.959082,-2.489844],[9.624609,-2.36709],[9.402246,-2.027637],[9.482813,-1.962305],[9.265625,-1.825098],[9.052832,-1.379102],[9.406348,-1.63457],[9.397168,-1.530176],[9.34668,-1.325],[9.203809,-1.382422],[8.876563,-0.946094],[8.821387,-0.708398],[9.081543,-0.624316],[9.325293,0.11582],[9.386133,0.245898],[9.738379,0.084961],[9.944434,0.219873],[9.398828,0.486719],[9.538965,0.658691],[9.625293,0.631641],[9.636133,1.04668],[9.788672,1.025684],[9.94668,0.967139],[10.31543,1.003076],[11.335352,0.999707],[11.331152,1.740186],[11.35332,2.261426],[12.106152,2.2875],[12.601367,2.265039],[13.220313,2.256445],[13.293555,2.161572]]]}},{"type":"Feature","geometry":{"type":"MultiPolygon","coordinates":[[[[9.480371,42.80542],[9.526172,42.552637],[9.400879,41.926221],[9.253418,41.460059],[8.84209,41.558887],[8.886816,41.700684],[8.758691,41.87041],[8.615137,41.959131],[8.641602,42.118213],[8.675488,42.284033],[8.5875,42.385303],[8.994922,42.645312],[9.198047,42.729199],[9.338379,42.766895],[9.415234,43.021484],[9.480371,42.80542]]],[[[7.615625,47.592725],[7.343164,47.433105],[7.169238,47.473242],[6.900391,47.394238],[7.000586,47.32251],[6.688086,47.058252],[6.438574,46.925879],[6.160742,46.611035],[6.060254,46.428174],[6.036133,46.238086],[6.086621,46.147021],[6.224219,46.319434],[6.578223,46.437354],[6.78418,46.313965],[6.858008,46.089404],[7.021094,45.925781],[6.790918,45.740869],[7.013672,45.500488],[7.116797,45.349023],[6.842285,45.135645],[6.634766,45.068164],[6.801074,44.883154],[6.992676,44.827295],[6.931934,44.631641],[6.893848,44.428174],[7.149414,44.201709],[7.637207,44.164844],[7.589648,43.96543],[7.493164,43.767139],[7.39502,43.765332],[7.181445,43.659131],[6.657227,43.26167],[6.115918,43.072363],[5.406543,43.228516],[5.073145,43.366602],[4.911914,43.426953],[4.787207,43.401416],[4.409766,43.447217],[4.113086,43.563037],[3.861621,43.516357],[3.051758,42.915137],[3.211426,42.431152],[2.891406,42.456055],[2.67002,42.393018],[2.374414,42.390283],[1.986523,42.358496],[1.706055,42.50332],[1.709863,42.604443],[1.42832,42.595898],[1.111133,42.742041],[0.669824,42.835742],[0.517676,42.686279],[0.201367,42.719336],[-0.205322,42.785303],[-0.398438,42.808105],[-0.740186,42.909521],[-1.175439,43.021143],[-1.318848,43.096973],[-1.42876,43.036768],[-1.422607,43.149121],[-1.561475,43.279199],[-1.792725,43.372559],[-1.345996,44.020215],[-1.152881,44.764014],[-1.189062,45.161475],[-0.826318,45.380664],[-0.548486,45.000586],[-0.790771,45.468018],[-1.209961,45.770898],[-1.066016,45.805664],[-1.146289,46.311377],[-1.786523,46.514844],[-2.090283,46.920508],[-2.19707,47.162939],[-1.921729,47.260645],[-2.353027,47.27876],[-2.476318,47.412939],[-2.665918,47.526172],[-2.787207,47.625537],[-3.158838,47.694678],[-3.395898,47.72041],[-4.070703,47.847852],[-4.427979,47.968945],[-4.377832,48.128809],[-4.544336,48.246973],[-4.40332,48.293066],[-4.393164,48.367627],[-4.748535,48.41001],[-4.058887,48.70752],[-3.471484,48.812939],[-2.692334,48.536816],[-1.973145,48.635107],[-1.437646,48.641406],[-1.583105,49.202393],[-1.875391,49.631396],[-1.365723,49.707275],[-1.194971,49.444824],[-0.520898,49.354541],[0.416895,49.448389],[0.109375,49.55752],[0.924121,49.910205],[1.548438,50.230713],[1.60957,50.819482],[2.445703,51.066504],[2.601465,50.955273],[2.759375,50.750635],[3.022852,50.766895],[3.234961,50.662939],[3.476953,50.499463],[3.689355,50.306055],[3.858105,50.338574],[4.169629,50.221777],[4.192188,50.094141],[4.137012,49.984473],[4.54502,49.960254],[4.772852,50.139062],[4.841504,49.914502],[5.006934,49.778369],[5.278809,49.67793],[5.507324,49.510889],[5.789746,49.538281],[5.959473,49.454639],[6.181055,49.498926],[6.382227,49.458154],[6.574707,49.319678],[6.820703,49.173926],[7.001465,49.179883],[7.117383,49.127539],[7.450586,49.152197],[8.00127,49.010937],[8.124023,48.873291],[7.765137,48.41001],[7.608496,48.002588],[7.56543,47.606543],[7.615625,47.592725]]],[[[-1.17832,45.904053],[-1.213574,45.816602],[-1.280273,45.897119],[-1.368701,45.967676],[-1.388867,46.032959],[-1.388672,46.050391],[-1.285059,46.002686],[-1.17832,45.904053]]],[[[45.180273,-12.976758],[45.088281,-12.835059],[45.134766,-12.70918],[45.208594,-12.847949],[45.180273,-12.976758]]],[[[55.797363,-21.339355],[55.310352,-21.217383],[55.450488,-20.865137],[55.839063,-21.138574],[55.797363,-21.339355]]],[[[-60.82627,14.494482],[-61.063721,14.46709],[-61.104297,14.62124],[-61.180811,14.871924],[-60.927148,14.755176],[-60.869971,14.613721],[-60.82627,14.494482]]],[[[-61.327148,16.23042],[-61.500586,16.360205],[-61.406445,16.468311],[-61.327148,16.23042]]],[[[-61.589551,16.006934],[-61.794092,16.300977],[-61.597021,16.292187],[-61.589551,16.006934]]],[[[-61.230469,15.889941],[-61.28623,15.886035],[-61.310742,15.894678],[-61.318408,15.954883],[-61.275293,15.99624],[-61.25,16.006299],[-61.212354,15.959912],[-61.203418,15.92124],[-61.230469,15.889941]]],[[[-54.61626,2.326758],[-54.485547,2.416113],[-54.188086,2.874854],[-54.063184,3.35332],[-54.005908,3.62041],[-54.197461,3.834424],[-54.369141,4.170947],[-54.440674,4.428027],[-54.471143,4.749316],[-54.452197,5.013477],[-54.085303,5.411816],[-53.454443,5.563477],[-52.453955,5.021338],[-52.219971,4.862793],[-51.979346,4.429883],[-51.927686,4.436133],[-51.785645,4.570508],[-51.658105,4.098486],[-51.805273,3.929932],[-51.944336,3.735107],[-52.162598,3.364697],[-52.356641,3.117725],[-52.455859,2.86416],[-52.653174,2.425732],[-52.903467,2.211523],[-53.180078,2.211328],[-53.334424,2.339746],[-53.563965,2.261914],[-53.767773,2.354834],[-53.946436,2.232568],[-54.227979,2.15332],[-54.550488,2.293066],[-54.61626,2.326758]]]]}},{"type":"Feature","geometry":{"type":"MultiPolygon","coordinates":[[[[-56.150732,46.762402],[-56.17168,46.752832],[-56.243262,46.767187],[-56.20918,46.798242],[-56.185059,46.807275],[-56.152637,46.811084],[-56.137354,46.801562],[-56.139258,46.778662],[-56.150732,46.762402]]],[[[-56.26709,46.838477],[-56.332568,46.915967],[-56.364648,47.098975],[-56.289795,46.899902],[-56.26709,46.838477]]]]}},{"type":"Feature","geometry":{"type":"MultiPolygon","coordinates":[[[[-176.160596,-13.332813],[-176.176904,-13.340918],[-176.195361,-13.30166],[-176.171191,-13.242578],[-176.147949,-13.22168],[-176.128076,-13.268164],[-176.160596,-13.332813]]],[[[-178.04668,-14.318359],[-178.10332,-14.324902],[-178.158594,-14.311914],[-178.194385,-14.255469],[-178.178027,-14.231641],[-178.142236,-14.242578],[-178.105029,-14.28418],[-178.043652,-14.303223],[-178.04668,-14.318359]]]]}},{"type":"Feature","geometry":{"type":"Polygon","coordinates":[[[-63.011182,18.068945],[-63.123047,18.068945],[-63.11499,18.090723],[-63.063086,18.115332],[-63.024805,18.113086],[-63.009424,18.104297],[-63.011182,18.068945]]]}},{"type":"Feature","geometry":{"type":"Polygon","coordinates":[[[-62.831934,17.876465],[-62.846924,17.875195],[-62.858936,17.883643],[-62.869385,17.898584],[-62.875439,17.913574],[-62.874219,17.922266],[-62.86543,17.918262],[-62.799707,17.908691],[-62.807031,17.897656],[-62.818164,17.885449],[-62.831934,17.876465]]]}},{"type":"Feature","geometry":{"type":"MultiPolygon","coordinates":[[[[-151.466602,-16.65752],[-151.484912,-16.665137],[-151.50415,-16.646973],[-151.512402,-16.619043],[-151.505762,-16.574023],[-151.457422,-16.603711],[-151.438086,-16.623438],[-151.466602,-16.65752]]],[[[-149.813672,-17.54502],[-149.844922,-17.571094],[-149.886572,-17.552832],[-149.905127,-17.527734],[-149.911816,-17.501172],[-149.902148,-17.469531],[-149.808789,-17.473926],[-149.782422,-17.487793],[-149.813672,-17.54502]]],[[[-151.409814,-16.877734],[-151.449463,-16.879297],[-151.485498,-16.863672],[-151.476416,-16.760742],[-151.466748,-16.739648],[-151.411182,-16.774414],[-151.364502,-16.864258],[-151.409814,-16.877734]]],[[[-149.321533,-17.690039],[-149.254492,-17.849902],[-149.578906,-17.734961],[-149.508105,-17.496387],[-149.321533,-17.690039]]],[[[-139.024316,-9.695215],[-138.874463,-9.747168],[-138.827344,-9.741602],[-138.874951,-9.792871],[-139.024268,-9.820703],[-139.073682,-9.845703],[-139.134082,-9.829492],[-139.166455,-9.770215],[-139.024316,-9.695215]]],[[[-139.059717,-9.931348],[-139.133984,-10.00957],[-139.134229,-9.92627],[-139.107471,-9.91543],[-139.083154,-9.91543],[-139.059717,-9.931348]]],[[[-138.651123,-10.515332],[-138.687744,-10.532422],[-138.690381,-10.425586],[-138.64292,-10.445898],[-138.624463,-10.462988],[-138.632373,-10.492188],[-138.651123,-10.515332]]],[[[-140.072607,-8.910449],[-140.170557,-8.933984],[-140.217432,-8.929688],[-140.252686,-8.848047],[-140.240039,-8.797559],[-140.224414,-8.781543],[-140.057666,-8.801465],[-140.043701,-8.838477],[-140.046143,-8.873633],[-140.072607,-8.910449]]],[[[-140.075635,-9.425977],[-140.097363,-9.444141],[-140.138037,-9.384375],[-140.144385,-9.359375],[-140.070947,-9.328125],[-140.031104,-9.344727],[-140.075635,-9.425977]]],[[[-140.809375,-17.856641],[-140.850732,-17.831055],[-140.686182,-17.683789],[-140.776318,-17.754102],[-140.809375,-17.856641]]],[[[-139.556201,-8.940234],[-139.620996,-8.947949],[-139.631787,-8.898535],[-139.611768,-8.872363],[-139.583984,-8.860059],[-139.53457,-8.875391],[-139.50835,-8.89707],[-139.509912,-8.915625],[-139.556201,-8.940234]]],[[[-140.685352,-18.379883],[-140.671875,-18.416113],[-140.696045,-18.399121],[-140.773242,-18.36377],[-140.781738,-18.33418],[-140.685352,-18.379883]]],[[[-140.829883,-18.189355],[-140.822705,-18.216895],[-140.860059,-18.19873],[-140.895459,-18.147949],[-140.958643,-18.085059],[-140.973535,-18.05918],[-140.925146,-18.083789],[-140.893262,-18.120508],[-140.829883,-18.189355]]],[[[-136.293896,-18.544336],[-136.38291,-18.513672],[-136.458691,-18.463184],[-136.293896,-18.544336]]],[[[-136.971729,-18.341992],[-136.971338,-18.360938],[-137.067578,-18.265332],[-137.029639,-18.272852],[-136.971729,-18.341992]]],[[[-138.505859,-20.857227],[-138.534863,-20.875879],[-138.524023,-20.850586],[-138.546387,-20.795117],[-138.568359,-20.787109],[-138.546387,-20.771191],[-138.514941,-20.813379],[-138.505859,-20.857227]]],[[[-142.511816,-16.096289],[-142.52959,-16.107129],[-142.506836,-16.027734],[-142.481201,-16.017773],[-142.511816,-16.096289]]],[[[-143.440576,-16.619727],[-143.386182,-16.668848],[-143.458545,-16.635449],[-143.550684,-16.621094],[-143.515576,-16.612305],[-143.464697,-16.613574],[-143.440576,-16.619727]]],[[[-143.571143,-16.634766],[-143.610645,-16.64043],[-143.707422,-16.580859],[-143.670215,-16.580859],[-143.614795,-16.618066],[-143.571143,-16.634766]]],[[[-145.051367,-15.856055],[-145.057666,-15.901074],[-145.076416,-15.857617],[-145.137939,-15.788086],[-145.160742,-15.757031],[-145.133545,-15.762012],[-145.051367,-15.856055]]],[[[-145.48667,-16.329785],[-145.553125,-16.251172],[-145.613818,-16.079199],[-145.48667,-16.329785]]]]}},{"type":"Feature","geometry":{"type":"MultiPolygon","coordinates":[[[[164.202344,-20.246094],[164.975684,-20.681055],[165.306641,-20.887012],[165.447168,-21.080566],[165.822852,-21.36377],[166.30332,-21.637207],[166.820117,-22.016992],[166.9,-22.35332],[166.522168,-22.249219],[166.292285,-22.155078],[166.096094,-21.956641],[165.620215,-21.724219],[165.010156,-21.326855],[164.559473,-20.905859],[164.169727,-20.480176],[164.065039,-20.278613],[164.202344,-20.246094]]],[[[167.544434,-22.623242],[167.512695,-22.661133],[167.473438,-22.65332],[167.44375,-22.63916],[167.42207,-22.618555],[167.443457,-22.541406],[167.529492,-22.579199],[167.544434,-22.623242]]],[[[159.951758,-19.311719],[159.936426,-19.333105],[159.928223,-19.174316],[159.959863,-19.114648],[159.975098,-19.238281],[159.951758,-19.311719]]],[[[168.010938,-21.42998],[168.006445,-21.643164],[167.879102,-21.523633],[167.984961,-21.369727],[168.010938,-21.42998]]],[[[166.546777,-20.69873],[166.585449,-20.450488],[166.617871,-20.477539],[166.588867,-20.661914],[166.546777,-20.69873]]],[[[167.400879,-21.160645],[167.072656,-20.997266],[167.136426,-20.766113],[167.268945,-20.700586],[167.430566,-21.055273],[167.400879,-21.160645]]]]}},{"type":"Feature","geometry":{"type":"MultiPolygon","coordinates":[[[[69.184863,-49.10957],[69.592773,-48.970996],[69.43623,-49.124023],[69.666602,-49.264941],[70.061328,-49.136035],[70.40625,-49.061133],[70.536816,-49.265527],[70.386133,-49.433984],[70.16582,-49.342969],[69.861133,-49.420508],[69.780273,-49.490137],[70.073438,-49.517773],[70.258789,-49.600781],[70.075098,-49.708594],[69.74668,-49.601758],[69.352734,-49.563184],[68.992969,-49.70498],[68.791211,-49.599609],[68.861914,-49.392188],[68.813574,-49.19209],[68.790137,-49.103711],[68.832031,-48.84873],[69.057227,-48.656445],[69.122754,-48.766016],[69.032715,-49.017578],[69.184863,-49.10957]]],[[[69.282422,-49.058887],[69.220605,-49.066797],[69.201563,-49.034277],[69.203906,-48.991211],[69.169531,-48.957031],[69.150098,-48.919043],[69.167188,-48.88291],[69.266406,-48.878809],[69.36875,-48.89043],[69.394727,-48.951172],[69.321191,-49.034277],[69.282422,-49.058887]]],[[[51.83457,-46.439941],[51.761719,-46.44873],[51.696582,-46.428125],[51.659277,-46.373633],[51.741895,-46.326855],[51.78418,-46.358887],[51.81543,-46.394727],[51.83457,-46.439941]]]]}},{"type":"Feature","geometry":{"type":"MultiPolygon","coordinates":[[[[19.989551,60.351172],[20.167871,60.314697],[20.194727,60.193555],[20.042578,60.180664],[19.745996,60.098975],[19.779004,60.285547],[19.871582,60.301611],[19.823047,60.390186],[19.989551,60.351172]]],[[[19.662305,60.187158],[19.66748,60.164746],[19.629199,60.170361],[19.599805,60.162695],[19.579883,60.135059],[19.536523,60.144971],[19.519043,60.18457],[19.551367,60.243848],[19.628809,60.246094],[19.662305,60.187158]]],[[[20.611328,60.040674],[20.603418,60.016943],[20.521777,60.01167],[20.4875,60.032764],[20.41123,60.030127],[20.397949,60.040674],[20.42959,60.061719],[20.490137,60.074902],[20.569141,60.069629],[20.611328,60.040674]]]]}},{"type":"Feature","geometry":{"type":"MultiPolygon","coordinates":[[[[24.155469,65.805273],[23.751465,66.191162],[23.673828,66.380713],[23.865527,66.576611],[23.988574,66.810547],[23.758984,67.002588],[23.626074,67.233936],[23.733594,67.4229],[23.454883,67.460254],[23.537012,67.590381],[23.501855,67.875195],[23.355469,68.088672],[22.975391,68.316455],[22.195117,68.477979],[21.616016,68.650977],[21.183398,68.828809],[20.895117,68.979834],[21.065723,69.041748],[21.066113,69.214111],[21.59375,69.273584],[22.079688,68.992773],[22.500684,68.720215],[23.324023,68.648975],[23.854004,68.805908],[24.490527,68.688672],[25.086914,68.6396],[25.480859,68.880615],[25.768164,69.076123],[25.961523,69.588623],[26.308203,69.781934],[26.934277,69.928125],[27.348047,69.960059],[28.047266,69.97168],[29.141602,69.671436],[29.024902,69.287988],[28.96582,69.021973],[28.414062,68.90415],[28.772852,68.840039],[28.470703,68.488379],[29.343848,68.061865],[29.988086,67.668262],[29.387695,67.201416],[29.066211,66.891748],[29.464355,66.532178],[29.720703,66.234863],[30.0875,65.786523],[29.882617,65.663623],[29.728027,65.473438],[29.612402,65.234766],[29.826953,65.145068],[29.600879,65.001953],[29.783203,64.804297],[30.120117,64.644629],[30.108105,64.366113],[30.52793,64.141113],[30.210254,63.80332],[30.418555,63.504053],[31.247461,63.141895],[31.536523,62.921631],[31.285645,62.567822],[30.479688,62.068213],[29.690137,61.546094],[28.992969,61.169043],[28.455078,60.919629],[27.761621,60.532861],[27.241895,60.538672],[26.721484,60.455078],[26.551172,60.545996],[26.495801,60.551807],[26.036035,60.474902],[26.03584,60.341504],[25.71543,60.267432],[25.267871,60.24834],[24.600488,60.114258],[24.025195,60.00918],[23.326758,59.925781],[23.009766,59.868799],[23.148438,60.041309],[22.86709,60.21582],[22.749805,60.057275],[22.438574,60.072266],[22.469727,60.201318],[22.587988,60.255664],[22.584961,60.380566],[21.933984,60.500293],[21.613281,60.530957],[21.411914,60.696826],[21.377734,61.059229],[21.521191,61.41084],[21.552344,61.509521],[21.592383,61.568213],[21.545605,61.702734],[21.30166,62.112646],[21.165625,62.414062],[21.143848,62.73999],[21.650977,63.039307],[21.800391,63.237695],[22.316211,63.345654],[22.345996,63.442383],[22.527637,63.57998],[23.133594,63.864941],[23.65293,64.13418],[24.27832,64.515283],[24.657617,64.806299],[25.214258,64.853467],[25.271094,64.984277],[25.255859,65.143262],[25.241797,65.546289],[24.581543,65.757129],[24.532617,65.822021],[24.155469,65.805273]]],[[[21.994238,60.33667],[21.921484,60.332275],[21.818652,60.381836],[21.805664,60.401221],[21.845996,60.412451],[21.819336,60.452295],[21.827246,60.469922],[21.906836,60.438477],[21.950293,60.401709],[21.907813,60.393164],[21.979785,60.355225],[21.994238,60.33667]]],[[[21.217773,63.241309],[21.421973,63.245898],[21.318457,63.179492],[21.083887,63.277539],[21.217773,63.241309]]],[[[22.175098,60.370752],[22.312891,60.269971],[22.258301,60.165625],[22.077148,60.286328],[22.175098,60.370752]]],[[[21.450879,60.52959],[21.436914,60.483057],[21.369043,60.488232],[21.3,60.479785],[21.244336,60.525977],[21.214551,60.603857],[21.224707,60.620605],[21.268066,60.638281],[21.30127,60.595557],[21.450879,60.52959]]],[[[21.833203,60.140527],[21.733105,60.106152],[21.69502,60.114355],[21.704785,60.172314],[21.764258,60.198828],[21.864355,60.201807],[21.833203,60.140527]]],[[[21.62832,60.107812],[21.540625,60.0979],[21.486035,60.126807],[21.506738,60.14834],[21.567969,60.172314],[21.634082,60.168994],[21.648145,60.140869],[21.62832,60.107812]]],[[[24.848242,64.991016],[24.698926,64.957813],[24.578613,64.978564],[24.576563,65.042871],[24.651172,65.073975],[24.786035,65.086426],[24.970605,65.055322],[24.997559,65.038721],[24.891797,65.02627],[24.848242,64.991016]]]]}},{"type":"Feature","geometry":{"type":"MultiPolygon","coordinates":[[[[179.999219,-16.168555],[179.619141,-16.527734],[179.841016,-16.5375],[179.905957,-16.583594],[179.714746,-16.743555],[179.375,-16.791992],[179.202344,-16.712695],[178.883691,-16.886035],[178.638086,-16.85127],[178.541992,-16.700488],[178.686328,-16.665625],[178.960547,-16.482813],[179.35918,-16.379883],[179.715039,-16.207617],[179.999219,-16.168555]]],[[[178.280176,-17.371973],[178.410938,-17.523047],[178.574902,-17.749316],[178.597363,-18.108984],[178.331543,-18.135254],[177.955469,-18.264063],[177.457324,-18.148242],[177.254883,-17.914941],[177.366406,-17.786035],[177.405566,-17.682129],[177.817969,-17.388477],[178.247168,-17.329102],[178.280176,-17.371973]]],[[[-179.974902,-16.924805],[-180,-16.962988],[-180,-16.907813],[-179.999951,-16.858789],[-180,-16.824316],[-180,-16.785547],[-179.893604,-16.700391],[-179.860986,-16.688281],[-179.822314,-16.765332],[-179.867773,-16.850293],[-179.974902,-16.924805]]],[[[180,-16.963086],[179.925879,-17.000293],[179.896973,-16.964063],[179.930957,-16.875977],[180,-16.785742],[179.999219,-16.858789],[180,-16.963086]]],[[[178.487891,-18.974121],[178.287988,-19.003711],[178.162109,-19.121484],[178.051953,-19.060156],[178.282227,-18.957031],[178.487891,-18.974121]]],[[[-178.988086,-17.97666],[-179.018408,-17.991797],[-179.039209,-17.988379],[-179.063818,-17.972363],[-179.079004,-17.944141],[-179.047607,-17.92041],[-178.999121,-17.947363],[-178.988086,-17.97666]]],[[[-178.761914,-18.233887],[-178.773633,-18.252441],[-178.827344,-18.222168],[-178.8479,-18.202051],[-178.790869,-18.186328],[-178.763086,-18.191406],[-178.761914,-18.233887]]],[[[-178.251123,-17.952734],[-178.306836,-17.963281],[-178.357227,-17.920898],[-178.325391,-17.875781],[-178.280322,-17.886426],[-178.25459,-17.92998],[-178.251123,-17.952734]]],[[[-178.956494,-17.272852],[-178.971484,-17.212695],[-178.952832,-17.182031],[-178.956494,-17.272852]]],[[[-178.535107,-19.166016],[-178.598682,-19.137109],[-178.562988,-19.11875],[-178.540625,-19.157031],[-178.535107,-19.166016]]],[[[-179.799854,-18.940332],[-179.839355,-18.961719],[-179.865039,-18.99873],[-179.831104,-18.924219],[-179.799854,-18.940332]]],[[[177.23418,-17.14707],[177.182813,-17.163867],[177.210156,-17.084277],[177.239258,-17.059375],[177.25752,-17.054199],[177.287402,-17.048633],[177.275781,-17.104883],[177.23418,-17.14707]]],[[[179.422363,-17.366797],[179.388965,-17.393848],[179.373145,-17.256152],[179.407617,-17.257324],[179.432813,-17.271582],[179.447168,-17.30625],[179.422363,-17.366797]]],[[[179.349316,-18.102344],[179.34043,-18.110449],[179.253516,-18.030566],[179.256445,-17.999023],[179.271777,-17.970703],[179.306445,-17.944043],[179.337891,-17.989551],[179.362402,-18.065234],[179.349316,-18.102344]]],[[[178.827539,-17.729004],[178.776074,-17.746777],[178.747656,-17.685742],[178.787109,-17.624414],[178.831055,-17.618848],[178.852539,-17.68125],[178.827539,-17.729004]]],[[[-179.929443,-16.502832],[-179.999951,-16.540039],[-179.999951,-16.488867],[-179.943652,-16.441406],[-179.900928,-16.431543],[-179.927344,-16.479102],[-179.929443,-16.502832]]],[[[-179.956152,-16.149219],[-180,-16.168262],[-180,-16.156055],[-180,-16.15293],[-179.969385,-16.126074],[-179.94458,-16.126074],[-179.956152,-16.149219]]],[[[180,-16.540039],[179.987207,-16.541211],[179.984668,-16.522168],[180,-16.488867],[180,-16.540039]]],[[[177.121484,-12.505469],[177.082422,-12.515625],[177.019336,-12.507324],[177.00625,-12.491113],[177.026367,-12.4875],[177.067578,-12.476953],[177.118066,-12.482324],[177.126953,-12.492871],[177.121484,-12.505469]]],[[[174.629688,-21.69502],[174.621875,-21.705859],[174.592969,-21.702344],[174.587207,-21.680078],[174.604199,-21.66748],[174.627734,-21.675977],[174.629688,-21.69502]]],[[[-178.711621,-20.667773],[-178.709521,-20.670508],[-178.714941,-20.670313],[-178.723096,-20.666797],[-178.729102,-20.660156],[-178.730566,-20.652832],[-178.727539,-20.645215],[-178.724561,-20.645703],[-178.719189,-20.652344],[-178.714209,-20.659766],[-178.711621,-20.667773]]]]}},{"type":"Feature","geometry":{"type":"Polygon","coordinates":[[[35.268359,5.492285],[35.031934,5.774902],[34.838086,6.300146],[34.562793,6.779834],[34.064258,7.225732],[33.902441,7.509521],[33.392285,7.72373],[32.998926,7.899512],[33.234277,8.396387],[33.644824,8.432568],[34.072754,8.545264],[34.091016,9.04126],[34.079297,9.513477],[34.291504,10.124756],[34.343945,10.658643],[34.601758,10.864551],[34.882324,10.810547],[34.960742,11.276758],[35.112305,11.816553],[35.596094,12.537305],[35.987598,12.706299],[36.137109,12.911133],[36.306836,13.466846],[36.443945,13.988428],[36.811914,14.315039],[37.099414,14.333984],[37.353711,14.372461],[37.648438,14.322559],[37.943457,14.810547],[38.177051,14.678809],[38.504395,14.424414],[39.074219,14.628223],[39.270117,14.470312],[39.697949,14.499023],[40.140625,14.456055],[40.769531,14.144482],[41.362891,13.499805],[41.952148,12.882324],[42.289941,12.570215],[41.995898,11.912354],[41.766504,11.589111],[41.872168,10.955811],[42.308105,11.005225],[42.741211,11.042383],[42.906152,10.960254],[42.65957,10.621387],[42.783691,10.369629],[43.014746,10.012598],[43.303125,9.609082],[43.620508,9.337402],[44.30625,8.893066],[45.555469,8.483008],[46.919531,8.026123],[47.978223,7.99707],[46.971191,7.026025],[45.934961,5.997217],[44.940527,4.912012],[44.028125,4.950977],[43.583496,4.85498],[43.016016,4.56333],[42.791602,4.291992],[41.915332,4.031299],[41.372461,3.946191],[41.087207,3.991943],[40.528711,4.177637],[39.790332,3.754248],[39.225488,3.47876],[38.608008,3.600098],[37.944922,3.746729],[37.15459,4.254541],[36.553027,4.437256],[35.978711,4.503809],[35.756152,4.950488],[35.791406,5.278564],[35.37793,5.385156],[35.263867,5.45791],[35.268359,5.492285]]]}},{"type":"Feature","geometry":{"type":"MultiPolygon","coordinates":[[[[27.351953,57.528125],[26.966016,57.609131],[26.462109,57.544482],[26.015234,57.814746],[25.660156,57.920166],[25.268652,58.032227],[25.175195,58.032129],[24.775781,57.985254],[24.332031,57.909766],[24.549707,58.30459],[24.287207,58.328027],[23.767578,58.36084],[23.509277,58.658545],[23.533594,58.781934],[23.489648,58.960498],[23.516992,59.107568],[24.083398,59.291895],[24.583594,59.455664],[25.507422,59.597998],[26.46084,59.553906],[27.33584,59.450488],[28.06582,59.453174],[28.061328,59.343262],[27.897656,59.277637],[27.513086,58.886279],[27.531348,58.435254],[27.502441,58.221338],[27.721973,57.905469],[27.752832,57.841016],[27.4,57.666797],[27.351953,57.528125]]],[[[22.617383,58.62124],[22.964258,58.605713],[23.082617,58.398486],[22.757031,58.260889],[22.269336,58.160742],[21.996875,57.931348],[22.187695,58.154346],[21.854492,58.30166],[21.984082,58.38667],[22.081348,58.478125],[22.328125,58.580859],[22.617383,58.62124]]],[[[22.92373,58.826904],[22.661426,58.70918],[22.411035,58.863379],[22.462598,58.974316],[22.702246,59.074414],[22.981641,58.919824],[22.92373,58.826904]]],[[[23.343555,58.550342],[23.260352,58.53999],[23.063477,58.611084],[23.109082,58.659229],[23.16543,58.678125],[23.332813,58.648584],[23.356445,58.575537],[23.343555,58.550342]]]]}},{"type":"Feature","geometry":{"type":"MultiPolygon","coordinates":[[[[36.524316,14.256836],[36.426758,15.13208],[36.724512,15.798877],[36.905469,16.459521],[36.975781,16.866553],[37.169531,17.041406],[37.45293,17.108691],[37.656738,17.368262],[37.862988,17.470264],[38.098926,17.526465],[38.253516,17.584766],[38.37373,17.717334],[38.522852,17.938525],[39.142578,16.72915],[39.506543,15.532129],[39.785547,15.124854],[39.813477,15.413574],[40.057813,15.21709],[40.436523,14.963965],[41.176465,14.620312],[42.346484,13.398096],[42.796191,12.864258],[43.116699,12.708594],[42.825293,12.569336],[42.479395,12.513623],[42.289941,12.570215],[41.952148,12.882324],[41.362891,13.499805],[40.769531,14.144482],[40.140625,14.456055],[39.697949,14.499023],[39.270117,14.470312],[39.074219,14.628223],[38.504395,14.424414],[38.177051,14.678809],[37.943457,14.810547],[37.648438,14.322559],[37.353711,14.372461],[37.099414,14.333984],[36.811914,14.315039],[36.524316,14.256836]]],[[[40.076465,16.082422],[40.110059,15.985742],[40.012402,16.022656],[39.996094,16.042676],[40.039062,16.080957],[40.048145,16.104492],[40.076465,16.082422]]],[[[40.141211,15.696143],[40.250098,15.703467],[40.195801,15.598145],[40.023926,15.655615],[39.939941,15.744531],[39.956738,15.889404],[40.141211,15.696143]]]]}},{"type":"Feature","geometry":{"type":"MultiPolygon","coordinates":[[[[8.735742,3.758301],[8.946094,3.627539],[8.652344,3.21709],[8.451758,3.4229],[8.622754,3.57998],[8.735742,3.758301]]],[[[11.328711,2.167432],[11.333594,1.307617],[10.858887,1.00127],[10.028516,1.004004],[9.860352,0.98623],[9.70459,1.07998],[9.599414,1.054443],[9.434082,1.296387],[9.647656,1.617578],[9.800781,2.304443],[9.870117,2.213281],[10.790918,2.167578],[11.328711,2.167432]]]]}},{"type":"Feature","geometry":{"type":"Polygon","coordinates":[[[-89.362598,14.416016],[-89.057129,14.32915],[-88.845947,14.124756],[-88.583154,14.000146],[-88.482666,13.854248],[-88.151025,13.987354],[-87.891992,13.894971],[-87.758545,13.649951],[-87.731641,13.483105],[-87.820703,13.285156],[-88.180664,13.164014],[-88.655859,13.25918],[-88.867041,13.283252],[-89.970459,13.683154],[-90.048145,13.904053],[-89.793701,14.050098],[-89.570264,14.224658],[-89.573633,14.390088],[-89.383252,14.427637],[-89.362598,14.416016]]]}},{"type":"Feature","geometry":{"type":"Polygon","coordinates":[[[36.871387,21.996729],[35.558984,21.996484],[34.246484,21.996289],[32.934082,21.996094],[31.62168,21.99585],[31.464258,22.191504],[31.20918,21.994873],[29.94668,21.995117],[28.418555,21.995312],[26.89043,21.995557],[25.362305,21.995801],[24.980273,22.669531],[24.980273,23.567822],[24.980273,24.466064],[24.980273,25.364307],[24.980273,26.262549],[24.980273,27.16084],[24.980273,28.059082],[24.980273,28.957324],[24.865918,29.570264],[24.703223,30.201074],[24.961426,30.678516],[24.859961,31.19917],[25.057227,31.567187],[25.382227,31.512793],[27.248047,31.377881],[27.967578,31.097412],[29.07207,30.830273],[29.591602,31.011523],[30.222656,31.258398],[30.395117,31.457617],[30.562988,31.416992],[31.030859,31.507568],[31.524414,31.458252],[31.964258,31.5021],[31.875879,31.413721],[32.065625,31.152979],[32.242773,31.246533],[32.532813,31.100732],[32.901563,31.110937],[33.37793,31.130957],[34.198145,31.322607],[34.400977,30.827832],[34.658594,30.191455],[34.904297,29.477344],[34.446484,28.357324],[34.220117,27.764307],[33.416113,28.389844],[33.130176,28.978271],[32.766699,29.45],[32.473047,29.925439],[32.397266,29.533789],[32.631836,28.992236],[32.856543,28.630615],[33.372266,28.050586],[33.549805,27.607373],[33.849316,27.184912],[34.329297,26.024365],[35.194141,24.475146],[35.783887,23.937793],[35.515234,23.842871],[35.697852,22.946191],[36.229688,22.628809],[36.871387,21.996729]]]}},{"type":"Feature","geometry":{"type":"MultiPolygon","coordinates":[[[[-75.284473,-0.106543],[-75.58374,-0.122852],[-75.491064,-0.24834],[-75.263232,-0.555371],[-75.249609,-0.951855],[-75.380127,-0.940234],[-75.513867,-1.316309],[-75.885449,-1.893457],[-76.499365,-2.432324],[-77.360059,-2.809668],[-77.938477,-3.046973],[-78.194629,-3.380469],[-78.194873,-3.48584],[-78.28418,-3.399023],[-78.398047,-3.594824],[-78.471045,-3.843066],[-78.565137,-4.041602],[-78.685156,-4.383984],[-78.686035,-4.562402],[-78.925781,-4.770703],[-78.995264,-4.908008],[-79.268115,-4.957617],[-79.501904,-4.670605],[-79.710986,-4.467578],[-80.063525,-4.327539],[-80.293359,-4.416797],[-80.488477,-4.393652],[-80.488477,-4.165527],[-80.437207,-3.978613],[-80.230518,-3.924023],[-80.228857,-3.738867],[-80.24375,-3.576758],[-80.273535,-3.424609],[-80.159863,-3.324316],[-79.921582,-3.090137],[-79.822412,-2.356543],[-79.893408,-2.145703],[-80.030176,-2.556738],[-80.248633,-2.630566],[-80.450098,-2.625977],[-80.951611,-2.235449],[-80.760596,-1.93457],[-80.82002,-1.28584],[-80.553906,-0.847949],[-80.282373,-0.620508],[-80.321289,-0.16582],[-80.025,0.410156],[-79.903516,0.860205],[-79.465381,1.060059],[-78.859668,1.455371],[-78.587646,1.23667],[-78.037012,0.89873],[-77.648633,0.723633],[-77.467676,0.636523],[-77.165723,0.347754],[-76.829346,0.247754],[-76.678516,0.268164],[-76.417969,0.303906],[-76.270605,0.439404],[-75.879785,0.150977],[-75.284473,-0.106543]]],[[[-80.131592,-2.973145],[-80.272168,-2.951758],[-80.080762,-2.668848],[-80.071191,-2.833789],[-80.131592,-2.973145]]],[[[-78.909229,1.252783],[-78.965625,1.245361],[-78.991699,1.293213],[-78.923242,1.348926],[-78.899805,1.359766],[-78.909229,1.252783]]],[[[-90.334863,-0.771582],[-90.387109,-0.77334],[-90.542139,-0.676465],[-90.531689,-0.581445],[-90.469727,-0.517383],[-90.269385,-0.484668],[-90.185303,-0.544824],[-90.192725,-0.658789],[-90.261084,-0.741992],[-90.31543,-0.757227],[-90.334863,-0.771582]]],[[[-89.418896,-0.911035],[-89.608594,-0.888574],[-89.318408,-0.680078],[-89.294873,-0.785938],[-89.418896,-0.911035]]],[[[-91.425977,-0.46084],[-91.526367,-0.478223],[-91.610742,-0.443945],[-91.646582,-0.39082],[-91.65415,-0.310938],[-91.64668,-0.284473],[-91.460156,-0.255664],[-91.399365,-0.322461],[-91.399951,-0.420898],[-91.425977,-0.46084]]],[[[-90.423926,-1.339941],[-90.464404,-1.341992],[-90.519531,-1.299121],[-90.477197,-1.220996],[-90.431982,-1.239844],[-90.39873,-1.262305],[-90.37915,-1.292285],[-90.423926,-1.339941]]],[[[-91.272168,0.025146],[-90.950635,-0.525195],[-90.799658,-0.752051],[-91.419043,-0.99668],[-91.334082,-0.70625],[-91.249512,-0.373633],[-91.55,-0.04668],[-91.491016,0.105176],[-91.272168,0.025146]]],[[[-90.573926,-0.333984],[-90.620459,-0.364258],[-90.809033,-0.329395],[-90.867773,-0.271387],[-90.820361,-0.192188],[-90.780371,-0.160449],[-90.667529,-0.189844],[-90.55332,-0.278418],[-90.573926,-0.333984]]]]}},{"type":"Feature","geometry":{"type":"Polygon","coordinates":[[[-71.768311,18.03916],[-71.872559,18.416211],[-71.866504,18.61416],[-71.733643,18.856396],[-71.657031,19.130762],[-71.753174,19.324463],[-71.779248,19.718164],[-71.615967,19.877441],[-71.235937,19.848145],[-70.785254,19.850879],[-70.436426,19.77124],[-70.014062,19.672949],[-69.823437,19.367139],[-69.264258,19.225684],[-69.623242,19.160498],[-69.280225,19.051904],[-68.684766,18.904785],[-68.359277,18.538086],[-68.612207,18.30625],[-68.778467,18.266113],[-69.274512,18.439844],[-69.770654,18.443555],[-70.141602,18.2771],[-70.644678,18.33623],[-71.069971,18.250342],[-71.267285,17.849609],[-71.518359,17.725],[-71.657227,17.888672],[-71.768311,18.03916]]]}},{"type":"Feature","geometry":{"type":"Polygon","coordinates":[[[-61.281689,15.249023],[-61.375391,15.227295],[-61.415723,15.399854],[-61.481152,15.525146],[-61.469922,15.603467],[-61.458105,15.633105],[-61.32002,15.585059],[-61.277246,15.526709],[-61.251074,15.373145],[-61.281689,15.249023]]]}},{"type":"Feature","geometry":{"type":"Polygon","coordinates":[[[43.245996,11.499805],[42.844141,10.997949],[42.557715,11.080762],[42.052148,10.968359],[41.782031,11.187793],[41.815625,11.723779],[42.280371,12.324268],[42.479395,12.513623],[42.825293,12.569336],[43.116699,12.708594],[43.409766,12.189941],[43.048047,11.829053],[42.539746,11.504297],[42.911523,11.586621],[43.245996,11.499805]]]}},{"type":"Feature","geometry":{"type":"MultiPolygon","coordinates":[[[[-29.952881,83.564844],[-27.688379,83.4104],[-25.912451,83.2375],[-31.533984,83.088916],[-31.515576,82.99165],[-28.151465,83.063721],[-25.123389,83.159619],[-23.919531,82.885107],[-22.524902,82.78916],[-21.520654,82.59541],[-23.118066,82.324707],[-29.887402,82.054834],[-27.839502,82.048877],[-24.293066,81.700977],[-23.310547,81.885303],[-22.940088,82.030518],[-21.167383,81.983838],[-21.146582,81.695166],[-21.960742,81.283936],[-23.196387,80.847363],[-22.918945,80.871826],[-21.449756,81.178174],[-20.015723,81.564355],[-18.667383,81.492432],[-17.71665,81.428174],[-16.937061,81.543896],[-16.120703,81.776611],[-15.22749,81.821777],[-12.434424,81.68252],[-11.425537,81.480615],[-12.46123,81.23252],[-14.197363,81.013916],[-14.228564,80.870459],[-15.194238,80.721436],[-16.760596,80.573389],[-15.932617,80.395117],[-17.011133,80.190186],[-18.070947,80.17207],[-19.429199,80.257715],[-20.150146,80.01123],[-20.068848,79.773779],[-19.391504,79.750342],[-19.354199,79.567334],[-19.283984,79.338037],[-19.011328,79.251465],[-19.262207,79.122998],[-19.831592,78.959131],[-20.199902,78.830322],[-21.141455,78.642529],[-21.260205,78.293018],[-21.632666,77.897461],[-21.379687,77.697559],[-20.318604,77.861963],[-19.393994,77.678369],[-19.524121,77.571973],[-20.680811,77.618994],[-19.587598,77.294434],[-18.903418,77.280469],[-18.292383,77.132861],[-18.510303,76.778174],[-18.981006,76.81377],[-20.064355,76.927588],[-21.614697,76.687891],[-22.334326,76.793701],[-22.444434,76.625049],[-21.877344,76.573486],[-21.416846,76.264014],[-20.563818,76.239844],[-19.862891,76.120654],[-19.508984,75.75752],[-19.431445,75.566895],[-19.425977,75.229834],[-19.893164,75.204541],[-20.905859,75.156934],[-21.649316,75.023438],[-21.904346,75.003906],[-21.457324,74.997559],[-20.927783,75.053418],[-20.88999,74.735205],[-20.861572,74.635937],[-20.214258,75.019238],[-19.427344,74.600928],[-19.271582,74.342627],[-19.64624,74.257959],[-20.653125,74.137354],[-21.832031,74.357275],[-21.920166,74.439209],[-22.334326,74.286377],[-22.22002,74.165527],[-22.270557,74.029883],[-21.022217,73.94126],[-20.509668,73.492871],[-21.872852,73.358105],[-23.233203,73.397705],[-24.45127,73.628516],[-24.905469,73.652783],[-25.527734,73.84082],[-24.77832,73.539893],[-25.450098,73.390674],[-26.168555,73.259033],[-27.27041,73.436279],[-26.657617,73.192139],[-27.264893,73.176465],[-27.483154,73.088916],[-27.07002,73.137012],[-26.02876,73.198779],[-24.587207,73.422949],[-23.455762,73.259082],[-22.450195,72.986084],[-22.006738,72.635449],[-22.293213,72.119531],[-23.674365,72.392578],[-24.547217,72.921729],[-25.170557,72.980273],[-26.205762,72.795557],[-26.209473,72.694385],[-25.2375,72.842773],[-24.771045,72.868652],[-25.128027,72.419189],[-24.666846,72.437354],[-23.797705,72.200732],[-22.868506,71.970654],[-22.264502,71.753809],[-22.46499,71.524902],[-22.417578,71.248682],[-22.16958,71.452539],[-21.671191,71.205957],[-21.625146,70.804639],[-21.943506,70.443457],[-22.399854,70.571289],[-22.526074,70.807812],[-22.690674,70.437305],[-23.791797,70.555176],[-24.265723,71.046338],[-25.033398,71.333936],[-25.885156,71.571924],[-27.087207,71.626563],[-26.452002,71.493506],[-25.699414,71.368311],[-26.15752,71.050293],[-27.335693,70.952783],[-28.398438,70.99292],[-27.979297,70.839502],[-28.41748,70.573535],[-28.953467,70.447217],[-27.596094,70.406689],[-26.56543,70.437549],[-27.07251,70.281201],[-27.628857,70.028223],[-27.027734,70.201221],[-25.624854,70.346973],[-23.667334,70.139307],[-22.235449,70.067578],[-22.726221,69.945361],[-23.014551,69.804834],[-23.811621,69.744189],[-23.708984,69.627246],[-24.24751,69.590381],[-24.220898,69.479297],[-24.866602,69.293066],[-25.092432,69.165186],[-25.606348,68.954443],[-26.138623,68.781152],[-26.653711,68.672852],[-27.851221,68.493506],[-29.087695,68.331934],[-29.868506,68.311572],[-30.318115,68.193311],[-30.610742,68.11792],[-31.419482,68.128467],[-32.313672,68.387598],[-32.224219,68.235986],[-32.248926,68.139111],[-32.369531,67.882764],[-33.108154,67.658203],[-33.458496,67.386719],[-33.527979,67.258154],[-34.198242,66.655078],[-34.475879,66.592139],[-35.074658,66.27915],[-35.662061,66.34375],[-35.834717,66.386865],[-35.729297,66.102246],[-36.379199,65.830811],[-36.522754,65.973145],[-36.714502,65.795068],[-37.062793,65.871436],[-37.410059,65.656348],[-37.954785,65.633594],[-37.826514,65.909668],[-37.290674,66.323926],[-38.156641,66.385596],[-37.969434,66.141113],[-38.520361,66.009668],[-38.203369,65.711719],[-39.960938,65.556201],[-39.57793,65.340771],[-40.028027,65.102539],[-41.084424,65.10083],[-40.829297,64.878076],[-40.278418,64.595947],[-40.477637,64.344434],[-40.98457,64.23501],[-41.175,64.177393],[-40.617773,64.131738],[-40.771533,63.626172],[-41.056152,63.412256],[-41.195459,63.209229],[-41.62793,63.064502],[-42.174512,63.208789],[-41.634473,62.972461],[-41.974902,62.733789],[-42.741113,62.713037],[-42.673682,62.6375],[-42.243164,62.466064],[-42.321484,62.152734],[-42.110205,61.857227],[-42.585303,61.71748],[-42.49375,61.362793],[-43.159961,60.516943],[-43.791992,60.59458],[-43.665479,60.502979],[-43.156494,60.332861],[-43.234814,59.991309],[-43.955029,60.025488],[-43.706201,59.849316],[-44.10542,59.877734],[-44.33125,59.901709],[-44.404932,60.060791],[-44.34834,60.204785],[-44.812207,60.049902],[-45.20249,60.382715],[-44.742432,60.655273],[-45.380518,60.444922],[-45.934326,60.579443],[-46.018652,60.971777],[-45.870215,61.218311],[-46.011719,61.096826],[-46.805664,60.860303],[-47.224414,60.782861],[-47.707471,60.8271],[-47.82793,60.724756],[-48.241943,60.806836],[-47.858789,61.015674],[-48.378125,61.138477],[-48.55791,61.233984],[-48.987207,61.428711],[-49.222266,61.632129],[-49.304492,61.772314],[-49.129785,61.993408],[-49.008154,62.108203],[-49.348535,62.010205],[-49.667725,62.150879],[-49.943359,62.324463],[-50.319238,62.473193],[-50.29873,62.721973],[-50.092236,62.976758],[-50.501563,62.944922],[-50.804297,63.090771],[-51.468848,63.642285],[-51.280078,64.052979],[-50.341895,64.170361],[-50.492285,64.229346],[-50.721045,64.22334],[-51.487109,64.103271],[-51.707861,64.205078],[-51.109912,64.572803],[-50.849219,64.644678],[-50.268945,64.614746],[-50.092969,64.584912],[-50.516992,64.766504],[-50.812158,65.051855],[-50.913721,65.096973],[-50.780176,64.746143],[-51.17085,64.707764],[-51.400928,64.623096],[-51.834961,64.231982],[-52.093408,64.415918],[-52.235449,65.060547],[-52.499707,65.275049],[-52.17959,65.441943],[-51.25293,65.746484],[-51.393799,65.77915],[-52.035352,65.569482],[-52.994922,65.566016],[-53.106348,65.977148],[-53.392041,66.04834],[-52.292627,66.437646],[-51.891211,66.623145],[-51.258594,66.841211],[-51.647705,66.754004],[-52.814453,66.296875],[-53.412744,66.159961],[-53.622607,66.344043],[-53.435791,66.622168],[-53.038281,66.826807],[-52.386865,66.881152],[-53.226953,66.919385],[-53.687158,66.986475],[-53.5479,67.498193],[-52.666455,67.749707],[-51.665039,67.646387],[-50.613477,67.52793],[-51.03208,67.744385],[-51.423242,67.754492],[-52.344824,67.836914],[-52.97959,67.757764],[-53.642822,67.668262],[-53.35293,67.970508],[-52.889844,68.204541],[-51.596875,68.054785],[-51.414697,68.198193],[-51.169141,68.385205],[-51.478027,68.383984],[-52.198535,68.220801],[-52.780029,68.309863],[-53.337402,68.352148],[-52.60459,68.70874],[-51.478711,68.547168],[-50.800635,68.79126],[-51.249414,68.739941],[-50.792285,69.116846],[-50.459375,69.205518],[-51.076953,69.209473],[-50.810596,69.599023],[-50.349463,69.79624],[-50.3375,69.994141],[-50.609863,70.014941],[-51.189941,70.051904],[-52.254639,70.058936],[-53.023047,70.301904],[-54.135645,70.468408],[-54.437988,70.751611],[-53.694434,70.796094],[-52.801953,70.750586],[-51.524463,70.439453],[-50.682129,70.396875],[-51.17334,70.529102],[-51.282813,70.768018],[-51.752686,70.992236],[-51.26709,70.976855],[-51.177783,71.043457],[-52.233594,71.147559],[-52.89668,71.170703],[-53.0021,71.369971],[-51.967285,71.599121],[-52.081934,71.636719],[-52.914551,71.601904],[-53.464844,71.606787],[-53.138867,71.775195],[-53.355273,71.870898],[-53.639795,72.12334],[-53.672021,72.351025],[-53.880908,72.284961],[-53.70293,72.080029],[-53.477588,71.849951],[-53.779687,71.678516],[-53.954297,71.592676],[-54.172705,71.417285],[-55.055371,71.408594],[-55.667822,71.626758],[-55.452441,71.957666],[-54.840137,72.356104],[-55.581445,72.178857],[-55.37793,72.311133],[-55.601709,72.453467],[-54.924951,72.571973],[-54.757715,72.791064],[-54.866211,72.966846],[-55.288916,72.933203],[-55.633984,72.991406],[-55.592285,73.140283],[-55.288281,73.3271],[-55.738867,73.383984],[-55.991992,73.536816],[-56.033008,73.670312],[-55.872412,73.833447],[-56.014453,73.963867],[-56.298486,74.163428],[-56.954297,74.131201],[-56.9375,74.195068],[-56.654297,74.378125],[-56.350293,74.490479],[-56.871143,74.694971],[-57.190869,74.89375],[-58.108838,75.204932],[-58.603467,75.385303],[-58.516211,75.689063],[-59.263623,75.818896],[-60.874609,76.097168],[-62.09668,76.242334],[-63.005811,76.319092],[-63.843066,76.217139],[-64.307275,76.316504],[-64.911963,76.17251],[-65.456787,76.129834],[-65.875732,76.23833],[-66.465771,76.13916],[-66.992578,76.212939],[-66.674805,75.977393],[-68.560645,76.150195],[-69.460889,76.371729],[-68.660742,76.586621],[-68.223389,76.677686],[-69.747217,76.752393],[-69.771045,76.931445],[-70.441309,76.807373],[-70.790625,76.896484],[-71.141455,77.028662],[-70.862842,77.175439],[-68.747461,77.306934],[-66.937988,77.364209],[-66.447656,77.349805],[-66.306445,77.564502],[-66.970654,77.67085],[-67.977344,77.518896],[-68.621533,77.601855],[-69.090918,77.471924],[-70.118164,77.583496],[-70.561914,77.717187],[-70.412402,77.843115],[-71.271631,77.813135],[-72.064941,77.936816],[-72.791504,78.154883],[-72.672461,78.335303],[-72.395605,78.504346],[-71.394775,78.642627],[-70.414209,78.724902],[-68.923926,78.881934],[-68.377051,79.037842],[-67.482227,79.116895],[-66.075342,79.118213],[-65.419873,79.340234],[-64.904639,79.88125],[-64.465723,80.07168],[-64.439941,80.141846],[-65.222119,80.085938],[-65.981934,80.029492],[-66.959473,80.092041],[-67.193164,80.280078],[-66.372314,80.58418],[-65.645215,80.685059],[-64.515527,81],[-63.441699,81.013867],[-63.235205,81.08335],[-62.671924,81.214111],[-61.635596,81.115723],[-61.162061,81.281494],[-61.235693,81.69458],[-60.432373,81.920166],[-59.281934,81.884033],[-57.790332,81.591748],[-56.730664,81.365625],[-57.168408,81.532178],[-58.816748,81.92041],[-57.716895,82.168311],[-55.48623,82.282861],[-54.277051,82.326074],[-53.582031,82.061572],[-53.430127,81.688379],[-52.968506,81.967139],[-53.022559,82.321729],[-50.894434,81.895215],[-49.541064,81.918066],[-50.935547,82.382812],[-48.861182,82.40542],[-44.890967,81.788281],[-44.526904,81.896826],[-44.54707,82.260059],[-44.577246,82.542627],[-45.067432,82.784961],[-41.976562,82.68916],[-41.434424,82.778613],[-45.302979,82.865088],[-46.169043,83.063867],[-44.656934,83.129053],[-42.775537,83.258789],[-41.683496,83.130029],[-40.689453,83.275195],[-39.316016,83.203906],[-38.098584,83.013574],[-37.992773,83.185107],[-38.749561,83.37085],[-38.071094,83.412109],[-37.486914,83.499121],[-36.672119,83.509912],[-35.165527,83.545752],[-34.131934,83.528662],[-30.70293,83.593408],[-29.952881,83.564844]]],[[[-52.731152,69.944727],[-51.983398,69.742676],[-51.981689,69.663965],[-52.112598,69.489111],[-53.754346,69.260156],[-54.121045,69.364404],[-53.8896,69.43667],[-53.825,69.540332],[-54.496973,69.577197],[-54.919141,69.713623],[-54.363086,69.923828],[-54.809326,70.085107],[-54.78623,70.217773],[-53.375146,70.221289],[-52.731152,69.944727]]],[[[-51.013672,69.55249],[-51.314893,69.674072],[-51.208887,69.913916],[-50.6979,69.829053],[-50.977881,69.617822],[-51.013672,69.55249]]],[[[-53.535205,71.04082],[-53.957812,71.127734],[-53.584473,71.29707],[-53.436914,71.115234],[-53.535205,71.04082]]],[[[-55.016895,72.791113],[-55.566602,72.564355],[-55.813916,72.636475],[-56.042676,72.656445],[-55.993555,72.782275],[-55.42793,72.788623],[-55.016895,72.791113]]],[[[-71.667334,77.325293],[-72.489551,77.431641],[-71.982764,77.459961],[-71.46709,77.353662],[-71.667334,77.325293]]],[[[-44.864551,82.083643],[-46.751904,82.348193],[-46.787207,82.665723],[-44.749902,82.401123],[-44.864551,82.083643]]],[[[-25.432324,70.921338],[-25.420801,70.79458],[-25.346338,70.693311],[-26.049707,70.509131],[-26.604687,70.553369],[-28.003027,70.467139],[-27.939551,70.615283],[-27.708936,70.897119],[-26.975586,70.862695],[-25.726807,71.042041],[-25.432324,70.921338]]],[[[-18.664746,81.846484],[-18.767676,81.814307],[-19.031445,81.827197],[-19.369287,81.917285],[-19.594482,81.99126],[-19.610547,82.078125],[-19.494727,82.116699],[-19.314551,82.123193],[-19.066895,82.04917],[-18.812695,81.949463],[-18.664746,81.846484]]],[[[-17.6125,79.825879],[-18.03584,79.71123],[-18.662012,79.72002],[-19.032422,79.772949],[-19.138281,79.852344],[-18.997168,79.940479],[-18.547363,80.011084],[-17.98291,80.055176],[-17.471387,80.028711],[-17.40083,79.940479],[-17.6125,79.825879]]],[[[-18.997168,77.973779],[-19.129492,77.938525],[-19.217627,78.044336],[-19.297021,78.185449],[-19.314697,78.344189],[-19.111816,78.423584],[-19.005957,78.441211],[-18.9354,78.423584],[-18.953027,78.352979],[-18.953027,78.211914],[-18.882471,78.114893],[-18.997168,77.973779]]],[[[-18.582617,76.042334],[-18.697266,76.015869],[-19.085352,76.430371],[-19.085352,76.580273],[-19.058887,76.694971],[-18.882471,76.703809],[-18.732617,76.642041],[-18.662012,76.403906],[-18.582617,76.042334]]],[[[-18.000537,75.407324],[-17.497852,75.151514],[-18.670801,75.00166],[-18.635547,75.389648],[-18.000537,75.407324]]],[[[-17.953711,77.642334],[-18.147998,77.642334],[-18.22002,77.668359],[-18.174023,77.714355],[-17.903711,77.862598],[-17.813574,77.874609],[-17.681445,77.858594],[-17.641357,77.782471],[-17.729492,77.706396],[-17.953711,77.642334]]],[[[-37.03125,65.531982],[-37.186816,65.531348],[-37.238428,65.609863],[-37.2229,65.695459],[-37.04751,65.722266],[-36.953076,65.66333],[-36.986914,65.575586],[-37.03125,65.531982]]],[[[-46.266699,60.781396],[-46.381543,60.660303],[-46.496338,60.68667],[-46.553125,60.740771],[-46.666211,60.765918],[-46.788086,60.758398],[-46.78999,60.779834],[-46.393896,60.908789],[-46.205225,60.943506],[-46.218604,60.88916],[-46.254492,60.841553],[-46.266699,60.781396]]],[[[-51.675146,70.855225],[-51.808691,70.852539],[-52.119385,70.870654],[-52.144189,70.882275],[-52.148047,70.904395],[-52.106738,70.968018],[-51.969824,70.976465],[-51.806934,70.94165],[-51.631348,70.892139],[-51.606934,70.868848],[-51.675146,70.855225]]]]}},{"type":"Feature","geometry":{"type":"MultiPolygon","coordinates":[[[[-6.623193,61.805957],[-6.642773,61.768311],[-6.670166,61.768652],[-6.764258,61.815332],[-6.83916,61.840771],[-6.863965,61.862256],[-6.884766,61.899121],[-6.841797,61.903711],[-6.790771,61.895361],[-6.662109,61.861768],[-6.62583,61.826709],[-6.623193,61.805957]]],[[[-6.699463,61.444629],[-6.888135,61.534766],[-6.881641,61.602783],[-6.703516,61.495947],[-6.699463,61.444629]]],[[[-7.186865,62.139307],[-7.097119,62.100537],[-7.065186,62.073242],[-7.116797,62.046826],[-7.179395,62.040039],[-7.254932,62.046143],[-7.379102,62.074805],[-7.422607,62.140283],[-7.336768,62.138672],[-7.235303,62.151221],[-7.186865,62.139307]]],[[[-6.631055,62.227881],[-6.823437,62.139111],[-6.722559,61.990381],[-7.013574,62.093994],[-6.631055,62.227881]]],[[[-6.406055,62.258643],[-6.453857,62.186523],[-6.524707,62.197852],[-6.544141,62.205615],[-6.559473,62.224512],[-6.552051,62.278125],[-6.55459,62.355664],[-6.473047,62.291895],[-6.406055,62.258643]]]]}},{"type":"Feature","geometry":{"type":"MultiPolygon","coordinates":[[[[12.56875,55.785059],[12.407129,55.61626],[12.275391,55.414258],[12.089941,55.188135],[12.050391,54.815332],[11.703613,55.03916],[11.406836,55.214746],[11.189746,55.465625],[11.070312,55.629297],[11.224414,55.731201],[11.45957,55.907227],[11.682227,55.829492],[11.858301,55.771875],[11.912793,55.937305],[12.323242,56.122119],[12.608398,56.033008],[12.56875,55.785059]]],[[[9.739746,54.825537],[9.49873,54.84043],[8.90293,54.896924],[8.661426,54.985937],[8.651074,55.328564],[8.181348,55.901172],[8.163965,56.606885],[8.55293,56.560303],[8.736133,56.627441],[9.140332,56.750439],[9.110449,57.043652],[8.603125,56.7104],[8.266309,56.815332],[8.811523,57.110059],[9.433594,57.174316],[10.259082,57.617041],[10.460254,57.614551],[10.524121,57.243213],[10.287012,56.822949],[10.490234,56.520508],[10.894434,56.359033],[10.538965,56.200342],[10.22666,56.005371],[10.017383,55.876074],[9.999023,55.735547],[9.661426,55.557471],[9.670996,55.266406],[9.572363,55.040527],[9.705273,54.92832],[9.739746,54.825537]]],[[[10.645117,55.609814],[10.785352,55.269775],[10.442773,55.048779],[9.930078,55.228906],[10.286133,55.61084],[10.622754,55.612842],[10.645117,55.609814]]],[[[11.361426,54.89165],[11.758984,54.767676],[11.457422,54.628857],[11.258496,54.951807],[11.361426,54.89165]]],[[[10.734082,54.750732],[10.689746,54.745068],[10.629492,54.826074],[10.62168,54.851416],[10.69248,54.903271],[10.738281,54.962012],[10.856738,55.052197],[10.925,55.157861],[10.951074,55.156201],[10.920801,55.062109],[10.765234,54.799658],[10.734082,54.750732]]],[[[12.549219,54.965771],[12.118848,54.914404],[12.258789,55.021094],[12.469531,55.01748],[12.549219,54.965771]]],[[[12.665723,55.596533],[12.571582,55.554004],[12.550879,55.55625],[12.520313,55.6146],[12.569922,55.650098],[12.599219,55.680225],[12.62002,55.679346],[12.648438,55.646777],[12.665723,55.596533]]],[[[10.484375,54.847559],[10.417285,54.837158],[10.340527,54.858936],[10.215625,54.940967],[10.199902,54.962744],[10.265527,54.948828],[10.346973,54.905957],[10.413672,54.896826],[10.504883,54.860547],[10.484375,54.847559]]],[[[10.06123,54.886377],[9.957129,54.872461],[9.903906,54.896631],[9.80625,54.906006],[9.771191,55.059912],[9.78125,55.069043],[9.830371,55.058252],[9.998828,54.986475],[10.057715,54.90791],[10.06123,54.886377]]],[[[10.607324,55.783057],[10.590332,55.765088],[10.526953,55.783789],[10.520313,55.848486],[10.544336,55.906592],[10.516113,55.958545],[10.547168,55.991943],[10.636328,55.91416],[10.661719,55.877588],[10.627344,55.833887],[10.607324,55.783057]]],[[[11.052148,57.252539],[11.011426,57.229102],[10.873828,57.262256],[10.93457,57.308594],[11.085742,57.329932],[11.174512,57.3229],[11.076855,57.276904],[11.052148,57.252539]]],[[[15.087695,55.021875],[15.050781,55.004932],[14.885547,55.032959],[14.68418,55.102246],[14.713672,55.238037],[14.765332,55.296729],[15.132617,55.144531],[15.137109,55.087158],[15.087695,55.021875]]]]}},{"type":"Feature","geometry":{"type":"Polygon","coordinates":[[[18.832227,49.510791],[18.596484,49.491455],[18.383105,49.363916],[18.109961,49.179785],[17.940723,49.011963],[17.758496,48.888135],[17.188477,48.860937],[16.953125,48.598828],[16.764453,48.722021],[16.47793,48.800098],[16.057227,48.754785],[15.599414,48.886377],[15.199609,48.948145],[14.993457,49.001123],[14.821875,48.774023],[14.553906,48.61333],[14.189844,48.578564],[13.843164,48.759863],[13.547656,48.959668],[13.339063,49.060791],[13.02373,49.260107],[12.681152,49.414502],[12.457031,49.679785],[12.471875,49.830078],[12.457617,49.955518],[12.18252,50.148047],[12.089844,50.301758],[12.231152,50.244873],[12.452637,50.349805],[12.76543,50.430957],[12.99707,50.456055],[13.269531,50.576416],[13.401172,50.609326],[13.556738,50.704639],[14.096484,50.822754],[14.299414,50.952588],[14.319727,51.037793],[14.559668,50.954932],[14.658203,50.832617],[14.809375,50.858984],[14.984473,51.003418],[15.277051,50.883008],[15.463965,50.793848],[15.893945,50.676904],[16.066406,50.629932],[16.419727,50.573633],[16.28252,50.483008],[16.291309,50.371875],[16.59668,50.121924],[16.778613,50.157031],[16.993359,50.259717],[16.980762,50.416113],[17.55459,50.264062],[17.735449,50.230762],[17.627051,50.116406],[17.83125,49.983301],[18.02832,50.035254],[18.205273,49.964746],[18.516211,49.902393],[18.594629,49.757812],[18.832227,49.510791]]]}},{"type":"Feature","geometry":{"type":"Polygon","coordinates":[[[34.004492,35.065234],[33.832031,35.067187],[33.675391,35.017871],[33.463867,35.004932],[33.325586,35.153613],[32.985938,35.116406],[32.720215,35.145361],[32.926367,35.278076],[33.458789,35.335889],[34.272363,35.569971],[33.941992,35.292041],[34.004492,35.065234]]]}},{"type":"Feature","geometry":{"type":"Polygon","coordinates":[[[32.712695,35.171045],[32.919531,35.087842],[33.24834,35.156934],[33.455957,35.101416],[33.614453,35.022754],[33.792285,35.048193],[33.965723,35.056787],[33.936523,34.971484],[33.514453,34.806445],[33.115527,34.695557],[33.00791,34.56958],[32.750098,34.647803],[32.41377,34.778027],[32.475,35.08999],[32.712695,35.171045]]]}},{"type":"Feature","geometry":{"type":"MultiPolygon","coordinates":[[[[-81.837451,23.163037],[-81.271631,23.128613],[-80.650146,23.103076],[-80.364893,22.943408],[-79.959912,22.876904],[-79.67666,22.743066],[-79.275684,22.407617],[-78.775977,22.367334],[-77.970508,21.971973],[-77.497119,21.78833],[-77.497266,21.871631],[-77.144141,21.643604],[-77.26958,21.537891],[-77.098633,21.589014],[-76.867432,21.33042],[-76.647412,21.284521],[-76.073633,21.133447],[-75.595801,20.994678],[-75.740234,20.811963],[-75.642773,20.733496],[-74.959717,20.672656],[-74.513135,20.38457],[-74.198486,20.311475],[-74.217432,20.117139],[-74.850049,20.002295],[-75.124121,19.924658],[-75.219434,19.923633],[-75.765137,19.9604],[-76.779736,19.940186],[-77.463184,19.861377],[-77.149414,20.347266],[-77.188965,20.559961],[-77.467041,20.689502],[-78.116357,20.761865],[-78.490771,21.053711],[-78.727686,21.592725],[-79.357422,21.585156],[-80.310693,21.933398],[-80.499072,22.063525],[-81.11665,22.134229],[-81.222412,22.14292],[-81.816211,22.200195],[-81.973047,22.421826],[-81.702734,22.591895],[-81.903418,22.679004],[-83.009424,22.514014],[-83.292139,22.303223],[-83.601514,22.20874],[-83.932715,22.149658],[-84.13833,21.929004],[-84.490918,21.854297],[-84.682666,21.899072],[-84.877246,21.894141],[-84.373145,22.035938],[-84.281348,22.474219],[-83.177246,22.983008],[-82.101367,23.19043],[-81.837451,23.163037]]],[[[-77.668994,21.951953],[-77.710059,21.921338],[-77.755029,21.965576],[-77.783643,21.97041],[-77.823193,21.987939],[-77.9,22.037158],[-77.918555,22.088086],[-77.854736,22.091943],[-77.774414,22.082959],[-77.633691,22.054004],[-77.645996,21.996484],[-77.668994,21.951953]]],[[[-78.0271,22.285156],[-78.04751,22.268506],[-78.10166,22.305762],[-78.180029,22.321973],[-78.226123,22.37998],[-78.27002,22.402246],[-78.273535,22.423584],[-78.200977,22.437646],[-78.150586,22.431494],[-78.094141,22.387207],[-78.06167,22.305908],[-78.0271,22.285156]]],[[[-78.630127,22.552246],[-78.351221,22.538623],[-78.424561,22.460107],[-78.695508,22.533984],[-78.630127,22.552246]]],[[[-77.879395,22.127539],[-77.912354,22.124707],[-78.011914,22.166406],[-78.04165,22.20127],[-78.006689,22.247998],[-77.999219,22.29873],[-77.985645,22.3021],[-77.96958,22.240674],[-77.893652,22.214551],[-77.889111,22.201074],[-77.84248,22.148975],[-77.879395,22.127539]]],[[[-82.561768,21.57168],[-83.067285,21.469385],[-83.112939,21.573682],[-83.08252,21.791406],[-82.714551,21.890283],[-82.561768,21.57168]]],[[[-79.349561,22.663916],[-79.3479,22.637695],[-79.522754,22.711133],[-79.597852,22.787646],[-79.628174,22.805225],[-79.57915,22.806738],[-79.382178,22.681348],[-79.349561,22.663916]]]]}},{"type":"Feature","geometry":{"type":"MultiPolygon","coordinates":[[[[13.57793,45.516895],[13.970117,45.482617],[14.16123,45.485156],[14.505176,45.595215],[14.608594,45.610107],[14.84707,45.467334],[15.24209,45.441406],[15.283594,45.579687],[15.272949,45.717725],[15.652148,45.862158],[15.596875,46.109229],[15.704199,46.213232],[16.000684,46.305371],[16.25332,46.389111],[16.321191,46.534619],[16.748047,46.416406],[17.149609,46.140332],[17.529199,45.941309],[17.807129,45.79043],[18.358301,45.753027],[18.666016,45.907471],[18.905371,45.931738],[18.894531,45.76709],[19.055078,45.527246],[19.004688,45.399512],[19.352246,45.24541],[19.388086,45.172998],[19.130762,45.175488],[19.085254,44.926758],[18.995508,44.904004],[18.788379,44.914893],[18.662598,45.077441],[18.284961,45.134277],[17.948633,45.111865],[17.653516,45.163477],[17.324121,45.163965],[16.918652,45.276562],[16.365039,45.05835],[16.02832,45.1896],[15.788086,45.178955],[15.880078,44.681934],[16.169824,44.352002],[16.47207,44.002588],[16.901855,43.649023],[17.275293,43.343848],[17.650488,43.006592],[17.537305,42.962256],[16.600293,43.464062],[16.045996,43.505518],[15.941504,43.656641],[15.18584,44.172119],[15.284277,44.288818],[15.269824,44.383496],[14.906543,44.971387],[14.386133,45.342139],[14.090625,44.997607],[13.860742,44.837402],[13.60332,45.231396],[13.57793,45.516895]]],[[[16.650684,42.996582],[17.169824,42.932617],[16.850684,42.895508],[16.650684,42.996582]]],[[[17.194043,43.125781],[17.124121,43.11543],[16.679199,43.123145],[16.549805,43.143896],[16.405859,43.197363],[16.376465,43.21377],[16.521387,43.229248],[16.655957,43.21377],[16.697266,43.174951],[17.061133,43.143896],[17.194043,43.125781]]],[[[16.785254,43.270654],[16.627441,43.268066],[16.490332,43.286182],[16.423145,43.317236],[16.428125,43.343408],[16.448926,43.387061],[16.601562,43.381885],[16.834375,43.35083],[16.891309,43.314648],[16.873633,43.297949],[16.785254,43.270654]]],[[[15.231055,44.062305],[15.24668,44.027051],[15.121875,44.093311],[15.074609,44.137842],[15.06582,44.157666],[15.231055,44.062305]]],[[[14.810254,44.977051],[14.511719,45.0354],[14.571094,45.224756],[14.810254,44.977051]]],[[[14.831445,44.758936],[14.856641,44.714844],[14.7625,44.754639],[14.678223,44.769873],[14.660352,44.799805],[14.672461,44.824365],[14.690527,44.848145],[14.754199,44.844824],[14.76377,44.821387],[14.831445,44.758936]]],[[[15.188477,44.335742],[14.996094,44.434326],[14.741895,44.697363],[15.006445,44.534229],[15.188477,44.335742]]],[[[15.18877,43.922363],[15.203027,43.907715],[15.20166,43.897754],[15.149805,43.911816],[15.13584,43.907275],[14.891309,44.125537],[14.865039,44.167969],[14.952539,44.117188],[15.18877,43.922363]]],[[[15.371387,43.973828],[15.437207,43.899512],[15.374219,43.914795],[15.308594,43.960791],[15.27002,44.010742],[15.371387,43.973828]]],[[[14.488086,44.660059],[14.312402,44.900391],[14.28584,45.144629],[14.39375,45.03125],[14.48252,44.693359],[14.488086,44.660059]]],[[[17.607813,42.769043],[17.744238,42.700342],[17.344141,42.790381],[17.389551,42.798633],[17.431934,42.800391],[17.607813,42.769043]]],[[[18.436328,42.559717],[18.333008,42.527881],[17.258203,42.968457],[17.723633,42.850684],[17.841309,42.845068],[18.304004,42.599414],[18.436328,42.559717]]]]}},{"type":"Feature","geometry":{"type":"MultiPolygon","coordinates":[[[[-3.086719,5.12832],[-3.114014,5.088672],[-3.246387,5.114062],[-3.214893,5.147217],[-3.086719,5.12832]]],[[[-7.990625,10.1625],[-7.749072,10.342285],[-7.497949,10.439795],[-7.363184,10.259375],[-7.01709,10.143262],[-6.991748,10.251855],[-6.833643,10.356982],[-6.691992,10.512012],[-6.5646,10.586426],[-6.432617,10.64873],[-6.261133,10.724072],[-6.217773,10.47627],[-6.241309,10.279199],[-6.03457,10.194824],[-5.896191,10.354736],[-5.523535,10.426025],[-5.175293,10.292627],[-4.969922,9.930078],[-4.62583,9.713574],[-4.332227,9.645703],[-3.877637,9.894922],[-3.289697,9.882227],[-3.042627,9.720898],[-2.875146,9.500928],[-2.69585,9.481348],[-2.674219,9.282617],[-2.689893,9.025098],[-2.597998,8.776367],[-2.582764,8.160791],[-2.613379,8.04668],[-2.830127,7.819043],[-2.982324,7.263623],[-3.168896,6.940967],[-3.243896,6.648682],[-3.105566,6.085645],[-2.972803,5.67627],[-2.75498,5.43252],[-2.795215,5.184521],[-3.019141,5.130811],[-3.151416,5.348291],[-3.347559,5.130664],[-4.357275,5.301416],[-4.062061,5.256641],[-4.970117,5.147754],[-5.367529,5.150781],[-5.564746,5.089453],[-6.845166,4.671484],[-7.426074,4.376025],[-7.591211,4.821533],[-7.509766,5.108496],[-7.428906,5.477881],[-7.454395,5.841309],[-7.636133,5.907715],[-7.833252,6.076367],[-8.068945,6.298389],[-8.344873,6.35127],[-8.539551,6.468066],[-8.332568,6.801562],[-8.296631,7.074023],[-8.486426,7.558496],[-8.205957,7.590234],[-8.073828,7.984424],[-8.048584,8.169727],[-8.256104,8.253711],[-8.167773,8.490674],[-7.823584,8.467676],[-7.681201,8.410352],[-7.950977,8.786816],[-7.777979,9.080859],[-7.9,9.308691],[-8.088672,9.430664],[-8.155176,9.973193],[-7.990625,10.1625]]]]}},{"type":"Feature","geometry":{"type":"Polygon","coordinates":[[[-82.563574,9.57666],[-82.644092,9.505859],[-82.860156,9.511475],[-82.942822,9.248877],[-82.741162,8.951709],[-82.881982,8.805322],[-82.844775,8.489355],[-83.023389,8.316016],[-82.879346,8.070654],[-83.12959,8.505469],[-83.469727,8.706836],[-83.291504,8.406006],[-83.604736,8.480322],[-83.616162,8.959814],[-84.117871,9.379443],[-84.658887,9.64668],[-85.025049,10.115723],[-85.236523,10.107373],[-84.886426,9.820947],[-85.114502,9.581787],[-85.681006,9.958594],[-85.703125,10.563477],[-85.714844,10.790576],[-85.752246,10.985254],[-85.702637,11.081543],[-85.58418,11.189453],[-84.90918,10.945312],[-84.48916,10.99165],[-84.20498,10.841309],[-83.919287,10.735352],[-83.641992,10.917236],[-83.448242,10.465918],[-82.866309,9.770947],[-82.563574,9.57666]]]}},{"type":"Feature","geometry":{"type":"Polygon","coordinates":[[[30.751172,-8.193652],[29.766211,-8.34375],[28.898145,-8.485449],[28.793555,-8.891016],[28.484277,-9.169434],[28.604199,-9.678809],[28.617188,-10.312988],[28.544238,-10.802344],[28.357227,-11.483008],[28.48252,-11.812109],[28.85,-12.120508],[29.34375,-12.404785],[29.502246,-12.317578],[29.691992,-12.19834],[29.795508,-12.450586],[29.796289,-13.16748],[29.722656,-13.453809],[29.597168,-13.260547],[29.253711,-13.370801],[28.942285,-13.307129],[28.730078,-12.925488],[28.51123,-12.742188],[28.357715,-12.482031],[27.756836,-12.280859],[27.487012,-12.079688],[27.15918,-11.579199],[26.976855,-11.824609],[26.824023,-11.965234],[26.339648,-11.929883],[25.854883,-11.820117],[25.413379,-11.673535],[25.291797,-11.325488],[25.184863,-11.242969],[24.728125,-11.337793],[24.37793,-11.41709],[24.365723,-11.129883],[24.115137,-10.955664],[23.928711,-10.891504],[23.696387,-11.007617],[23.156738,-11.074805],[22.561035,-11.055859],[22.278809,-11.194141],[22.17793,-10.892285],[22.283203,-10.551563],[22.197754,-10.040625],[21.813184,-9.46875],[21.895898,-8.341113],[21.841602,-7.420996],[21.51084,-7.29668],[20.558398,-7.244434],[20.590039,-6.919922],[19.875195,-6.986328],[19.487402,-7.390723],[19.369922,-7.706543],[18.89834,-7.998145],[18.334863,-8.000293],[17.913086,-8.067676],[17.536035,-8.075879],[17.121582,-7.419043],[16.96582,-7.062109],[16.709375,-6.47168],[16.639551,-6.114551],[16.431445,-5.900195],[15.425,-5.868848],[14.398633,-5.892676],[13.764551,-5.855176],[13.302637,-5.881836],[12.86084,-5.854102],[12.45293,-6.000488],[12.213672,-5.758691],[12.503711,-5.695801],[12.453223,-5.090625],[12.596191,-4.978418],[13.057324,-4.651074],[13.152344,-4.620313],[13.375781,-4.829395],[13.65957,-4.721484],[13.71709,-4.454492],[13.882324,-4.484668],[14.133887,-4.4],[14.40293,-4.369727],[14.36543,-4.585547],[14.440918,-4.854102],[14.633984,-4.885059],[15.10625,-4.461035],[15.525977,-4.087988],[15.990039,-3.766211],[16.201855,-2.464746],[16.433594,-1.96084],[16.849121,-1.272461],[17.278809,-0.999609],[17.773145,-0.052393],[17.902441,1.118066],[18.072168,2.013281],[18.54707,3.087012],[18.633691,3.954297],[18.699902,4.382617],[19.500977,5.12749],[20.002344,4.944727],[20.558105,4.462695],[21.125586,4.332178],[21.537598,4.244824],[22.449707,4.155127],[22.711719,4.591748],[23.115918,4.736914],[23.523633,4.70127],[24.227734,4.953857],[24.978418,4.982959],[25.400195,5.255908],[26.173535,5.171143],[26.870117,5.075684],[27.40332,5.10918],[27.719238,4.77832],[27.916602,4.56792],[28.19209,4.350244],[28.427539,4.32417],[28.939355,4.487061],[29.384863,4.498389],[29.779883,4.480957],[30.194922,3.981934],[30.553516,3.722949],[30.699902,3.644092],[30.838574,3.490723],[30.827832,3.282617],[30.821387,2.967578],[30.769531,2.677979],[30.961914,2.403271],[31.137598,2.288867],[31.274023,2.146289],[30.942578,1.682812],[30.240137,1.102783],[29.931641,0.792871],[29.814648,0.263623],[29.697852,-0.060205],[29.608203,-0.691309],[29.564063,-1.121387],[29.467969,-1.468066],[29.196582,-1.719922],[29.148047,-2.131836],[28.912695,-2.370313],[28.893945,-2.635059],[29.016602,-2.799609],[29.226074,-3.138672],[29.216797,-3.684961],[29.379199,-4.299707],[29.325684,-4.835645],[29.476465,-5.316602],[29.607031,-5.722656],[29.50625,-6.17207],[29.798145,-6.691895],[30.212695,-7.037891],[30.485645,-7.627148],[30.751172,-8.193652]]]}},{"type":"Feature","geometry":{"type":"Polygon","coordinates":[[[11.130176,-3.916309],[11.504297,-3.520313],[11.786426,-3.690234],[11.839453,-3.580078],[11.929297,-3.350977],[11.71543,-3.176953],[11.760156,-2.983105],[11.537793,-2.836719],[11.575195,-2.39707],[11.726758,-2.394727],[12.064453,-2.412598],[12.478516,-2.112012],[12.432129,-1.928906],[12.713672,-1.869434],[12.991992,-2.313379],[13.618555,-2.278613],[13.841602,-2.283691],[13.886914,-2.46543],[14.199805,-2.354199],[14.201758,-2.179883],[14.358594,-1.920215],[14.40293,-1.593359],[14.424023,-1.103906],[14.474121,-0.573438],[14.14834,-0.361914],[13.860059,-0.20332],[13.915137,0.283984],[14.0875,0.536572],[14.341504,0.673828],[14.429883,0.901465],[14.239746,1.322559],[13.721191,1.382275],[13.216309,1.248437],[13.222754,1.45459],[13.209473,1.92041],[13.772754,2.157422],[14.578906,2.199121],[14.762891,2.075195],[15.006445,2.01377],[15.203516,2.024463],[15.600293,1.950391],[16.059375,1.676221],[16.134961,1.795947],[16.115723,2.167822],[16.251758,2.406787],[16.45957,2.896533],[16.496289,3.208838],[16.67334,3.535205],[17.298438,3.617188],[17.806641,3.58418],[18.010742,3.55083],[18.193945,3.50542],[18.499805,3.604102],[18.54707,3.087012],[18.072168,2.013281],[17.902441,1.118066],[17.773145,-0.052393],[17.278809,-0.999609],[16.849121,-1.272461],[16.433594,-1.96084],[16.201855,-2.464746],[15.990039,-3.766211],[15.525977,-4.087988],[15.10625,-4.461035],[14.633984,-4.885059],[14.440918,-4.854102],[14.36543,-4.585547],[14.40293,-4.369727],[14.133887,-4.4],[13.882324,-4.484668],[13.71709,-4.454492],[13.65957,-4.721484],[13.375781,-4.829395],[13.152344,-4.620313],[13.048047,-4.619238],[12.798242,-4.430566],[12.38457,-4.619141],[12.204297,-4.778613],[12.002734,-4.982031],[11.80127,-4.705176],[11.393848,-4.200293],[11.130176,-3.916309]]]}},{"type":"Feature","geometry":{"type":"MultiPolygon","coordinates":[[[[44.476367,-12.081543],[44.460156,-12.335156],[44.334473,-12.173047],[44.451855,-12.071387],[44.476367,-12.081543]]],[[[43.788672,-12.307031],[43.858984,-12.368262],[43.663672,-12.342871],[43.63291,-12.287695],[43.631348,-12.24707],[43.704297,-12.255957],[43.788672,-12.307031]]],[[[43.46582,-11.90127],[43.22666,-11.751855],[43.341504,-11.368457],[43.491504,-11.862109],[43.46582,-11.90127]]]]}},{"type":"Feature","geometry":{"type":"MultiPolygon","coordinates":[[[[-71.319727,11.861914],[-71.719482,11.726855],[-72.446094,11.114258],[-72.73916,10.727197],[-73.006543,9.78916],[-73.295654,9.322021],[-73.193164,9.194141],[-72.960156,9.135156],[-72.725537,8.848291],[-72.390332,8.287061],[-72.446045,7.966113],[-72.471973,7.524268],[-72.207715,7.370264],[-71.892676,6.990332],[-71.217822,6.985205],[-70.737158,7.090039],[-70.3875,6.972607],[-70.09502,6.937939],[-69.439258,6.134912],[-69.268164,6.099707],[-68.736475,6.156787],[-67.85918,6.289893],[-67.471582,6.119775],[-67.631348,5.709375],[-67.824902,5.270459],[-67.855273,4.506885],[-67.783203,4.198242],[-67.551123,3.733838],[-67.322168,3.373975],[-67.834766,2.892822],[-67.667236,2.800195],[-67.534961,2.676758],[-67.252734,2.429443],[-67.165479,2.142578],[-67.089551,1.940332],[-66.95835,1.564209],[-66.876025,1.223047],[-67.088281,1.400586],[-67.320605,2.03208],[-67.499658,2.10791],[-67.815088,1.790088],[-68.032861,1.788037],[-68.218359,1.957617],[-68.176562,1.719824],[-68.913184,1.721387],[-69.470166,1.75791],[-69.7396,1.734863],[-69.850781,1.308789],[-69.716992,1.059082],[-69.470312,1.058594],[-69.311816,1.050488],[-69.163232,0.864062],[-69.163232,0.68667],[-69.212793,0.629932],[-69.327148,0.655176],[-69.472119,0.729932],[-69.638721,0.659668],[-69.807129,0.607471],[-70.053906,0.578613],[-70.070508,-0.138867],[-69.747461,-0.452539],[-69.600879,-0.599609],[-69.611914,-0.762793],[-69.543555,-0.917188],[-69.444336,-1.02959],[-69.400244,-1.194922],[-69.506445,-1.774902],[-69.732617,-3.016699],[-69.948193,-4.200586],[-70.167529,-4.050195],[-70.339502,-3.814355],[-70.529687,-3.866406],[-70.418994,-3.288281],[-70.064453,-2.730762],[-70.244434,-2.606543],[-70.516797,-2.453125],[-70.914551,-2.218555],[-71.196387,-2.313086],[-71.496094,-2.279199],[-71.802734,-2.166309],[-72.053809,-2.324609],[-72.395605,-2.428906],[-72.660156,-2.361035],[-72.941113,-2.394043],[-73.172656,-2.208398],[-73.181494,-1.880371],[-73.349512,-1.783887],[-73.494336,-1.536621],[-73.664307,-1.248828],[-73.926953,-1.125195],[-74.246387,-0.970605],[-74.353125,-0.766602],[-74.513867,-0.470117],[-74.755371,-0.298633],[-74.888818,-0.199414],[-75.138379,-0.050488],[-75.463965,-0.038428],[-75.974854,0.247754],[-76.311035,0.448486],[-76.427295,0.26123],[-76.729004,0.272119],[-76.920117,0.268506],[-77.292676,0.3604],[-77.481396,0.651172],[-77.673193,0.782227],[-78.180664,0.968555],[-78.681641,1.283447],[-78.888477,1.524072],[-78.576904,1.773779],[-78.591699,2.356641],[-78.342871,2.460547],[-78.030176,2.543066],[-77.874512,2.725879],[-77.67002,2.878857],[-77.632031,3.051172],[-77.417139,3.341797],[-77.076807,3.913281],[-77.263525,3.893213],[-77.427295,4.060449],[-77.520703,4.212793],[-77.353516,4.398291],[-77.306543,4.784668],[-77.373291,5.323975],[-77.249268,5.780176],[-77.440088,6.271729],[-77.438867,6.690332],[-77.680957,6.9604],[-77.764697,7.483691],[-77.746924,7.711865],[-77.618604,7.564551],[-77.362744,7.749072],[-77.195996,7.972461],[-77.385889,8.35166],[-77.393066,8.644678],[-77.130127,8.400586],[-76.851855,8.090479],[-76.896631,7.939453],[-76.77207,8.310547],[-76.887988,8.619873],[-76.135498,9.265625],[-75.639355,9.450439],[-75.637109,9.834277],[-75.558398,10.236426],[-75.553711,10.327734],[-75.247949,10.783252],[-74.454248,10.989062],[-74.492285,10.934473],[-74.350195,10.813721],[-74.14292,11.32085],[-73.676904,11.271484],[-72.275,11.889258],[-71.970117,12.238281],[-71.597461,12.434375],[-71.137305,12.046338],[-71.319727,11.861914]]],[[[-78.113721,2.541748],[-78.14082,2.519678],[-78.19248,2.559277],[-78.210107,2.60918],[-78.178418,2.646338],[-78.137646,2.63418],[-78.119141,2.603613],[-78.113721,2.541748]]]]}},{"type":"Feature","geometry":{"type":"MultiPolygon","coordinates":[[[[118.183008,24.496289],[118.149512,24.436133],[118.090527,24.446143],[118.08877,24.488867],[118.076758,24.501416],[118.092969,24.541211],[118.103809,24.552344],[118.170703,24.518506],[118.183008,24.496289]]],[[[121.862695,31.492285],[121.226855,31.758105],[121.491797,31.693652],[121.843652,31.526367],[121.862695,31.492285]]],[[[122.295898,29.963428],[122.281543,29.943848],[122.157813,30.00127],[122.024023,30.01333],[121.977832,30.063818],[121.969434,30.143115],[122.110547,30.139746],[122.284473,30.068018],[122.322266,30.031396],[122.295898,29.963428]]],[[[122.172559,29.679004],[122.169043,29.660254],[122.083789,29.725342],[122.042676,29.735937],[122.062305,29.772754],[122.119629,29.782227],[122.165039,29.700781],[122.172559,29.679004]]],[[[122.403906,29.892383],[122.394043,29.846094],[122.367578,29.852686],[122.331836,29.934961],[122.350977,29.955225],[122.401563,29.950244],[122.403906,29.892383]]],[[[119.820898,25.456982],[119.723047,25.550586],[119.797461,25.623242],[119.809082,25.507812],[119.820898,25.456982]]],[[[110.385156,21.093164],[110.422363,21.058594],[110.521582,21.083105],[110.539551,21.039014],[110.538867,21.018457],[110.503906,20.967725],[110.421875,21.006885],[110.339941,20.997754],[110.280957,21.001172],[110.264648,21.025195],[110.309863,21.074756],[110.385156,21.093164]]],[[[121.251367,28.086426],[121.164258,28.0625],[121.131543,28.062598],[121.133984,28.135254],[121.205469,28.204395],[121.234375,28.181299],[121.250977,28.145215],[121.251367,28.086426]]],[[[113.555273,22.804199],[113.563672,22.75791],[113.485645,22.82832],[113.463379,22.832373],[113.426074,22.858594],[113.404395,22.902832],[113.464941,22.904541],[113.520508,22.852051],[113.555273,22.804199]]],[[[112.790234,21.601855],[112.771094,21.581836],[112.741992,21.618066],[112.733496,21.669922],[112.712695,21.697949],[112.760547,21.733252],[112.782031,21.772266],[112.839063,21.764502],[112.862598,21.752637],[112.812598,21.712158],[112.800684,21.694873],[112.790234,21.601855]]],[[[112.64375,21.639648],[112.545605,21.618506],[112.525,21.623047],[112.558984,21.674756],[112.647656,21.710254],[112.64375,21.639648]]],[[[107.972656,21.507959],[107.641016,21.613916],[107.27207,21.710645],[107.006445,21.893408],[106.794141,21.981982],[106.657715,22.018213],[106.593164,22.324512],[106.582422,22.573242],[106.780273,22.778906],[106.338086,22.863477],[106.148438,22.970068],[105.902637,22.924951],[105.548145,23.072656],[105.350488,23.307666],[104.995703,23.194336],[104.814746,23.010791],[104.631738,22.818213],[104.29834,22.712012],[104.053906,22.752295],[103.941504,22.540088],[103.570703,22.734424],[103.356055,22.754688],[103.193359,22.638525],[103.005371,22.452979],[102.830078,22.587158],[102.470898,22.750928],[102.302246,22.545996],[102.091504,22.412256],[101.759961,22.490332],[101.646191,22.40542],[101.537305,22.209863],[101.60293,21.989697],[101.747266,21.605762],[101.763086,21.278906],[101.728125,21.156396],[101.583887,21.203564],[101.247852,21.197314],[101.205566,21.383301],[101.147266,21.581641],[101.079785,21.755859],[100.60459,21.471777],[100.214746,21.462988],[100.105762,21.617041],[99.940723,21.75874],[99.917676,22.028027],[99.303125,22.100635],[99.172363,22.19248],[99.343164,22.586523],[99.507129,22.959131],[99.34082,23.095898],[98.885547,23.307471],[98.797852,23.52041],[98.680859,23.841797],[98.835059,24.121191],[98.56416,24.098828],[98.016895,24.06543],[97.629687,23.887158],[97.708203,24.22876],[97.563281,24.443848],[97.670703,24.820117],[97.714941,25.034326],[97.962012,25.259326],[98.142871,25.571094],[98.40166,25.677979],[98.65625,25.863574],[98.571973,26.114062],[98.709473,26.429688],[98.729492,26.877393],[98.676758,27.421924],[98.452539,27.657227],[98.298828,27.550098],[98.118359,28.055225],[97.934082,28.313818],[97.769043,28.356152],[97.599219,28.517041],[97.431445,28.353906],[97.145117,28.340332],[96.775781,28.367041],[96.389063,28.36792],[96.278906,28.428174],[96.395605,28.606543],[96.46709,29.022266],[96.137109,28.922607],[96.270508,29.16123],[96.234961,29.245801],[96.035352,29.447168],[95.516992,29.151172],[95.389258,29.037402],[94.998828,29.14917],[94.733398,29.251611],[94.293262,29.144629],[94.013281,28.90752],[93.664941,28.690234],[93.157813,28.492725],[92.701855,28.147119],[92.6875,28.025732],[92.480664,27.845947],[92.250488,27.841504],[91.977637,27.730371],[91.631934,27.759961],[91.493359,27.981787],[91.225879,28.07124],[90.9625,27.99458],[90.477344,28.07085],[90.352148,28.168164],[90.104492,28.302051],[89.749805,28.188184],[89.395898,27.958154],[89.025488,27.517871],[88.764844,27.429883],[88.828613,27.907275],[88.57793,28.093359],[88.275195,27.968848],[88.109766,27.870605],[87.682715,27.821387],[87.290723,27.821924],[86.842383,27.99917],[86.614453,28.103027],[86.408691,27.928662],[86.137012,28.114355],[85.994531,27.9104],[85.759473,28.220654],[85.122461,28.315967],[85.159082,28.592236],[84.796875,28.560205],[84.650586,28.65957],[84.228711,28.911768],[84.021973,29.253857],[83.583496,29.183594],[83.155469,29.612646],[82.486523,29.941504],[82.098926,30.245068],[81.417188,30.337598],[81.055566,30.098975],[80.746777,30.3604],[80.40957,30.509473],[80.207129,30.68374],[79.924512,30.88877],[79.794629,30.968262],[79.388477,31.064209],[79.107129,31.402637],[78.945996,31.337207],[78.757812,31.30249],[78.755078,31.550293],[78.687012,31.805518],[78.677734,32.023047],[78.441309,32.397363],[78.4125,32.557715],[78.736719,32.558398],[78.918945,32.358203],[79.169922,32.497217],[79.233887,32.703076],[79.202246,32.946045],[79.12168,33.108105],[79.012598,33.291455],[78.801855,33.499707],[78.72666,34.013379],[78.970605,34.228223],[78.864844,34.390332],[78.326953,34.606396],[78.075781,35.134912],[78.042676,35.479785],[77.851562,35.460791],[77.724023,35.480566],[77.294824,35.508154],[76.727539,35.678662],[76.502051,35.878223],[76.147852,35.829004],[75.945117,36.017578],[75.968652,36.168848],[75.884961,36.600732],[75.57373,36.759326],[75.34668,36.913477],[74.889258,36.952441],[74.600586,37.03667],[74.376172,37.137354],[74.72666,37.290723],[74.891309,37.231641],[75.11875,37.385693],[74.894238,37.601416],[74.900293,37.832715],[74.775098,38.191895],[74.74502,38.51001],[74.131348,38.661182],[73.869141,38.562891],[73.696094,38.854297],[73.805273,38.968652],[73.607324,39.229199],[73.715723,39.462256],[73.914648,39.606494],[73.85625,39.828662],[74.020508,40.059375],[74.613086,40.272168],[74.841797,40.344971],[74.865625,40.493506],[75.520801,40.627539],[75.655957,40.329248],[76.062305,40.387549],[76.318555,40.352246],[76.57793,40.577881],[76.708398,40.818115],[77.182031,41.010742],[77.815234,41.055615],[78.348828,41.325195],[78.742578,41.560059],[79.503906,41.820996],[80.216211,42.032422],[80.209375,42.190039],[80.205762,42.399414],[80.202246,42.734473],[80.54375,42.911719],[80.374512,43.02041],[80.751172,43.10249],[80.729785,43.274268],[80.650781,43.56416],[80.395801,44.047168],[80.354883,44.326514],[80.381445,44.65542],[80.455469,44.746094],[79.997168,44.797217],[79.950195,44.944092],[80.50918,45.10498],[81.040332,45.169141],[81.758887,45.31084],[81.989258,45.161865],[82.39668,45.162451],[82.596973,45.215967],[82.58252,45.442578],[82.315234,45.594922],[82.555078,46.158691],[83.004102,47.033496],[83.193066,47.186572],[83.832617,46.997852],[84.338867,46.996143],[84.719531,46.939355],[85.012207,46.909229],[85.484766,47.063525],[85.669824,47.338379],[85.561621,47.746484],[85.651563,48.250537],[86.056152,48.42373],[86.549414,48.528613],[86.728613,48.939355],[86.937988,49.097559],[87.416699,49.076611],[87.668359,49.147217],[87.816309,49.080273],[87.806836,48.945508],[87.831836,48.79165],[88.050195,48.675049],[87.979688,48.555127],[88.413965,48.403418],[88.681836,48.170557],[89.047656,48.002539],[89.479199,48.029053],[89.725586,47.85249],[89.958691,47.886328],[90.103223,47.74541],[90.347461,47.596973],[90.476465,47.328809],[90.715527,47.003857],[90.985742,46.749023],[91.033887,46.529004],[90.947559,46.177295],[90.887109,45.921631],[90.670703,45.595166],[90.763184,45.370654],[90.953613,45.215918],[91.312109,45.118115],[91.737793,45.068945],[92.423828,45.008936],[93.294336,44.983154],[93.868164,44.724219],[94.494336,44.47251],[95.350293,44.278076],[95.325586,44.039355],[95.567187,43.892236],[95.85957,43.275977],[96.299512,42.928711],[96.625293,42.743848],[98.248242,42.684521],[99.757422,42.629443],[100.772559,42.587793],[101.579102,42.523535],[101.972949,42.215869],[103.072852,42.005957],[103.997266,41.796973],[104.773633,41.641162],[105.11543,41.663281],[105.566406,41.875098],[106.579102,42.227344],[107.090723,42.321533],[108.062305,42.427197],[108.687305,42.416113],[109.443164,42.455957],[110.058008,42.660596],[110.42959,42.813574],[110.708594,43.073877],[111.007227,43.341406],[111.503516,43.492773],[111.771094,43.6646],[111.931738,43.814941],[111.602637,44.107129],[111.402246,44.367285],[111.547461,44.6729],[111.898047,45.064062],[112.411328,45.058203],[113.049414,44.810352],[113.50791,44.762354],[113.877051,44.896191],[114.167383,45.049854],[114.502246,45.316309],[114.73877,45.419629],[115.439453,45.419971],[115.93418,45.626172],[116.240625,45.795996],[116.357617,46.096582],[116.619336,46.313086],[116.978809,46.361768],[117.356934,46.391309],[117.438086,46.58623],[117.741211,46.518164],[118.156836,46.678564],[118.64873,46.70166],[118.957129,46.734863],[119.474023,46.62666],[119.867188,46.672168],[119.862695,46.906592],[119.711133,47.15],[119.325977,47.410156],[119.162402,47.525195],[119.017578,47.685352],[118.690527,47.822266],[118.14707,48.028906],[117.768359,47.987891],[117.383984,47.675732],[117.069727,47.806396],[116.651953,47.864502],[116.231152,47.858203],[115.811719,47.738232],[115.525098,48.130859],[115.791699,48.455713],[116.034375,48.840039],[116.402148,49.406201],[117.02168,49.692969],[117.812598,49.513525],[118.755957,49.962842],[119.326074,50.154932],[119.163672,50.406006],[119.344043,50.633887],[119.573438,50.946777],[119.813184,51.267041],[120.510547,51.848535],[120.66543,52.299902],[120.521094,52.615039],[120.044336,52.718213],[120.704102,53.171826],[122.088867,53.451465],[122.744727,53.468506],[123.424023,53.530762],[123.607813,53.546533],[124.219922,53.370117],[124.639844,53.210645],[124.970898,53.197314],[125.545996,53.047607],[125.695312,52.956299],[125.871875,52.871533],[126.056055,52.715869],[126.016016,52.610205],[126.20293,52.483838],[126.324219,52.331641],[126.394824,52.172998],[126.653711,51.781299],[126.774512,51.545068],[126.847754,51.37417],[126.911523,51.172314],[127.307031,50.707959],[127.306055,50.453516],[127.395313,50.298584],[127.502441,49.873437],[127.711133,49.671533],[128.526758,49.594238],[128.770313,49.494727],[129.065137,49.374658],[129.309863,49.353857],[129.498145,49.388818],[129.792578,49.198877],[130.553125,48.861182],[130.597266,48.574658],[130.804297,48.341504],[130.848633,47.929443],[131.002734,47.691455],[131.556738,47.682031],[132.47627,47.71499],[132.772852,47.940088],[133.301172,48.101514],[133.842188,48.27373],[134.456152,48.355322],[134.669336,48.15332],[134.591309,47.975195],[134.728125,47.684473],[134.483496,47.447363],[134.260059,47.377734],[134.189258,47.194238],[134.071387,46.950781],[133.95752,46.614258],[133.880273,46.336035],[133.750195,46.185937],[133.647852,45.955225],[133.484668,45.810449],[133.436426,45.604687],[133.186035,45.494824],[133.011719,45.074561],[132.723145,45.080566],[132.181348,45.203271],[131.851855,45.326855],[131.613965,45.136572],[131.268262,44.936133],[130.981641,44.844336],[131.086914,44.595654],[131.174219,43.704736],[131.20918,43.49043],[131.239355,43.337646],[131.108984,43.062451],[131.005566,42.883105],[130.722461,42.83584],[130.424805,42.727051],[130.576563,42.623242],[130.450293,42.581689],[130.248828,42.872607],[130.082617,42.97417],[129.898242,42.998145],[129.773438,42.705469],[129.62793,42.444287],[129.484863,42.410303],[129.252539,42.357861],[129.133691,42.168506],[128.839844,42.037842],[128.307813,42.025635],[128.03291,41.898486],[128.181738,41.700049],[128.254883,41.506543],[128.052734,41.415625],[127.572168,41.454736],[127.179688,41.531348],[127.061328,41.687354],[126.847266,41.747998],[126.696973,41.691895],[126.513574,41.393994],[126.328711,41.225684],[126.066797,40.974072],[125.72832,40.866699],[125.593848,40.778955],[125.185938,40.589404],[124.996875,40.464746],[124.712402,40.319238],[124.35,40.011572],[123.650879,39.881592],[123.348145,39.762939],[122.960938,39.619922],[122.120898,39.151904],[121.864355,38.996484],[121.632812,38.954834],[121.320117,38.808203],[121.12168,38.813281],[121.679883,39.108691],[121.818457,39.386523],[121.275488,39.384766],[121.406445,39.62124],[121.474219,39.754883],[121.982813,40.13584],[122.275,40.541846],[121.834863,40.974268],[121.598926,40.843408],[121.00293,40.749121],[120.479102,40.230957],[119.391113,39.75249],[119.040137,39.222363],[118.752441,39.160498],[118.147852,39.195068],[117.616699,38.852881],[117.766699,38.31167],[118.8,38.12666],[119.038477,37.776514],[118.99082,37.641357],[119.111816,37.201172],[119.8875,37.253369],[120.311523,37.622705],[120.370117,37.701025],[121.388086,37.578955],[121.964844,37.445312],[122.169141,37.456152],[122.666992,37.402832],[122.44668,37.068115],[122.457031,36.915137],[122.219727,36.879541],[121.932715,36.959473],[121.053809,36.611377],[120.79668,36.607227],[120.84707,36.426074],[120.680957,36.168359],[120.348242,36.079199],[120.270117,36.226172],[120.181445,36.01748],[120.054688,35.861133],[119.866211,35.643652],[119.526465,35.358594],[119.165332,34.848828],[119.58291,34.582227],[120.266699,34.274023],[120.504785,33.638184],[120.897363,32.843213],[121.293359,32.457324],[121.450781,32.15332],[121.832422,31.899756],[121.680859,31.712158],[120.973535,31.869385],[120.184082,31.966162],[120.191602,31.906348],[120.752246,31.922852],[121.204883,31.628076],[121.834473,31.061621],[121.527539,30.840967],[120.938281,30.469727],[120.449805,30.387842],[120.260547,30.263037],[120.904492,30.160645],[121.432715,30.22666],[122.017285,29.887695],[121.574609,29.537012],[121.887988,29.627783],[121.853516,29.128906],[121.533691,29.236719],[121.664941,29.010596],[121.6625,28.851416],[121.475195,28.641406],[121.509961,28.324268],[121.145703,28.32666],[120.89248,28.003906],[120.833008,27.937793],[120.664844,27.639453],[120.539844,27.318359],[120.138574,26.886133],[119.967773,26.586377],[119.821289,26.736914],[119.766699,26.774707],[119.589941,26.730469],[119.784766,26.546631],[119.881055,26.33418],[119.463086,26.054688],[119.139453,26.121777],[119.500879,26.00918],[119.552832,25.698682],[119.592773,25.368018],[119.263086,25.468018],[119.243555,25.307031],[118.977539,25.209277],[118.82207,24.911133],[118.691797,24.782324],[118.412012,24.600732],[118.013867,24.559912],[117.842676,24.474316],[118.050586,24.327148],[117.741699,24.014795],[117.466406,23.840576],[117.416992,23.620996],[117.29082,23.714355],[117.032813,23.623437],[116.712109,23.360498],[116.669141,23.228174],[116.470703,22.945898],[116.206348,22.918652],[115.755859,22.823926],[115.49834,22.718848],[115.091504,22.781689],[114.853809,22.616797],[114.592773,22.698437],[114.496191,22.527051],[114.228223,22.553955],[114.050391,22.542969],[113.82832,22.607227],[113.603418,22.968896],[113.519727,23.1021],[113.331055,22.912012],[113.449805,22.726123],[113.588867,22.350488],[113.527051,22.245947],[113.473437,22.194434],[113.266406,22.08877],[112.983789,21.938232],[112.725391,21.902344],[112.494727,21.818311],[112.396094,21.981348],[112.356445,21.767578],[112.025195,21.843018],[111.824609,21.709766],[111.602734,21.559082],[111.144238,21.482227],[110.996777,21.430273],[110.567187,21.214062],[110.410937,21.338135],[110.193555,21.037646],[110.388477,20.790527],[110.511523,20.518262],[110.344727,20.294824],[109.88584,20.413135],[109.946387,20.474365],[109.767383,20.780713],[109.704492,21.052734],[109.921094,21.376465],[109.743359,21.527979],[109.521484,21.693408],[109.22041,21.443408],[109.133496,21.543604],[108.846387,21.634473],[108.61582,21.770459],[108.479883,21.904639],[108.502148,21.633447],[108.324805,21.693506],[108.067383,21.525977],[107.972656,21.507959]]],[[[110.88877,19.991943],[111.013672,19.655469],[110.603125,19.207031],[110.519336,18.970215],[110.333691,18.673291],[110.048535,18.505225],[109.967676,18.42207],[109.681055,18.247119],[109.340918,18.299609],[108.701563,18.535254],[108.65,19.265039],[108.902832,19.481348],[109.219531,19.757471],[109.314844,19.904395],[109.651367,19.984375],[110.213379,20.056055],[110.393555,20.059229],[110.59834,20.097607],[110.809082,20.014404],[110.88877,19.991943]]]]}},{"type":"Feature","geometry":{"type":"Polygon","coordinates":[[[113.478906,22.195557],[113.481055,22.21748],[113.494141,22.241553],[113.527051,22.245947],[113.548145,22.222607],[113.545508,22.221484],[113.498828,22.20166],[113.48418,22.197754],[113.478906,22.195557]]]}},{"type":"Feature","geometry":{"type":"MultiPolygon","coordinates":[[[[114.01543,22.511914],[114.122852,22.56499],[114.269629,22.536768],[114.335254,22.39624],[114.139063,22.348438],[113.896484,22.428174],[114.01543,22.511914]]],[[[114.232031,22.210547],[114.207227,22.195166],[114.13877,22.268359],[114.134473,22.292236],[114.187402,22.296631],[114.246875,22.263574],[114.243555,22.233545],[114.232031,22.210547]]],[[[113.997754,22.210498],[113.877344,22.210449],[113.851562,22.220459],[113.838867,22.241699],[113.881543,22.280273],[114.043945,22.333398],[114.00332,22.277539],[113.997754,22.210498]]]]}},{"type":"Feature","geometry":{"type":"MultiPolygon","coordinates":[[[[-109.27998,-27.14043],[-109.434131,-27.171289],[-109.42915,-27.116211],[-109.390479,-27.068359],[-109.276465,-27.095898],[-109.222852,-27.101074],[-109.27998,-27.14043]]],[[[-78.80415,-33.646484],[-78.938135,-33.613574],[-78.838184,-33.585059],[-78.80415,-33.646484]]],[[[-70.418262,-18.345605],[-70.059082,-18.283496],[-69.802441,-17.9],[-69.684766,-17.649805],[-69.358008,-17.77168],[-69.09043,-18.070703],[-69.092285,-18.282422],[-69.026807,-18.65625],[-68.931006,-19.025195],[-68.620557,-19.29668],[-68.462891,-19.432813],[-68.696191,-19.740723],[-68.600195,-20.044922],[-68.730029,-20.148438],[-68.759229,-20.378027],[-68.499854,-20.612012],[-68.571045,-20.769141],[-68.435498,-20.948242],[-68.186426,-21.618555],[-67.988379,-22.057129],[-67.881738,-22.493359],[-67.879443,-22.822949],[-67.579932,-22.891699],[-67.089746,-23.245117],[-67.356201,-24.033789],[-68.250293,-24.391992],[-68.447119,-24.596973],[-68.527051,-24.899219],[-68.384229,-25.091895],[-68.54082,-25.236719],[-68.51084,-25.741016],[-68.575781,-26.351953],[-68.485107,-26.670313],[-68.345996,-27.02793],[-68.652197,-27.14834],[-68.875098,-27.24668],[-69.118506,-27.743555],[-69.340723,-28.070801],[-69.527148,-28.285645],[-69.743164,-28.783887],[-69.995605,-29.25],[-69.924121,-29.874023],[-69.863379,-30.120313],[-69.956348,-30.358203],[-70.161426,-30.440234],[-70.348145,-30.902344],[-70.350586,-31.060449],[-70.51958,-31.148438],[-70.585205,-31.569434],[-70.330957,-31.881055],[-70.355566,-32.042383],[-70.257812,-32.309961],[-70.116162,-32.807422],[-70.093066,-33.026758],[-69.969043,-33.279395],[-69.797754,-33.398633],[-69.881494,-33.929785],[-69.879785,-34.254395],[-70.062988,-34.35],[-70.254687,-34.672656],[-70.338135,-34.921777],[-70.555176,-35.246875],[-70.456738,-35.451953],[-70.415723,-35.878516],[-70.563379,-36.146387],[-70.749268,-36.392578],[-70.97793,-36.487305],[-71.107422,-36.685059],[-71.123828,-37.056934],[-71.164893,-37.393262],[-71.167578,-37.762305],[-71.000488,-38.314844],[-70.858643,-38.604492],[-71.197266,-38.809375],[-71.425586,-38.985645],[-71.507764,-39.495215],[-71.587012,-39.611133],[-71.696826,-39.707031],[-71.659766,-40.020801],[-71.818311,-40.17666],[-71.708984,-40.381738],[-71.883789,-40.620605],[-71.880713,-40.994629],[-71.897607,-41.606641],[-71.75,-42.046777],[-71.993311,-42.134277],[-72.124609,-42.29834],[-72.143701,-42.577148],[-72.102393,-43.065625],[-71.750635,-43.237305],[-71.90498,-43.440137],[-71.737402,-43.704688],[-71.716162,-43.984473],[-71.830762,-44.241406],[-71.212598,-44.441211],[-71.261133,-44.763086],[-71.65166,-44.77041],[-72.07251,-44.82041],[-71.531299,-45.067871],[-71.49043,-45.437695],[-71.772656,-45.724414],[-71.684473,-46.041895],[-71.777637,-46.27998],[-71.699658,-46.651367],[-71.956641,-46.936816],[-71.90498,-47.20166],[-72.28291,-47.446289],[-72.472217,-47.78418],[-72.32832,-48.110059],[-72.582861,-48.475391],[-72.614404,-48.792871],[-72.981738,-48.976758],[-73.135254,-49.300684],[-73.57627,-49.58291],[-73.507715,-50.030273],[-73.27417,-50.472559],[-73.15293,-50.738281],[-72.803613,-50.637695],[-72.392578,-50.634277],[-72.307373,-51.033398],[-72.301855,-51.22334],[-72.334521,-51.620313],[-71.953467,-51.880371],[-71.414746,-51.993945],[-69.712598,-52.075391],[-68.715186,-52.255469],[-69.007227,-52.262695],[-69.560596,-52.421582],[-70.390967,-52.66084],[-70.839062,-52.889551],[-70.985107,-53.44834],[-71.297754,-53.883398],[-72.100928,-53.66582],[-72.412891,-53.350195],[-71.941699,-53.234082],[-71.902783,-53.495508],[-71.400342,-53.107031],[-71.155078,-52.845605],[-72.129102,-53.064355],[-72.530811,-53.37168],[-73.052734,-53.243457],[-72.88916,-52.871582],[-72.63208,-52.773828],[-71.979297,-52.646094],[-71.511279,-52.605371],[-72.315381,-52.538574],[-72.644824,-52.529102],[-72.801904,-52.712402],[-73.022998,-53.02207],[-73.459863,-52.964844],[-73.24082,-52.707129],[-73.183789,-52.487891],[-73.585693,-52.685742],[-74.03584,-52.577246],[-74.15083,-52.38252],[-74.295654,-52.117871],[-74.040234,-52.15918],[-73.6854,-52.136719],[-73.457959,-52.145996],[-72.943701,-52.046875],[-72.695459,-51.985156],[-72.57085,-52.200098],[-72.677051,-52.384668],[-72.52334,-52.255469],[-72.624756,-52.006934],[-72.489648,-51.763672],[-73.16875,-51.453906],[-72.789355,-51.614258],[-72.600049,-51.799121],[-73.518164,-52.041016],[-73.810645,-51.801172],[-74.146436,-51.712109],[-73.895898,-51.331445],[-74.332324,-51.19502],[-74.690088,-51.086523],[-75.094678,-50.68125],[-74.702051,-50.535352],[-74.564111,-50.382031],[-74.156104,-50.797461],[-73.824609,-50.83584],[-73.613965,-50.62793],[-73.750195,-50.539844],[-74.164111,-50.637891],[-74.031055,-50.469824],[-74.516406,-50.265625],[-74.019434,-50.022754],[-74.171338,-49.907324],[-74.230371,-49.579297],[-73.836377,-49.609375],[-74.083496,-49.361816],[-74.015381,-49.090918],[-74.027734,-49.026172],[-74.167871,-49.320508],[-74.348535,-49.42627],[-74.382129,-48.793652],[-74.129297,-48.504199],[-74.270068,-48.45459],[-74.577197,-48.274414],[-74.250439,-48.044922],[-73.391064,-48.145898],[-73.628906,-47.941504],[-73.779248,-47.738477],[-74.227051,-47.968945],[-74.429688,-47.799609],[-74.588428,-47.617969],[-74.322559,-47.666699],[-74.191016,-47.568359],[-74.403271,-47.327539],[-74.151904,-46.974414],[-74.484424,-46.79502],[-74.512256,-46.885156],[-75.031445,-46.695312],[-75.145752,-46.600098],[-75.565088,-46.728711],[-75.401221,-46.905664],[-75.708105,-46.775],[-75.376025,-46.429102],[-74.997656,-46.097656],[-74.630664,-45.844727],[-74.157861,-45.767188],[-74.099268,-45.603418],[-73.957178,-45.404395],[-73.882324,-45.569336],[-74.019922,-46.055859],[-74.372461,-46.246289],[-73.929199,-46.049902],[-73.694873,-45.85957],[-73.934814,-46.500684],[-73.770264,-46.499805],[-73.65166,-46.159277],[-73.661963,-45.730762],[-73.549902,-45.483789],[-72.978174,-45.451172],[-73.063867,-45.359766],[-73.362451,-44.978223],[-72.680078,-44.593945],[-73.140967,-44.2375],[-73.068799,-43.862012],[-72.93999,-43.211328],[-72.755371,-42.992969],[-72.773926,-42.505176],[-72.785156,-42.30127],[-72.548437,-42.255762],[-72.499414,-41.980859],[-72.824072,-41.908789],[-72.486035,-41.72207],[-72.427734,-41.645898],[-72.805127,-41.544336],[-73.174072,-41.746582],[-73.735156,-41.74248],[-73.623926,-41.581348],[-73.876172,-41.319336],[-73.784033,-40.468457],[-73.482227,-39.854297],[-73.480762,-38.624023],[-73.464795,-38.040332],[-73.603418,-37.479102],[-73.374561,-37.224316],[-73.15127,-36.876172],[-72.967822,-36.537793],[-72.587354,-35.759668],[-72.45498,-35.34082],[-72.055957,-34.61582],[-71.926855,-34.015625],[-71.636279,-33.519238],[-71.635547,-33.022559],[-71.421289,-32.386816],[-71.661963,-31.169531],[-71.669482,-30.330371],[-71.326709,-29.443164],[-71.493604,-28.855273],[-71.186426,-28.377832],[-70.945801,-27.617871],[-70.8979,-27.1875],[-70.686963,-26.421777],[-70.699609,-25.861133],[-70.489502,-25.376465],[-70.574121,-24.644336],[-70.507422,-23.885742],[-70.419629,-23.528516],[-70.568848,-23.17334],[-70.331689,-22.848633],[-70.155078,-21.866602],[-70.088379,-21.253223],[-70.148145,-19.805078],[-70.275781,-19.267578],[-70.418262,-18.345605]]],[[[-68.629932,-52.652637],[-68.63667,-53.788867],[-68.653223,-54.853613],[-69.486279,-54.858887],[-69.899463,-54.781836],[-70.259082,-54.756348],[-70.924707,-54.714355],[-71.901562,-54.601562],[-71.800146,-54.433984],[-71.500391,-54.444922],[-71.079932,-54.444238],[-70.898242,-54.337891],[-70.701123,-54.485449],[-70.297656,-54.485547],[-70.759863,-54.241309],[-70.644482,-53.822852],[-70.443164,-53.893457],[-70.535303,-54.136133],[-70.168994,-54.379297],[-69.741846,-54.305859],[-69.325098,-54.488184],[-69.169189,-54.483301],[-69.044336,-54.406738],[-70.151123,-53.888086],[-69.689746,-53.600879],[-69.393555,-53.373437],[-69.874121,-53.350488],[-70.415674,-53.304785],[-70.390674,-53.026465],[-70.160889,-52.969922],[-70.25918,-52.857227],[-70.189648,-52.723633],[-69.883203,-52.799023],[-69.498389,-52.491406],[-68.789795,-52.576758],[-68.629932,-52.652637]]],[[[-67.079932,-55.153809],[-67.339697,-55.292578],[-67.463477,-55.181738],[-67.691455,-55.242969],[-68.099512,-55.206836],[-68.106934,-54.929395],[-67.107324,-55.063574],[-67.079932,-55.153809]]],[[[-73.773389,-43.345898],[-74.114404,-43.35791],[-74.373145,-43.185742],[-74.198828,-42.481348],[-74.170312,-42.268945],[-74.056836,-42.002344],[-74.03667,-41.795508],[-73.477783,-42.047168],[-73.532812,-42.314453],[-73.633887,-42.508203],[-73.766846,-42.621875],[-73.436328,-42.936523],[-73.749658,-43.159082],[-73.773389,-43.345898]]],[[[-74.476172,-49.147852],[-74.515771,-49.65957],[-74.496094,-49.859473],[-74.703369,-50.019238],[-74.821924,-49.813867],[-74.812012,-49.605273],[-74.718848,-49.437012],[-74.981299,-49.56416],[-75.066016,-49.852344],[-75.549805,-49.791309],[-75.305859,-49.494043],[-75.433154,-49.32207],[-75.086035,-49.270215],[-75.037109,-49.02207],[-74.969531,-48.791309],[-74.651562,-48.749902],[-74.476172,-49.147852]]],[[[-75.510254,-48.763477],[-75.509033,-48.230664],[-75.391406,-48.019727],[-75.158496,-48.622656],[-75.510254,-48.763477]]],[[[-74.385742,-52.922363],[-74.065967,-52.965332],[-73.549268,-53.125684],[-73.30249,-53.259473],[-73.409375,-53.320508],[-73.595947,-53.25293],[-73.993994,-53.075781],[-74.414404,-52.994922],[-74.712012,-52.74873],[-74.422266,-52.860059],[-74.385742,-52.922363]]],[[[-74.567285,-48.591992],[-75.012842,-48.535742],[-75.158496,-48.225293],[-75.198291,-47.974609],[-74.846191,-48.020801],[-74.702393,-48.205859],[-74.600146,-48.393066],[-74.567285,-48.591992]]],[[[-72.923242,-53.481641],[-72.685498,-53.55791],[-72.306689,-53.725391],[-72.369141,-53.980762],[-72.676562,-54.078906],[-72.907275,-54.114648],[-72.781689,-53.954785],[-72.984229,-53.860547],[-73.07085,-53.978027],[-73.304736,-53.943945],[-73.314355,-53.729199],[-73.581641,-53.655469],[-73.44707,-53.410059],[-73.110889,-53.425195],[-72.970947,-53.423047],[-72.923242,-53.481641]]],[[[-74.822949,-51.630176],[-74.536816,-51.965137],[-74.851807,-52.270703],[-75.105371,-51.788867],[-74.822949,-51.630176]]],[[[-69.702979,-54.919043],[-68.399805,-55.041992],[-68.381738,-55.191602],[-68.326562,-55.332715],[-68.058301,-55.517969],[-68.15708,-55.633691],[-68.466699,-55.489063],[-68.867041,-55.450195],[-68.888965,-55.263281],[-69.046826,-55.244336],[-69.356152,-55.273926],[-69.24082,-55.476758],[-69.610254,-55.339941],[-69.679834,-55.218945],[-69.886768,-55.174121],[-69.92085,-55.061133],[-69.702979,-54.919043]]],[[[-71.390479,-54.032813],[-71.004883,-54.24668],[-71.143262,-54.374023],[-71.670605,-54.225391],[-71.972363,-54.207227],[-72.068945,-53.921289],[-71.390479,-54.032813]]],[[[-73.735352,-44.394531],[-73.996045,-44.537988],[-73.827881,-44.839844],[-73.727148,-45.119043],[-73.770996,-45.276563],[-74.01626,-45.344922],[-74.267969,-45.058984],[-74.617773,-44.647949],[-74.301221,-44.395703],[-74.108105,-44.275879],[-73.864551,-44.185352],[-73.735352,-44.394531]]],[[[-72.986133,-44.780078],[-73.420068,-44.724805],[-73.281982,-44.489551],[-73.207715,-44.334961],[-72.764062,-44.549023],[-72.986133,-44.780078]]],[[[-75.04248,-44.890137],[-75.06748,-44.906543],[-75.09873,-44.901758],[-75.124219,-44.869922],[-75.142139,-44.815625],[-75.107422,-44.795117],[-75.079492,-44.795117],[-75.048437,-44.823926],[-75.032227,-44.870508],[-75.04248,-44.890137]]],[[[-75.302002,-50.67998],[-75.452637,-50.68252],[-75.427637,-50.480566],[-75.160449,-50.554395],[-75.302002,-50.67998]]],[[[-75.106689,-48.836523],[-75.506104,-49.230664],[-75.487646,-49.082422],[-75.637842,-48.942578],[-75.490479,-48.850488],[-75.106689,-48.836523]]],[[[-75.112207,-47.837695],[-75.18584,-47.850684],[-75.194336,-47.818066],[-75.261035,-47.763867],[-75.203125,-47.728027],[-75.089844,-47.690625],[-75.003955,-47.694727],[-74.926465,-47.723145],[-74.916016,-47.756641],[-75.05127,-47.800488],[-75.084473,-47.824512],[-75.112207,-47.837695]]],[[[-74.66875,-43.607812],[-74.810449,-43.625391],[-74.842676,-43.595508],[-74.841992,-43.570312],[-74.817676,-43.549414],[-74.74502,-43.535938],[-74.697461,-43.553027],[-74.672656,-43.577441],[-74.664795,-43.599609],[-74.66875,-43.607812]]],[[[-73.632178,-44.821484],[-73.734863,-44.75166],[-73.779492,-44.55918],[-73.628223,-44.680762],[-73.632178,-44.821484]]],[[[-74.558643,-51.277051],[-74.690723,-51.370215],[-74.93667,-51.42832],[-75.289111,-51.625391],[-75.153662,-51.278809],[-74.611572,-51.207129],[-74.558643,-51.277051]]],[[[-75.054785,-50.296094],[-75.412109,-50.256641],[-75.32666,-50.011816],[-74.875977,-50.109961],[-75.054785,-50.296094]]],[[[-73.810645,-43.827246],[-73.938281,-43.914258],[-74.139941,-43.820996],[-73.810645,-43.827246]]],[[[-74.142187,-51.931055],[-74.423633,-51.845117],[-74.362109,-51.750684],[-74.11543,-51.888477],[-74.142187,-51.931055]]],[[[-74.312891,-45.691504],[-74.677734,-45.738574],[-74.494678,-45.425879],[-74.310547,-45.172656],[-74.229199,-45.611328],[-74.312891,-45.691504]]],[[[-67.575195,-55.889648],[-67.846436,-55.857227],[-67.544824,-55.825977],[-67.575195,-55.889648]]],[[[-66.472119,-55.229102],[-66.551709,-55.272852],[-66.611133,-55.269922],[-66.630176,-55.254102],[-66.636621,-55.234375],[-66.624756,-55.213086],[-66.599707,-55.193652],[-66.541553,-55.169434],[-66.523145,-55.165527],[-66.435791,-55.189746],[-66.472119,-55.229102]]],[[[-70.991602,-54.867969],[-70.749316,-54.952734],[-70.283057,-55.065918],[-70.543457,-55.161328],[-70.640918,-55.084863],[-70.939844,-55.061914],[-71.120361,-54.937793],[-71.325342,-54.91377],[-71.437207,-54.889258],[-71.088623,-54.86748],[-70.991602,-54.867969]]],[[[-67.288867,-55.776855],[-67.559961,-55.724805],[-67.448828,-55.640625],[-67.310449,-55.688672],[-67.288867,-55.776855]]]]}},{"type":"Feature","geometry":{"type":"Polygon","coordinates":[[[23.980273,19.496631],[23.981836,17.712402],[23.983301,15.928125],[23.945996,15.703516],[23.243457,15.697217],[22.969531,15.311328],[22.802148,15.044434],[22.682422,14.788623],[22.467773,14.63335],[22.425,14.441211],[22.528223,14.203223],[22.339355,14.028857],[22.128223,13.850146],[22.202344,13.538086],[22.202637,13.269336],[21.841797,12.864746],[21.928125,12.678125],[22.352344,12.660449],[22.475488,12.129248],[22.580957,11.990137],[22.697363,11.482666],[22.922656,11.344873],[22.860059,10.919678],[22.493848,10.99624],[22.15625,10.826074],[21.964844,10.73667],[21.706543,10.537891],[21.632715,10.238281],[21.395996,10.001367],[20.98418,9.636279],[20.659668,9.324512],[20.072656,9.133203],[19.61748,9.023584],[18.95625,8.938867],[18.886035,8.836035],[19.042383,8.590283],[18.747461,8.243799],[18.56416,8.045898],[17.76084,7.973828],[17.402148,7.88457],[16.890332,7.633691],[16.588965,7.743359],[16.459375,7.818994],[16.030664,7.572119],[15.589258,7.515039],[15.557813,7.738037],[15.349023,8.083838],[14.860742,8.798633],[14.536133,9.025244],[14.06416,9.531738],[14.139746,9.901807],[14.83584,9.941699],[15.32002,9.954297],[15.399902,10.216895],[15.068652,10.851074],[15.121973,11.54126],[15.059863,11.907129],[14.84707,12.5021],[14.516211,12.979736],[13.932324,13.258496],[13.448242,14.380664],[14.178223,15.484766],[15.474316,16.908398],[15.637598,18.81084],[15.766211,19.982568],[15.668457,20.672363],[15.293652,21.411523],[15.172266,21.92207],[15.627148,23.285742],[17.273242,22.808691],[19.189453,21.862402],[21.105859,20.916113],[23.022168,19.969775],[23.980273,19.496631]]]}},{"type":"Feature","geometry":{"type":"Polygon","coordinates":[[[24.147363,8.665625],[24.208398,8.369141],[24.736719,8.191553],[25.247363,7.724561],[25.278906,7.42749],[26.036523,6.955225],[26.361816,6.635303],[26.420508,6.27417],[26.726367,5.998242],[27.143945,5.722949],[27.23252,5.440771],[27.114941,5.197852],[26.82207,5.062402],[25.819922,5.253711],[25.283105,5.062695],[24.765527,4.930078],[23.991699,4.86626],[23.417188,4.663135],[22.992871,4.743848],[22.617188,4.445557],[22.422168,4.134961],[21.350195,4.311377],[20.955762,4.413135],[20.486523,4.541553],[19.8625,5.031299],[19.323438,5.070752],[18.594141,4.34624],[18.59668,3.678711],[18.474414,3.622998],[18.160938,3.499805],[17.947949,3.551758],[17.537695,3.661621],[17.224707,3.598437],[16.610742,3.505371],[16.476758,3.165137],[16.468555,2.831738],[16.183398,2.270068],[16.101855,2.632666],[16.082422,2.839111],[15.928711,3.075781],[15.676563,3.229687],[15.239844,3.702148],[15.067383,4.022949],[15.0875,4.163965],[14.77041,4.558105],[14.640625,5.179053],[14.568066,5.351074],[14.616895,5.865137],[14.503125,5.916895],[14.475,6.126807],[14.739258,6.279785],[14.982715,6.745312],[15.18584,7.134912],[15.480078,7.523779],[15.957617,7.507568],[16.404395,7.772363],[16.550195,7.835889],[16.818164,7.557324],[17.246973,7.812988],[17.649414,7.983594],[18.455078,8.032031],[18.666211,8.197705],[19.039844,8.586914],[19.06416,8.71543],[18.888281,8.889746],[19.400293,9.011621],[19.953516,9.075146],[20.631445,9.301367],[20.891016,9.527148],[21.352441,9.969141],[21.575781,10.218555],[21.726172,10.461621],[21.771484,10.642822],[22.097168,10.830078],[22.369824,10.951514],[22.817383,10.927197],[23.255859,10.457812],[23.646289,9.8229],[23.596094,9.261914],[23.528027,8.970605],[23.679297,8.732471],[24.147363,8.665625]]]}},{"type":"Feature","geometry":{"type":"MultiPolygon","coordinates":[[[[-25.169824,16.946484],[-25.267236,16.925928],[-25.308301,16.93584],[-25.321924,17.015381],[-25.341553,17.067725],[-25.337109,17.091016],[-25.113477,17.193652],[-25.034668,17.176465],[-24.979687,17.094727],[-25.01709,17.049316],[-25.169824,16.946484]]],[[[-23.444238,15.007959],[-23.78501,15.076904],[-23.748096,15.328516],[-23.535254,15.139258],[-23.444238,15.007959]]],[[[-24.887061,16.818115],[-24.969141,16.794189],[-25.019971,16.797217],[-25.093066,16.83252],[-25.070117,16.870703],[-24.991016,16.913232],[-24.936475,16.922119],[-24.891895,16.846484],[-24.887061,16.818115]]],[[[-22.917725,16.237256],[-22.834326,16.218994],[-22.802637,16.225537],[-22.749414,16.221533],[-22.692627,16.169043],[-22.681885,16.113281],[-22.710107,16.043359],[-22.820508,15.986035],[-22.884082,15.992725],[-22.959277,16.045117],[-22.916113,16.148438],[-22.917725,16.237256]]],[[[-24.308252,14.856299],[-24.386133,14.818213],[-24.440527,14.834814],[-24.492188,14.874219],[-24.51709,14.93125],[-24.496875,14.980273],[-24.391992,15.038281],[-24.329492,15.019482],[-24.295801,14.929541],[-24.308252,14.856299]]],[[[-24.087695,16.62251],[-24.046387,16.593066],[-24.032715,16.572021],[-24.094141,16.561035],[-24.243066,16.599414],[-24.282812,16.575928],[-24.322363,16.493115],[-24.398096,16.618408],[-24.39292,16.664453],[-24.376709,16.677783],[-24.271094,16.644873],[-24.087695,16.62251]]],[[[-22.88833,16.659082],[-22.920264,16.60791],[-22.959424,16.683057],[-22.980615,16.700879],[-22.990918,16.808838],[-22.93291,16.841016],[-22.904736,16.84375],[-22.903906,16.732129],[-22.88833,16.659082]]],[[[-23.182129,15.136768],[-23.209961,15.133105],[-23.251807,15.178125],[-23.24248,15.240527],[-23.247168,15.256982],[-23.210254,15.323535],[-23.137744,15.317725],[-23.119336,15.268408],[-23.115869,15.16665],[-23.182129,15.136768]]]]}},{"type":"Feature","geometry":{"type":"MultiPolygon","coordinates":[[[[-132.655518,54.12749],[-132.261621,54.076318],[-132.175098,53.846533],[-132.567139,53.663965],[-132.17168,53.706836],[-132.135889,53.99585],[-131.695947,54.143164],[-131.821143,53.841504],[-131.957422,53.308691],[-132.674805,53.263184],[-132.54624,53.359277],[-132.670166,53.458594],[-132.913379,53.629199],[-133.097949,54.005615],[-132.893066,54.140771],[-132.655518,54.12749]]],[[[-131.753711,53.195557],[-131.795264,52.885059],[-131.904395,52.866699],[-131.455225,52.701709],[-131.42998,52.422119],[-131.259961,52.390039],[-131.142627,52.291113],[-131.511133,52.32207],[-132.092236,52.752783],[-132.258105,52.933887],[-132.468701,53.071875],[-132.34541,53.136084],[-131.893115,53.231445],[-131.753711,53.195557]]],[[[-127.197314,50.640381],[-125.615234,50.358545],[-125.313965,50.106689],[-124.904639,49.685352],[-124.642871,49.428662],[-123.937158,49.170801],[-123.626563,48.824023],[-123.443066,48.690479],[-123.283789,48.455176],[-123.48457,48.400098],[-123.916943,48.386572],[-124.868262,48.653613],[-125.135693,48.822412],[-124.800244,49.141553],[-124.868311,49.078516],[-125.362744,48.998242],[-125.660498,49.02915],[-125.644238,49.185791],[-125.796387,49.260205],[-125.983838,49.287891],[-126.04834,49.379004],[-126.243604,49.442676],[-126.418604,49.449023],[-126.548535,49.418945],[-126.442773,49.619287],[-126.403174,49.677734],[-126.592871,49.764111],[-126.90332,49.944141],[-127.04873,49.871533],[-127.20752,49.992432],[-127.215674,50.121484],[-127.290039,50.07085],[-127.467139,50.163428],[-127.863916,50.127734],[-127.85083,50.313721],[-127.874023,50.463965],[-127.486523,50.404639],[-127.465918,50.583105],[-127.731152,50.535742],[-128.135645,50.520557],[-128.30083,50.794141],[-127.713037,50.820752],[-127.197314,50.640381]]],[[[-130.025098,55.888232],[-130.097852,56.109277],[-130.649072,56.263672],[-131.199414,56.449219],[-131.651514,56.596094],[-131.866162,56.792822],[-132.031543,57.026562],[-132.232178,57.198535],[-132.691504,57.645117],[-133.12041,58.077734],[-133.546387,58.503467],[-134.069189,58.795508],[-134.363525,58.96875],[-134.621973,59.155322],[-134.94375,59.288281],[-135.051025,59.578662],[-135.702588,59.72876],[-136.247119,59.53291],[-136.466748,59.279932],[-137.126221,59.040967],[-137.48418,58.991211],[-137.870557,59.373584],[-138.453613,59.683398],[-139.043457,59.993262],[-139.079248,60.343701],[-139.830664,60.252881],[-140.525439,60.218359],[-141.002148,60.884668],[-141.002148,62.053467],[-141.002148,63.222266],[-141.002148,64.391113],[-141.002148,65.559912],[-141.002148,66.72876],[-141.002148,67.897559],[-141.002148,69.066357],[-140.405127,69.60249],[-138.291016,69.219043],[-137.07041,68.950879],[-135.86665,68.832617],[-135.406934,68.828955],[-135.894727,68.926709],[-135.695215,69.000635],[-135.742627,69.049414],[-135.614941,69.291016],[-135.229785,69.425195],[-134.493848,69.46792],[-134.473682,69.632812],[-134.189893,69.638818],[-133.879785,69.507715],[-134.174316,69.252832],[-133.293652,69.412158],[-132.915332,69.629639],[-132.403906,69.65874],[-132.570605,69.706689],[-132.232422,69.708154],[-131.440918,69.91792],[-131.031836,69.979492],[-130.498437,70.143164],[-130.043311,70.095068],[-129.675635,70.192969],[-129.648291,69.997754],[-130.960107,69.632031],[-131.862793,69.549365],[-132.196826,69.364697],[-132.81748,69.205762],[-133.378955,68.88667],[-133.196826,68.739844],[-133.33667,68.835254],[-132.532666,68.875635],[-132.764697,68.972461],[-132.545166,69.140625],[-131.919629,69.290527],[-131.820166,69.401611],[-131.34292,69.4354],[-131.209033,69.432178],[-131.013428,69.428711],[-130.914307,69.284863],[-130.353613,69.655811],[-129.109131,69.881934],[-128.883691,69.963477],[-129.15791,69.800098],[-128.971436,69.712402],[-128.35918,69.987598],[-127.683789,70.260352],[-127.988916,70.363135],[-128.127295,70.523828],[-127.752832,70.517139],[-126.926807,70.061719],[-126.612158,69.730322],[-125.727783,69.37998],[-125.166846,69.479785],[-125.219385,69.732373],[-125.07959,69.817822],[-124.793652,69.968506],[-124.962598,70.012598],[-124.706348,70.116992],[-124.444482,70.110596],[-124.406934,69.767432],[-124.398389,69.493848],[-124.426172,69.379443],[-123.609131,69.377441],[-123.248975,69.52002],[-123.076611,69.782471],[-122.704883,69.817383],[-121.531104,69.775781],[-120.292529,69.420557],[-118.744873,69.234277],[-117.830322,68.999902],[-117.025732,68.915967],[-116.222705,68.846826],[-116.243408,68.974072],[-115.806348,68.986621],[-114.99375,68.850049],[-114.11084,68.477344],[-113.964404,68.399072],[-114.274756,68.247852],[-115.175928,68.104395],[-115.426855,67.923535],[-115.011182,67.806396],[-114.267041,67.731152],[-113.681934,67.699951],[-112.503027,67.681934],[-112.101318,67.731738],[-111.29082,67.815234],[-110.990039,67.79082],[-110.101953,67.992236],[-109.904248,67.873535],[-109.630371,67.732715],[-108.994482,67.637109],[-108.852002,67.421973],[-108.61333,67.598047],[-107.988721,67.256396],[-107.991309,67.095166],[-108.459082,67.09043],[-108.157666,66.892627],[-107.957959,66.781299],[-107.373682,66.434668],[-107.564453,66.618506],[-107.745996,66.961475],[-107.45127,66.926758],[-107.200195,66.882568],[-107.347852,67.054785],[-107.56748,67.273047],[-107.649902,67.511279],[-107.972119,67.732031],[-107.728613,67.958838],[-107.509375,68.059131],[-107.124805,68.108447],[-106.790723,68.144824],[-106.459473,68.195654],[-106.27124,68.383203],[-105.856934,68.475146],[-105.932227,68.636523],[-106.543311,68.460596],[-106.853711,68.386816],[-107.298145,68.296436],[-107.734229,68.252051],[-108.10459,68.169287],[-108.686572,68.277344],[-108.313477,68.610791],[-106.713477,68.819482],[-105.797949,68.864795],[-105.456934,68.578076],[-105.101318,68.297998],[-104.936719,68.303027],[-104.653174,68.230078],[-104.486816,68.063184],[-103.657227,68.069092],[-102.841553,67.852734],[-102.209766,67.732715],[-101.55498,67.693164],[-100.745605,67.809082],[-100.212939,67.838574],[-99.146875,67.723633],[-98.697266,67.779736],[-98.467822,67.855811],[-98.720068,68.041992],[-98.414795,67.988428],[-97.607422,67.631055],[-97.15542,67.726416],[-97.206543,67.855078],[-97.91333,67.953564],[-98.500293,68.117676],[-98.44917,68.200781],[-98.562256,68.37085],[-98.090527,68.346338],[-97.925098,68.523682],[-97.481104,68.495166],[-97.135986,68.377979],[-96.628174,68.250293],[-96.725146,68.06123],[-96.493701,68.084961],[-95.970312,68.249121],[-96.228467,67.679199],[-96.18501,67.375586],[-95.879102,67.298486],[-95.777686,67.184619],[-95.415918,67.155566],[-95.456982,66.989453],[-95.768652,66.966699],[-96.095459,66.993555],[-96.422559,67.051758],[-95.813281,66.690137],[-95.772119,66.726074],[-95.972363,66.952246],[-95.354102,66.980713],[-95.389551,67.517822],[-95.460693,68.021387],[-95.125879,68.083301],[-94.485303,68.190088],[-93.927734,68.473828],[-93.605811,68.623682],[-93.662793,68.838184],[-93.811328,68.992676],[-93.938086,68.889063],[-94.47832,68.742773],[-94.475635,68.958154],[-94.221826,69.136377],[-94.254736,69.31377],[-93.612646,69.402832],[-93.56748,69.296875],[-93.542871,69.406445],[-93.794385,69.497852],[-94.270801,69.455127],[-94.633838,69.649658],[-94.82251,69.577783],[-95.707422,69.778223],[-96.119092,69.871875],[-96.551367,70.210303],[-96.297705,70.511377],[-95.878613,70.548975],[-95.906396,70.697754],[-96.548926,70.80874],[-96.524756,71.127051],[-96.446582,71.239893],[-96.062012,71.413867],[-95.725391,71.328174],[-95.40625,71.49165],[-95.830371,71.526074],[-95.51167,71.776807],[-94.611133,71.986865],[-94.30835,71.764893],[-93.746289,71.742822],[-93.575879,71.568701],[-92.982568,71.300342],[-92.904199,70.916064],[-92.783008,70.798145],[-92.355811,70.634277],[-92.037207,70.367383],[-91.926221,70.294775],[-91.715625,70.299219],[-91.616113,70.147852],[-92.208643,70.19751],[-92.454687,70.150439],[-92.057715,70.071436],[-92.750928,69.713916],[-92.642822,69.659277],[-92.258301,69.634326],[-91.532373,69.615039],[-91.170312,69.620313],[-91.288135,69.543213],[-90.554932,69.504492],[-90.605566,69.445312],[-90.822119,69.290479],[-91.024854,69.315234],[-91.237207,69.285547],[-90.468359,68.86377],[-90.525244,68.611279],[-90.360059,68.346729],[-90.204785,68.257471],[-90.005322,68.398047],[-89.884229,68.625586],[-89.666602,69.0146],[-89.198486,69.269482],[-88.637744,69.058838],[-87.964355,68.709277],[-87.810303,68.40415],[-87.892676,68.248145],[-88.209082,68.334863],[-88.319629,68.165771],[-87.997168,67.625684],[-87.391943,67.191064],[-87.083203,67.267773],[-86.682031,67.422314],[-86.503516,67.649463],[-85.984473,68.045361],[-85.722803,68.515479],[-85.643164,68.699707],[-85.425049,68.774268],[-84.86748,68.790381],[-85.008301,68.949219],[-84.862207,69.073975],[-85.275488,69.172314],[-85.416406,69.410889],[-85.439502,69.519922],[-85.502441,69.651514],[-85.534814,69.835059],[-85.176807,69.805127],[-84.318799,69.843701],[-83.551709,69.703955],[-82.37417,69.641797],[-82.754834,69.494385],[-82.208154,69.297021],[-81.951807,69.276074],[-81.321582,69.138916],[-81.95166,68.909082],[-81.380908,68.850049],[-81.259131,68.692432],[-81.831396,68.486865],[-82.210156,68.50625],[-82.552686,68.446484],[-82.430664,68.306592],[-82.186572,68.134424],[-82.0125,68.193896],[-82.100488,67.989844],[-81.708594,67.722363],[-81.270117,67.459912],[-81.467578,67.069873],[-81.925537,66.974707],[-82.260547,66.739111],[-82.948877,66.55083],[-83.523096,66.36875],[-83.739209,66.534375],[-84.154443,66.731689],[-84.361084,66.822559],[-84.530664,66.961328],[-85.040039,66.956055],[-84.977979,66.88125],[-84.638574,66.902344],[-84.223047,66.682471],[-83.964209,66.420557],[-83.905078,66.211768],[-84.398437,66.25874],[-84.908398,66.271338],[-85.442236,66.537354],[-86.633203,66.531348],[-86.700146,66.442773],[-86.584766,66.321924],[-85.964258,66.154443],[-86.701953,65.670557],[-87.291455,65.354834],[-88.120996,65.39458],[-88.743945,65.67876],[-89.420361,65.860791],[-89.943994,65.933594],[-90.116602,65.882422],[-90.825732,65.953857],[-91.427246,65.9479],[-91.064941,65.899902],[-90.047559,65.805615],[-89.241748,65.446387],[-87.929541,65.280322],[-87.002686,65.108594],[-87.88501,64.400439],[-88.378955,64.089258],[-89.059619,64.034424],[-89.131543,63.968506],[-89.500928,64.014502],[-89.763818,64.099512],[-90.080029,64.127734],[-89.855713,63.956982],[-90.059619,63.87749],[-90.245313,63.641895],[-90.596387,63.661279],[-90.945654,63.587842],[-91.926025,63.75708],[-91.928906,63.812451],[-92.195215,63.775977],[-93.429688,64.028809],[-93.655811,63.972803],[-93.270215,63.840869],[-93.405859,63.941211],[-92.529248,63.76123],[-92.205029,63.656787],[-92.076611,63.63999],[-91.489307,63.562207],[-90.746582,63.351563],[-90.727637,63.01748],[-91.114893,62.921582],[-92.034229,62.863428],[-92.361279,62.819385],[-92.305176,62.71167],[-91.93584,62.592383],[-92.207227,62.585352],[-92.497363,62.564844],[-92.707422,62.418213],[-92.627441,62.279053],[-92.648096,62.207764],[-93.205371,62.364941],[-92.905518,62.215137],[-93.01626,62.092676],[-93.366357,62.014551],[-93.372021,61.928955],[-93.429932,61.812109],[-93.420605,61.705811],[-93.889258,61.364062],[-94.083447,61.303662],[-94.154053,61.025439],[-94.568896,60.541992],[-94.670654,60.45332],[-94.785791,59.95332],[-94.870264,59.087988],[-94.74375,58.975439],[-94.579199,58.868457],[-94.280811,58.658936],[-94.208936,58.626367],[-93.486182,58.744482],[-93.15459,58.69458],[-92.841748,58.075879],[-92.449414,57.384863],[-92.548486,57.110937],[-92.802393,56.92832],[-92.510303,57.022314],[-92.372119,56.975146],[-91.111279,57.241211],[-90.075195,57.051904],[-88.948486,56.851318],[-88.271338,56.535693],[-87.482422,56.021289],[-86.138672,55.717871],[-85.559326,55.540186],[-85.218018,55.348975],[-85.213574,55.224365],[-84.705762,55.259229],[-84.105371,55.29082],[-83.667676,55.264502],[-82.947021,55.222217],[-82.577441,55.14873],[-82.219385,54.813477],[-82.394141,54.180469],[-82.141455,53.817627],[-82.146191,53.3646],[-82.291602,53.066113],[-82.107959,52.877393],[-81.599414,52.432617],[-81.776367,52.253613],[-81.549512,52.236768],[-81.127197,52.04541],[-80.588037,51.667236],[-80.495508,51.344678],[-80.677246,51.190869],[-80.103564,51.282861],[-79.456152,50.875586],[-79.636182,51.049023],[-79.723242,51.25166],[-79.547461,51.493848],[-79.296973,51.622803],[-79.090869,51.501709],[-78.936914,51.259131],[-78.827441,51.42998],[-78.977734,51.733789],[-78.87124,51.913428],[-78.537354,52.213281],[-78.526074,52.310693],[-78.723779,52.627734],[-78.72168,52.856445],[-78.947119,53.206201],[-79.113135,53.717188],[-78.945703,53.831592],[-79.073291,53.951416],[-79.241797,54.098877],[-79.215967,54.185693],[-79.475977,54.394775],[-79.67041,54.646826],[-78.909229,54.881494],[-78.128857,55.151318],[-77.324951,55.555518],[-76.761816,55.996436],[-76.529834,56.499951],[-76.601416,57.272266],[-76.890918,57.758105],[-77.684082,58.291357],[-78.462988,58.602441],[-78.482617,58.829102],[-78.140234,59.141748],[-77.760693,59.380029],[-77.749023,59.558154],[-77.59043,59.680518],[-77.485303,59.68457],[-77.368408,59.884375],[-77.547168,60.061133],[-77.452881,60.145801],[-77.503564,60.542725],[-77.79082,60.639844],[-77.589551,60.808594],[-78.122461,60.809619],[-77.830127,61.084033],[-77.749609,61.393018],[-77.698438,61.626416],[-78.021387,61.83208],[-78.133398,62.282275],[-77.603955,62.531396],[-76.616357,62.465674],[-75.789844,62.17959],[-75.114014,62.270752],[-74.612891,62.125195],[-74.205469,62.321387],[-73.705078,62.473145],[-73.195166,62.27915],[-72.734961,62.131104],[-72.633105,62.052783],[-72.727393,61.838623],[-72.360742,61.887793],[-72.081445,61.728271],[-72.24707,61.602051],[-71.922266,61.676953],[-71.619434,61.5729],[-71.854395,61.439795],[-71.732129,61.37207],[-71.348437,61.148975],[-70.540771,61.04248],[-70.157959,61.020654],[-69.992432,60.856494],[-69.677588,60.949561],[-69.50332,61.04043],[-69.404736,60.846777],[-69.640479,60.689795],[-69.755908,60.388525],[-69.62876,60.198584],[-69.795654,60.029736],[-70.619727,59.984277],[-69.733936,59.918018],[-69.579395,59.675098],[-69.710889,59.392529],[-69.350439,59.277197],[-69.420313,59.068213],[-69.531641,58.869238],[-69.753027,58.9396],[-69.828613,58.905371],[-70.159961,58.789404],[-69.789893,58.689307],[-69.173486,58.896631],[-68.637305,58.892871],[-68.381152,58.743506],[-68.229395,58.48457],[-68.468164,58.076318],[-69.035449,57.926025],[-68.413574,58.051758],[-68.111035,58.47334],[-67.888281,58.295752],[-67.855859,58.272607],[-67.737061,58.385449],[-67.697656,58.00874],[-67.596338,58.186133],[-67.019434,58.43291],[-66.557715,58.636621],[-66.298535,58.794531],[-66.044629,58.605615],[-65.93125,58.535059],[-66.021289,58.734766],[-65.854834,58.846631],[-65.841406,58.977051],[-65.720996,59.023779],[-65.39624,59.038428],[-65.639844,59.127734],[-65.660742,59.229688],[-65.512793,59.350391],[-65.475098,59.470312],[-65.038232,59.387891],[-65.345508,59.511035],[-65.480859,59.690234],[-65.28877,59.818066],[-65.113281,59.801611],[-65.104883,59.993408],[-64.84502,60.308301],[-64.436328,60.228125],[-64.768457,60.012109],[-64.283496,60.064062],[-64.150684,59.793604],[-63.928809,59.644922],[-63.970703,59.409082],[-63.775879,59.277148],[-63.415137,59.194385],[-63.910498,59.065576],[-63.567871,59.047021],[-63.22251,59.057178],[-63.216406,58.927979],[-63.050293,58.878174],[-63.102344,58.545752],[-63.537061,58.329932],[-63.145508,58.460449],[-62.837402,58.479395],[-62.674316,58.319189],[-63.261523,58.014697],[-62.588086,58.158105],[-62.117432,57.964111],[-61.967773,57.80332],[-62.083984,57.561914],[-62.377148,57.477979],[-62.303223,57.440674],[-61.851074,57.381299],[-61.977441,57.247949],[-61.716309,57.196191],[-61.390479,56.852979],[-62.0625,56.699072],[-62.372021,56.836182],[-62.116504,56.666846],[-61.737744,56.526025],[-61.94043,56.423584],[-61.498682,56.327588],[-61.421094,56.221826],[-61.448926,56.022363],[-61.133887,55.930273],[-60.892676,55.914209],[-60.630957,55.825],[-60.412598,55.788574],[-60.351953,55.612354],[-60.360937,55.366309],[-60.617139,55.060205],[-59.930322,55.259424],[-59.689062,55.196338],[-59.48584,55.130176],[-59.749902,54.887012],[-59.25957,55.199951],[-58.885791,54.952246],[-58.222852,54.812695],[-57.929297,54.773145],[-57.483008,54.640283],[-57.563232,54.44043],[-58.161914,54.319971],[-58.558398,54.102979],[-58.920215,54.033105],[-59.201416,53.929102],[-59.823047,53.834424],[-60.081348,53.701025],[-60.26333,53.610059],[-60.100293,53.486963],[-60.251172,53.343555],[-60.329492,53.266113],[-59.829053,53.504541],[-59.129395,53.743945],[-58.088086,54.089502],[-58.177441,54.131299],[-58.309961,54.20166],[-57.198877,53.924365],[-57.243994,53.715479],[-57.420215,53.583252],[-57.012158,53.672607],[-56.46499,53.765039],[-56.110156,53.587598],[-55.863379,53.312256],[-55.808203,53.134668],[-55.87251,52.735693],[-56.166992,52.574756],[-56.052588,52.537402],[-55.716211,52.391504],[-56.004639,52.37041],[-55.672803,52.190137],[-56.548584,51.681006],[-57.299219,51.478271],[-58.022656,51.32207],[-58.510352,51.295068],[-59.054932,50.879102],[-59.815332,50.418262],[-60.608203,50.221143],[-61.289746,50.201953],[-62.165234,50.238916],[-62.830225,50.301465],[-63.58667,50.258203],[-64.17041,50.269434],[-65.268604,50.32002],[-66.242187,50.220361],[-66.550049,50.161182],[-67.234375,49.601758],[-67.549268,49.332275],[-68.294531,49.114355],[-68.669043,48.939502],[-69.550098,48.250781],[-70.001025,48.270947],[-70.922607,48.422314],[-70.145312,48.243555],[-69.839844,47.952588],[-70.448047,47.423438],[-71.267773,46.795947],[-72.028467,46.607422],[-72.842676,46.262402],[-73.179687,46.025],[-73.797852,45.654932],[-74.247656,45.492871],[-74.358301,45.206396],[-74.996143,44.970117],[-75.819336,44.468018],[-76.185791,44.242236],[-76.696484,43.784814],[-77.596533,43.628613],[-78.72041,43.624951],[-79.083057,43.331396],[-79.029053,43.061768],[-78.945996,42.961328],[-79.036719,42.802344],[-80.035742,42.441455],[-81.277637,42.20918],[-82.21333,41.778711],[-83.02998,41.832959],[-83.073145,42.300293],[-82.645117,42.558057],[-82.408203,43.072656],[-82.196582,43.822217],[-82.368262,44.572998],[-82.515234,45.204395],[-83.179297,45.632764],[-83.480127,46.02373],[-83.763184,46.109082],[-84.088379,46.226514],[-84.128125,46.483594],[-84.192187,46.549561],[-84.501562,46.461865],[-84.827051,46.766846],[-85.458203,47.139941],[-86.234473,47.460059],[-86.921826,47.735205],[-87.920508,48.130371],[-88.611768,48.264014],[-89.273193,48.019971],[-89.901025,47.995459],[-90.320117,48.09917],[-90.840332,48.200537],[-91.387207,48.058545],[-92.005176,48.301855],[-92.4146,48.276611],[-92.732666,48.531836],[-93.155225,48.625342],[-93.564258,48.536914],[-94.055176,48.659033],[-94.705078,48.808496],[-94.842578,49.119189],[-94.939355,49.349414],[-95.3979,48.993164],[-97.103467,48.993164],[-98.808984,48.993164],[-100.514502,48.993115],[-102.22002,48.993115],[-103.925586,48.993115],[-105.631104,48.993115],[-107.336621,48.993115],[-109.042139,48.993115],[-110.747656,48.993066],[-112.453223,48.993066],[-114.15874,48.993066],[-115.864258,48.993066],[-117.569775,48.993066],[-119.275342,48.993066],[-120.980859,48.993018],[-122.686377,48.993018],[-122.962695,49.074609],[-123.063281,48.977734],[-123.109326,49.084619],[-123.181885,49.129492],[-123.183936,49.277734],[-122.879102,49.398926],[-123.276758,49.343945],[-123.247705,49.443018],[-123.1875,49.680322],[-123.335645,49.45918],[-123.530566,49.397314],[-124.028613,49.602881],[-123.959521,49.736182],[-123.739062,49.593555],[-123.762695,49.658496],[-123.904248,49.981152],[-123.787695,50.106738],[-123.945898,50.183936],[-123.971387,49.969531],[-124.141602,49.792676],[-124.702295,49.957666],[-124.93335,50.2979],[-124.936816,50.537402],[-124.875439,50.825635],[-124.931055,50.718408],[-125.209863,50.476318],[-125.539355,50.649023],[-125.641309,50.466211],[-125.8396,50.510645],[-126.236572,50.523291],[-126.416113,50.606982],[-125.904102,50.704932],[-126.514355,50.679395],[-126.374609,50.837354],[-126.484619,50.960498],[-126.9604,50.893701],[-127.356934,50.945557],[-127.714307,51.268652],[-127.346582,51.642383],[-126.691455,51.703418],[-127.575732,51.562939],[-127.714063,51.490186],[-127.850537,51.673193],[-127.727637,51.993213],[-127.67334,52.25293],[-127.175732,52.314844],[-126.826318,52.125146],[-126.895215,52.225488],[-127.160596,52.394873],[-126.995215,52.65791],[-127.008252,52.842578],[-127.034863,52.681738],[-127.560303,52.343213],[-127.902197,52.150879],[-128.357617,52.158887],[-128.051562,52.45332],[-128.038232,52.531152],[-128.275146,52.435498],[-128.053271,52.910693],[-128.524707,53.140674],[-129.129541,53.442285],[-128.935596,53.715186],[-128.833057,53.549414],[-128.291064,53.457861],[-127.950049,53.329834],[-128.469629,53.470898],[-128.750781,53.66084],[-128.714746,53.81001],[-128.650879,53.918848],[-128.943994,53.840039],[-129.208105,53.641602],[-129.284277,53.393164],[-129.821777,53.412744],[-130.335254,53.723926],[-130.043311,54.133545],[-129.898437,54.226367],[-130.430273,54.420996],[-130.350488,54.655322],[-130.108643,54.887256],[-129.560645,55.462549],[-129.73418,55.458008],[-129.815625,55.417578],[-130.048486,55.057275],[-129.985156,55.358838],[-130.094678,55.694775],[-130.025098,55.888232]]],[[[-109.815967,78.650391],[-109.467285,78.567188],[-109.3521,78.368652],[-110.021875,78.322803],[-110.840039,78.322314],[-111.300488,78.336572],[-112.13125,78.366064],[-113.223047,78.2979],[-112.855859,78.466846],[-111.519873,78.603223],[-110.618066,78.757812],[-109.815967,78.650391]]],[[[-110.458057,78.103223],[-109.679395,77.999316],[-110.865625,77.834131],[-110.292187,77.786377],[-110.117578,77.715576],[-110.371533,77.490625],[-111.226221,77.428516],[-112.643799,77.443701],[-113.197119,77.558838],[-113.120654,77.632617],[-113.283447,77.813037],[-113.187061,77.912354],[-111.206592,78.088135],[-110.458057,78.103223]]],[[[-115.55127,77.363281],[-115.623926,77.265918],[-116.073096,77.02998],[-116.109766,76.918213],[-116.016211,76.784521],[-116.076221,76.653516],[-117.016797,76.496094],[-117.107764,76.321924],[-117.492383,76.272705],[-118.020215,76.446533],[-117.807617,76.733936],[-118.076416,76.772363],[-118.409131,76.662305],[-118.731543,76.525586],[-118.643896,76.417529],[-118.851123,76.257812],[-119.168213,76.126514],[-119.488818,76.320312],[-119.650781,76.243701],[-119.725195,76.099951],[-119.537744,75.982178],[-119.912891,75.858838],[-120.458301,75.870166],[-120.728662,76.134082],[-120.900098,76.163428],[-121.427979,75.981104],[-122.302734,75.959814],[-122.640479,76.009082],[-122.548193,76.097314],[-122.592725,76.162061],[-122.878271,76.164795],[-122.365381,76.401221],[-121.102002,76.660742],[-120.357666,76.886914],[-119.494824,77.176904],[-118.005176,77.381201],[-117.148975,77.36084],[-116.703613,77.379932],[-117.039746,77.465137],[-116.362598,77.542822],[-115.55127,77.363281]]],[[[-108.292383,76.057129],[-107.776855,76.035303],[-107.755176,75.940283],[-107.917529,75.802148],[-107.216211,75.891553],[-106.970947,75.773096],[-106.891699,75.782422],[-106.820068,75.872412],[-106.677002,76.02373],[-105.711328,75.966992],[-105.480908,75.745654],[-105.702637,75.4125],[-106.588232,75.01543],[-107.461914,74.952148],[-108.354443,74.942627],[-108.670264,75.006738],[-109.002539,75.010303],[-110.543408,74.780371],[-111.287549,74.585156],[-113.514062,74.430078],[-114.268262,74.604346],[-113.862891,74.812549],[-112.192822,75.009766],[-111.503271,75.055615],[-111.093457,75.256299],[-111.780859,75.166162],[-112.478076,75.2],[-112.799609,75.138184],[-113.711768,75.068604],[-113.860937,75.187744],[-113.758789,75.321729],[-113.878516,75.375439],[-114.053418,75.416895],[-114.284961,75.249951],[-114.503955,75.258008],[-114.85918,74.999756],[-115.173828,75.048828],[-115.478076,75.104102],[-115.683154,74.97417],[-116.841016,75.151514],[-117.600098,75.27168],[-117.387793,75.421484],[-116.890771,75.480518],[-115.250684,75.638574],[-116.034326,75.606689],[-117.163623,75.644873],[-116.389648,75.808203],[-114.991504,75.896338],[-116.654297,75.929297],[-116.609766,76.07373],[-116.059131,76.201709],[-114.880176,76.194873],[-115.822168,76.27002],[-115.580664,76.4375],[-114.298975,76.474805],[-114.112793,76.349463],[-113.823486,76.206836],[-112.697607,76.201709],[-112.047168,75.866406],[-111.709375,75.83208],[-111.372754,75.676465],[-110.8896,75.546924],[-109.005029,75.51499],[-108.918213,75.674756],[-109.454639,76.02124],[-109.486816,76.144678],[-110.247021,76.306348],[-110.27002,76.416992],[-109.338525,76.759961],[-108.553906,76.758057],[-108.512451,76.680273],[-108.559521,76.536328],[-108.345459,76.39165],[-108.305811,76.154053],[-108.292383,76.057129]]],[[[-114.521533,72.59292],[-113.957813,72.651465],[-113.500049,72.694434],[-113.449854,72.863232],[-112.753613,72.986035],[-111.269727,72.713721],[-111.816016,72.386328],[-111.543555,72.350928],[-111.253418,72.449072],[-111.268066,72.363867],[-110.781543,72.533887],[-110.207959,72.681055],[-110.689404,72.944531],[-110.008447,72.983643],[-109.121924,72.726416],[-108.9854,72.636816],[-108.75498,72.551074],[-108.46958,72.13877],[-108.144678,71.704932],[-107.785449,71.629688],[-107.329297,71.835254],[-107.306006,71.894678],[-107.809033,72.347461],[-107.93252,72.52041],[-108.238232,73.105811],[-107.979932,73.206738],[-108.089404,73.303711],[-107.113477,73.192139],[-106.828369,73.265918],[-105.62417,72.92749],[-105.430078,72.740381],[-105.297559,72.560449],[-104.810303,71.903174],[-104.373145,71.495117],[-104.384863,71.337549],[-104.56958,71.104053],[-103.853467,70.733789],[-103.10498,70.510254],[-103.001221,70.540967],[-102.750488,70.521875],[-101.937207,70.274561],[-101.626807,70.24834],[-101.148535,70.147607],[-100.909082,69.869189],[-101.043701,69.668701],[-101.456738,69.833887],[-101.60249,69.721289],[-102.097949,69.824609],[-102.523486,69.758203],[-102.534863,69.620801],[-102.743604,69.547754],[-103.359277,69.685352],[-103.294043,69.568457],[-103.048926,69.471777],[-103.120215,69.20459],[-102.546484,69.434473],[-101.978223,69.425098],[-102.070898,69.307617],[-101.899121,69.245508],[-101.787793,69.132275],[-102.488428,68.888916],[-103.162256,68.828711],[-104.352686,68.928174],[-105.169287,68.955371],[-105.01958,69.08125],[-106.008398,69.147607],[-106.353955,69.251221],[-106.419971,69.41377],[-106.855811,69.347314],[-107.439893,69.002148],[-108.73042,68.827441],[-110.467627,68.61001],[-111.310937,68.542041],[-112.864258,68.4771],[-113.338086,68.598779],[-113.608545,69.030176],[-114.322949,69.269141],[-115.860742,69.303564],[-116.568799,69.462695],[-117.104004,69.804248],[-117.19541,70.054053],[-115.529102,70.257129],[-113.665527,70.269678],[-112.265967,70.254688],[-111.632568,70.308838],[-113.397021,70.652393],[-114.331396,70.675244],[-115.990918,70.586279],[-116.992529,70.603662],[-118.352539,71.000049],[-117.313965,71.212109],[-116.04209,71.36167],[-116.043945,71.454297],[-115.341016,71.472412],[-116.780273,71.444189],[-118.188184,71.435937],[-117.878418,71.56084],[-118.583008,71.649023],[-118.99375,71.803027],[-118.589844,72.16748],[-118.245898,72.311035],[-118.456592,72.47251],[-117.256445,72.914404],[-114.638232,73.372656],[-114.127051,73.230713],[-114.05376,72.958057],[-114.280322,72.739063],[-114.521533,72.59292]]],[[[-119.736328,74.112646],[-119.205957,74.197998],[-119.131885,74.027881],[-118.744141,74.19209],[-117.965869,74.266064],[-116.950391,74.101416],[-115.510693,73.61875],[-115.411572,73.464795],[-116.238623,73.29458],[-117.983203,72.902197],[-119.407764,72.3604],[-120.179883,72.212646],[-120.443164,71.630811],[-120.930322,71.44624],[-121.622168,71.447607],[-122.549512,71.193555],[-123.095654,71.093799],[-123.595166,71.423193],[-124.007764,71.677441],[-125.29668,71.973047],[-125.789648,72.025],[-125.762598,72.1375],[-125.646777,72.236523],[-125.438086,72.38208],[-125.070215,72.551611],[-125.030225,72.644775],[-124.969678,72.843311],[-124.56084,72.965039],[-124.736426,73.022705],[-124.646924,73.204443],[-124.030176,73.644238],[-124.088037,73.856885],[-124.629102,74.27002],[-123.468311,74.436133],[-121.315234,74.52998],[-119.943604,74.253711],[-119.736328,74.112646]]],[[[-69.488867,83.016797],[-67.924609,82.956006],[-66.422559,82.926855],[-68.357568,82.676807],[-67.39707,82.668115],[-66.120459,82.807129],[-65.299023,82.799609],[-64.983887,82.902295],[-64.504004,82.778418],[-63.641016,82.812598],[-63.620605,82.729297],[-63.085352,82.565234],[-62.475195,82.51958],[-61.30249,82.399756],[-61.968652,82.110254],[-64.12793,81.793652],[-65.39917,81.715381],[-66.625732,81.616406],[-66.914062,81.485107],[-68.317676,81.26123],[-64.832764,81.438623],[-67.774365,80.859424],[-69.550684,80.383252],[-70.402637,80.458984],[-70.212793,80.277734],[-71.66084,80.135937],[-72.062988,80.105566],[-70.758496,80.118652],[-71.355811,79.911279],[-71.298584,79.782568],[-72.436523,79.694385],[-74.394482,79.874072],[-73.64209,79.770996],[-73.201123,79.596582],[-73.466064,79.495166],[-74.406006,79.453564],[-75.773828,79.431152],[-76.855078,79.488232],[-75.94751,79.311328],[-74.727246,79.235352],[-75.233154,79.035547],[-76.157568,79.100391],[-77.398047,79.057275],[-78.581641,79.075],[-78.036816,78.963916],[-76.824805,79.017871],[-75.952686,78.959033],[-74.618408,78.757715],[-74.546582,78.620312],[-76.373486,78.521094],[-75.237207,78.355713],[-75.969629,77.993115],[-76.974023,77.927246],[-78.084131,77.846094],[-78.167969,77.458105],[-78.869531,77.33252],[-80.573047,77.314795],[-81.659082,77.525439],[-81.277734,77.365186],[-82.056787,77.296533],[-81.756348,77.204004],[-80.798193,77.259473],[-79.92373,77.193604],[-79.273828,77.025781],[-78.791797,76.883594],[-78.288867,76.977979],[-78.118701,76.644043],[-79.285889,76.354785],[-80.690283,76.176465],[-80.955176,76.270166],[-80.974512,76.470068],[-81.474463,76.487646],[-82.03418,76.629395],[-82.393457,76.689893],[-82.261963,76.574707],[-83.885693,76.453125],[-85.14126,76.30459],[-86.296191,76.491846],[-86.561914,76.516504],[-87.489795,76.58584],[-88.481641,76.580078],[-88.545801,76.420898],[-89.544336,76.659668],[-88.398145,77.103955],[-87.361719,77.13623],[-86.873779,77.200293],[-87.429688,77.347803],[-87.937939,77.599805],[-87.496777,77.871924],[-86.385107,77.808594],[-85.588477,77.461133],[-83.973584,77.390527],[-83.477344,77.513623],[-82.664697,77.888818],[-83.30376,77.67373],[-84.167822,77.522705],[-85.289355,77.559033],[-85.031494,78.062012],[-84.388135,78.206348],[-85.024316,78.312402],[-86.217773,78.081201],[-86.427051,78.197021],[-87.551758,78.176611],[-87.164307,78.557617],[-85.691016,78.843701],[-83.90791,78.83916],[-83.147412,78.807861],[-82.151074,78.864111],[-81.889111,78.974854],[-82.644092,78.90752],[-84.316113,78.975293],[-84.530273,79.10127],[-83.824609,79.058838],[-84.197363,79.225098],[-85.089795,79.612158],[-86.146631,79.742822],[-86.498535,80.258252],[-84.056543,80.261963],[-82.67749,79.992773],[-81.688379,79.685791],[-80.475928,79.60625],[-80.714014,79.674951],[-81.644238,79.890234],[-82.961133,80.277881],[-80.979639,80.445264],[-78.386182,80.784375],[-76.850342,80.878174],[-78.550977,80.921436],[-78.463965,81.114355],[-76.885107,81.430273],[-78.931543,81.119238],[-79.402148,81.036865],[-79.761328,80.841943],[-81.552686,80.622803],[-82.768311,80.630664],[-82.77998,80.736035],[-84.07627,80.55625],[-85.307422,80.525977],[-86.531592,80.604736],[-86.2521,80.789551],[-83.349219,81.10332],[-85.966797,81.011914],[-87.71167,80.65625],[-88.921436,80.805615],[-89.263281,80.914307],[-86.929004,81.000439],[-84.941211,81.28623],[-86.622754,81.122656],[-89.623047,81.032471],[-89.563379,81.226465],[-89.673682,81.328613],[-88.126514,81.518799],[-88.479053,81.564648],[-90.609033,81.429541],[-90.330859,81.631543],[-91.102734,81.591992],[-91.647559,81.683838],[-90.490186,81.877246],[-89.156348,81.95542],[-87.638916,82.085059],[-86.999219,81.992139],[-86.15835,82.025537],[-85.403174,81.982227],[-85.310596,82.043994],[-85.92002,82.283057],[-84.896826,82.449414],[-83.823633,82.350684],[-82.774219,82.094922],[-82.65708,82.158301],[-82.536914,82.247266],[-80.153369,81.977637],[-79.424854,81.854443],[-81.997607,82.278271],[-82.268896,82.464648],[-81.958594,82.563232],[-81.579687,82.643018],[-81.146631,82.715576],[-80.657129,82.769092],[-78.791797,82.693896],[-79.974316,82.858984],[-79.180566,82.933203],[-77.47959,82.883154],[-76.244043,82.604102],[-75.565625,82.608545],[-76.409961,82.81582],[-75.744922,83.047168],[-73.916504,82.904199],[-72.775928,82.755664],[-73.403809,82.977148],[-71.983203,83.101416],[-70.933008,82.911279],[-71.084814,83.082666],[-69.782129,83.092529],[-69.488867,83.016797]]],[[[-95.484375,77.791992],[-94.014746,77.759912],[-93.210742,77.710205],[-93.543945,77.46665],[-95.987061,77.484131],[-96.23916,77.672559],[-95.484375,77.791992]]],[[[-93.542578,75.02793],[-93.490869,74.771973],[-93.547168,74.691064],[-94.206055,74.647412],[-94.95874,74.699951],[-96.094238,74.93252],[-96.318555,74.947705],[-96.591162,75.001855],[-96.382861,75.211377],[-96.124902,75.358301],[-95.049512,75.621826],[-94.256689,75.544092],[-93.591211,75.230225],[-93.542578,75.02793]]],[[[-100.001904,73.945898],[-98.519336,73.79209],[-97.669971,73.887744],[-97.170508,73.824854],[-97.001709,73.666504],[-97.394775,73.564209],[-97.6146,73.481348],[-97.350293,73.480957],[-97.484082,73.339209],[-98.416846,73.02251],[-98.36665,72.934131],[-97.724805,73.03667],[-97.29585,72.918018],[-97.237598,72.837451],[-97.158936,72.642773],[-96.671289,72.713184],[-96.445605,72.552441],[-96.638281,72.342041],[-96.66875,72.27124],[-96.618115,72.145898],[-96.624365,71.967578],[-97.116699,71.71084],[-98.181348,71.662451],[-98.313379,71.803076],[-98.389307,71.824268],[-98.195312,71.491211],[-98.535937,71.317627],[-98.98623,71.369482],[-99.403662,71.557178],[-100.325684,72.003857],[-100.983643,72.210059],[-101.250684,72.321777],[-101.774512,72.340918],[-101.973682,72.486133],[-102.713672,72.78291],[-102.503809,73.005908],[-101.922461,73.056982],[-101.617773,72.909717],[-101.273193,72.72168],[-100.468018,72.778809],[-100.22793,72.898926],[-100.096729,72.963135],[-100.334375,73.128467],[-100.536377,73.197852],[-100.225879,73.254688],[-100.005908,73.239502],[-100.587012,73.299561],[-101.48208,73.44585],[-101.323145,73.571973],[-100.676807,73.494287],[-100.607129,73.575391],[-100.952588,73.691406],[-100.915137,73.805371],[-99.911865,73.847021],[-100.224805,73.87251],[-100.001904,73.945898]]],[[[-84.919629,65.261084],[-84.6125,65.447314],[-84.17998,65.316309],[-83.722559,65.168994],[-83.200977,64.959668],[-82.27168,64.721143],[-81.787207,64.425977],[-81.720947,64.118896],[-81.335645,64.075781],[-80.921143,64.100488],[-80.568848,63.931934],[-80.261328,63.801953],[-80.953516,63.480273],[-81.371729,63.538086],[-82.411719,63.736523],[-83.033887,64.023242],[-83.185547,64.15752],[-83.61709,64.013428],[-84.022119,63.659863],[-84.3875,63.529102],[-84.795557,63.246924],[-85.495508,63.139111],[-85.768945,63.700342],[-86.846875,63.575293],[-87.177148,63.595117],[-87.031934,63.83042],[-86.308594,64.093652],[-86.354492,64.376514],[-86.227637,64.896338],[-86.01709,65.640283],[-85.554688,65.918652],[-85.241113,65.795508],[-85.130322,65.59209],[-85.056055,65.437402],[-84.919629,65.261084]]],[[[-97.700928,76.466504],[-97.73877,76.335254],[-97.524268,76.138721],[-97.652148,75.940186],[-97.890527,75.760352],[-97.409619,75.5521],[-97.65332,75.507764],[-97.659912,75.151172],[-97.97085,75.153271],[-98.076758,75.152979],[-98.120947,75.032715],[-98.834814,75.018164],[-99.326123,75.049414],[-100.234375,75.007715],[-100.459473,75.219092],[-100.614893,75.321436],[-100.279639,75.460986],[-99.591162,75.655371],[-100.901758,75.62041],[-102.587402,75.513672],[-102.410693,75.712842],[-101.942822,75.883838],[-101.119385,75.762891],[-101.288037,75.789111],[-101.507861,75.943604],[-101.872119,76.083105],[-101.557031,76.23584],[-102.104687,76.331201],[-101.677246,76.451025],[-101.087891,76.307861],[-100.230664,76.007666],[-99.774854,75.927393],[-100.050977,76.066602],[-99.790186,76.132617],[-100.182764,76.197217],[-100.042725,76.29126],[-100.174658,76.359277],[-100.890771,76.475488],[-100.068701,76.634766],[-99.169629,76.453662],[-98.940869,76.643164],[-98.236182,76.575342],[-97.700928,76.466504]]],[[[-103.426025,79.315625],[-102.638965,79.077588],[-102.730518,78.969336],[-102.576172,78.879395],[-102.393164,79.010303],[-101.703662,79.078906],[-101.037158,78.939014],[-101.128125,78.80166],[-99.781836,78.619629],[-99.680176,78.493506],[-99.768652,78.364551],[-99.131543,78.117529],[-99.061182,77.965625],[-99.659131,77.824072],[-100.680273,77.930664],[-100.826172,78.087744],[-101.829492,78.264111],[-102.667676,78.255908],[-102.731348,78.371045],[-104.512646,78.294629],[-104.995557,78.518506],[-104.213965,78.539746],[-103.587988,78.622998],[-103.371582,78.736328],[-104.18501,78.781299],[-103.887158,78.918799],[-104.394824,78.956152],[-104.970215,78.82915],[-104.746777,79.0271],[-105.570752,79.060986],[-105.435693,79.302246],[-103.706396,79.352051],[-103.426025,79.315625]]],[[[-91.885547,81.132861],[-90.68291,80.687695],[-90.537256,80.575928],[-89.673828,80.530762],[-89.166895,80.479639],[-89.196582,80.394043],[-89.19834,80.263184],[-88.329248,80.133691],[-88.380762,80.225195],[-88.643652,80.386865],[-87.96001,80.415625],[-87.618359,80.207471],[-87.860693,80.0875],[-87.076172,79.966943],[-87.220264,79.629932],[-86.861035,79.597705],[-86.180469,79.60542],[-85.803857,79.573047],[-85.501367,79.530322],[-85.181348,79.23374],[-86.629443,78.991309],[-87.016455,78.898682],[-87.617383,78.676318],[-87.960742,78.893115],[-87.829395,79.045312],[-88.163818,78.933496],[-88.25376,78.671973],[-87.981982,78.594727],[-88.147559,78.4771],[-88.741602,78.584033],[-88.648389,78.33374],[-88.969629,78.184424],[-89.926221,78.573047],[-90.001025,78.495801],[-89.489844,78.171924],[-89.873047,78.237598],[-90.297217,78.328027],[-90.469189,78.268555],[-90.386963,78.163281],[-91.89917,78.236865],[-92.848242,78.460107],[-91.934961,78.561719],[-93.266602,78.608301],[-93.62334,78.767773],[-93.336475,78.808057],[-94.169678,78.972803],[-93.068457,79.155371],[-91.867578,79.317432],[-92.247949,79.373437],[-93.028125,79.429248],[-94.039844,79.295215],[-93.939697,79.385693],[-94.404883,79.390527],[-95.316602,79.354736],[-95.563477,79.549756],[-94.401855,79.736328],[-95.55249,79.653223],[-96.462744,79.84751],[-96.773242,80.135791],[-94.61084,80.055518],[-94.582617,80.141406],[-95.192383,80.134375],[-96.025684,80.221729],[-96.394092,80.315039],[-96.011865,80.383057],[-95.901074,80.47085],[-95.713623,80.725439],[-94.892578,80.570898],[-94.028711,80.586182],[-95.19585,80.808301],[-94.980518,81.049658],[-93.44375,81.083252],[-93.2354,81.155127],[-94.110352,81.225],[-94.232959,81.315137],[-93.604883,81.350586],[-92.211768,81.243604],[-91.885547,81.132861]]],[[[-94.294971,76.912451],[-93.608398,76.873828],[-93.211865,76.754688],[-93.263672,76.626465],[-93.53457,76.447705],[-92.297021,76.616016],[-91.124268,76.661914],[-90.542627,76.495752],[-91.335986,76.510596],[-91.333887,76.446484],[-89.236523,76.239014],[-90.827344,76.185596],[-91.019775,76.141553],[-90.176025,76.030273],[-89.695312,75.853613],[-89.204883,75.762012],[-89.625439,75.58374],[-88.916699,75.453955],[-88.819629,75.538574],[-88.714893,75.658643],[-87.729736,75.575635],[-87.364648,75.591309],[-86.436523,75.436279],[-86.06875,75.502246],[-84.986768,75.644922],[-84.014258,75.779932],[-83.093408,75.756445],[-81.647363,75.794922],[-81.173535,75.669238],[-80.321973,75.629102],[-80.286621,75.490381],[-79.660205,75.449512],[-79.634424,75.199316],[-80.260645,75.002148],[-79.664062,75.02085],[-79.507959,74.880127],[-80.347754,74.902979],[-80.192236,74.780176],[-80.262744,74.584473],[-81.607178,74.502344],[-82.414746,74.535205],[-82.978418,74.583447],[-83.087305,74.788379],[-83.407031,74.884814],[-83.487305,74.834131],[-83.412207,74.65498],[-84.245166,74.515186],[-84.916309,74.567676],[-85.133447,74.517432],[-85.474414,74.600342],[-85.808008,74.498975],[-86.340576,74.513477],[-86.770166,74.478613],[-88.005859,74.489355],[-88.557861,74.569727],[-88.339551,74.784863],[-88.682031,74.802002],[-88.907812,74.763818],[-89.057861,74.747266],[-89.196826,74.698242],[-89.45,74.56792],[-90.361621,74.610449],[-90.95752,74.745166],[-91.163721,74.710254],[-91.50835,74.650684],[-91.961572,74.793213],[-92.060498,75.100977],[-92.389258,75.26333],[-92.411084,75.40625],[-92.068848,75.65791],[-92.306592,75.915137],[-93.091748,76.354004],[-93.644434,76.288525],[-94.585352,76.297168],[-95.447412,76.363037],[-96.013086,76.51333],[-95.873193,76.566406],[-96.880713,76.73833],[-96.679395,76.765771],[-96.433203,76.810693],[-96.769824,76.948242],[-96.377295,77.00459],[-95.126416,77.017334],[-94.294971,76.912451]]],[[[-96.204492,78.531299],[-95.031201,78.430273],[-95.013867,78.312598],[-94.987793,78.136279],[-95.199121,77.968164],[-96.011572,77.887402],[-96.989648,77.806006],[-97.019092,77.908105],[-97.648389,78.071631],[-96.95835,78.139014],[-97.819043,78.230615],[-98.114307,78.403027],[-98.32373,78.498145],[-98.289893,78.692383],[-98.042871,78.805225],[-96.935791,78.720264],[-96.242627,78.573193],[-96.204492,78.531299]]],[[[-93.17085,74.160986],[-92.313867,73.992383],[-91.087988,74.009277],[-90.381396,73.824756],[-90.933691,73.527686],[-91.249316,73.304004],[-91.425928,73.194873],[-91.905322,72.849316],[-93.340625,72.801855],[-93.92002,72.703369],[-93.533936,72.499463],[-93.972559,72.12998],[-94.61123,72.042334],[-95.192676,72.344775],[-95.602148,72.884473],[-95.589258,73.17417],[-95.645264,73.670801],[-95.385986,73.755127],[-94.691016,73.671436],[-95.134131,73.88125],[-95.121191,73.985059],[-94.482568,74.113135],[-93.410303,74.17876],[-93.17085,74.160986]]],[[[-97.439453,69.642676],[-97.278467,69.679639],[-96.875195,69.51001],[-96.060986,69.125439],[-95.585498,68.835107],[-95.267773,68.826074],[-95.614209,68.74502],[-96.024023,68.607275],[-97.008398,68.538672],[-97.885352,68.672461],[-98.280176,68.807178],[-98.431836,68.818359],[-98.829639,68.838623],[-98.904492,68.932422],[-99.073389,68.876563],[-99.440869,68.917676],[-99.513281,69.099609],[-98.723633,69.219141],[-98.466602,69.375],[-98.448389,69.479541],[-98.545996,69.5729],[-98.155762,69.468848],[-98.304492,69.669287],[-98.200488,69.796973],[-97.691211,69.84126],[-97.385693,69.700244],[-97.439453,69.642676]]],[[[-61.105176,45.944727],[-60.868408,45.948633],[-60.971533,45.837988],[-60.930371,45.747705],[-60.699072,45.77334],[-60.733301,45.956592],[-60.430859,46.255615],[-60.226465,46.195557],[-59.85,46.141406],[-59.828027,45.965137],[-60.205078,45.743018],[-60.871582,45.610693],[-61.236328,45.57251],[-61.449805,45.716211],[-61.302197,46.243848],[-60.870166,46.796777],[-60.489062,47.009717],[-60.331738,46.767822],[-60.507715,46.303369],[-60.744824,46.092676],[-61.105176,45.944727]]],[[[-67.124854,45.169434],[-67.270703,45.186719],[-67.399805,45.210156],[-67.438525,45.340381],[-67.493652,45.474072],[-67.413867,45.565576],[-67.595752,45.620752],[-67.755322,45.686475],[-67.791699,45.795557],[-67.782275,45.87417],[-67.786475,46.042139],[-67.797705,46.615625],[-67.934863,47.167627],[-68.358008,47.344531],[-68.828711,47.20332],[-69.048584,47.273633],[-69.242871,47.462988],[-69.629785,47.081348],[-70.038232,46.571436],[-70.278906,46.15],[-70.29624,45.906104],[-70.466602,45.706836],[-70.692139,45.455371],[-70.79917,45.404785],[-70.897998,45.262451],[-71.060254,45.309131],[-71.419043,45.200342],[-72.765918,45.006104],[-74.430371,45.004199],[-74.269043,45.188281],[-73.518799,45.458984],[-73.253027,45.863672],[-72.496191,46.352686],[-72.109277,46.551221],[-71.261182,46.75625],[-70.388086,47.116943],[-69.802246,47.623437],[-68.987061,48.275],[-68.431494,48.541699],[-67.11748,48.96416],[-65.523389,49.266162],[-64.261816,48.921875],[-64.513721,48.841113],[-64.348828,48.423193],[-64.82207,48.196484],[-65.36001,48.011133],[-66.012549,48.14668],[-66.448975,48.119629],[-66.359619,48.060645],[-65.666455,47.696143],[-65.228174,47.811279],[-64.703223,47.724854],[-65.086133,47.233789],[-65.042383,47.088818],[-64.905762,46.887939],[-64.689502,46.512305],[-64.541504,46.240332],[-63.872656,46.146191],[-63.702881,45.858008],[-63.315918,45.779883],[-62.910791,45.776367],[-62.585645,45.660693],[-62.217725,45.730859],[-61.877246,45.714209],[-61.427637,45.648291],[-61.376123,45.410596],[-61.031543,45.291748],[-61.283789,45.235498],[-61.647412,45.130518],[-62.26499,44.936475],[-63.089209,44.708545],[-63.456836,44.639941],[-63.544824,44.54375],[-63.820654,44.510645],[-64.044922,44.587891],[-64.286084,44.550342],[-64.33457,44.291992],[-64.691602,44.021338],[-65.17207,43.731396],[-65.386084,43.565283],[-65.564453,43.553271],[-65.886914,43.795215],[-66.125732,43.813818],[-65.868018,44.568799],[-66.090625,44.504932],[-65.681836,44.650928],[-65.587158,44.728516],[-64.90293,45.120801],[-64.448145,45.337451],[-64.365723,45.187256],[-64.182715,45.147021],[-63.368018,45.364795],[-64.336426,45.389551],[-64.831934,45.350244],[-64.560059,45.625488],[-64.404053,45.826904],[-64.642041,45.91333],[-65.057275,45.544238],[-65.955615,45.222461],[-66.064893,45.40083],[-66.14375,45.227588],[-66.510937,45.143359],[-66.918701,45.145605],[-67.124854,45.169434]]],[[[-55.45874,51.536523],[-55.730713,51.358691],[-56.030664,51.226904],[-55.841113,51.205078],[-55.784717,51.087061],[-56.078125,50.780957],[-56.195752,50.584766],[-56.483936,50.27085],[-56.749561,49.966553],[-56.838867,49.787744],[-56.806885,49.67334],[-56.500928,49.869629],[-56.24707,50.090088],[-56.127441,50.015137],[-55.927002,50.017773],[-55.530029,49.997168],[-55.717627,49.829004],[-56.051611,49.658398],[-55.882324,49.645947],[-55.815234,49.515283],[-55.37915,49.4729],[-55.289941,49.391943],[-55.229541,49.508154],[-55.259326,49.266992],[-55.334766,49.077881],[-55.244531,49.199805],[-55.0104,49.293018],[-54.843652,49.34541],[-54.579053,49.49082],[-54.46543,49.400537],[-54.356152,49.415039],[-53.862451,49.426318],[-53.560059,49.191699],[-53.809326,48.993408],[-54.161279,48.787695],[-53.847754,48.79668],[-53.966016,48.706689],[-53.706348,48.655518],[-54.067773,48.418848],[-53.852734,48.448828],[-53.552051,48.481787],[-53.220264,48.577881],[-53.027588,48.634717],[-53.135742,48.401855],[-53.334326,48.355957],[-53.560205,48.173828],[-53.710156,48.056836],[-53.653027,48.025732],[-53.86167,47.799268],[-53.765137,47.650098],[-53.282715,47.997852],[-52.866016,48.112988],[-53.11084,47.811914],[-53.157666,47.487793],[-52.873193,47.619434],[-52.711426,47.745312],[-52.668506,47.469824],[-52.88208,47.011084],[-53.069775,46.68125],[-53.254883,46.697705],[-53.536133,46.63252],[-53.595166,46.888477],[-53.578467,47.133252],[-53.774316,47.011816],[-54.102393,46.824902],[-54.155225,46.96748],[-53.849512,47.440332],[-53.989014,47.756201],[-54.233887,47.77168],[-54.488135,47.403857],[-54.473926,47.54707],[-54.801514,47.398633],[-55.139648,47.045947],[-55.479297,46.917285],[-55.844727,46.873828],[-55.954492,46.973242],[-55.610059,47.119629],[-55.19082,47.448975],[-54.784619,47.664746],[-55.074561,47.657568],[-55.412695,47.550391],[-55.576123,47.465234],[-56.081348,47.499951],[-55.844385,47.787842],[-56.089648,47.771875],[-56.262988,47.658447],[-56.774121,47.56499],[-57.884082,47.66001],[-58.326953,47.719873],[-58.613135,47.626221],[-59.259766,47.63418],[-59.340869,47.933643],[-58.60498,48.411328],[-58.492236,48.513037],[-59.166797,48.521777],[-58.819189,48.746826],[-58.843408,48.605322],[-58.545605,48.896875],[-58.31875,49.081348],[-57.990527,48.987939],[-58.049072,49.17998],[-58.190918,49.25874],[-58.107422,49.499707],[-57.791309,49.48999],[-57.926172,49.70083],[-57.432617,50.505811],[-57.17959,50.614844],[-57.274902,50.725293],[-57.005664,50.939648],[-56.976367,51.027979],[-56.682422,51.332764],[-56.025586,51.568359],[-55.65957,51.511035],[-55.496436,51.589844],[-55.45874,51.536523]]],[[[-86.589355,71.010791],[-85.824561,71.125732],[-85.042773,71.091602],[-84.870312,71.001807],[-84.674316,71.43877],[-84.840137,71.658643],[-85.339062,71.697266],[-85.81333,71.956445],[-85.545801,72.101562],[-84.608496,72.129492],[-84.347461,72.094434],[-84.811035,72.329541],[-84.96416,72.405615],[-85.391309,72.443994],[-85.637891,72.633203],[-85.574609,72.856396],[-84.989551,72.919873],[-85.383887,73.04541],[-84.416064,73.456494],[-83.91499,73.508398],[-83.020459,73.676025],[-82.202783,73.736475],[-81.344092,73.597754],[-80.821729,73.207178],[-80.619141,72.997168],[-80.277246,72.770166],[-80.675098,72.558643],[-80.760791,72.457178],[-80.821484,72.260254],[-80.733252,72.089014],[-80.941406,72.048242],[-80.9479,71.916553],[-80.70542,71.988135],[-79.92832,72.174951],[-80.066992,72.37832],[-79.777881,72.438721],[-79.427441,72.337305],[-79.017969,72.188232],[-78.614453,71.881006],[-78.711133,71.972412],[-78.699268,72.351416],[-78.116357,72.280322],[-77.694482,72.238428],[-78.484277,72.470605],[-78.350244,72.600195],[-77.255371,72.735889],[-76.18877,72.572217],[-75.704297,72.571533],[-75.071484,72.322852],[-75.542773,72.007959],[-75.922803,71.717236],[-75.599902,71.918457],[-74.694922,72.096924],[-74.266357,72.037695],[-74.315723,71.842676],[-75.204785,71.709131],[-74.707373,71.646924],[-74.840723,71.406592],[-74.758936,71.338135],[-74.404102,71.67251],[-73.814062,71.771436],[-74.197266,71.40415],[-73.712842,71.587598],[-73.262402,71.322461],[-73.278223,71.537988],[-72.580615,71.606787],[-71.875195,71.56123],[-71.256055,71.361816],[-71.396582,71.146875],[-71.937939,71.094287],[-72.598047,70.849219],[-72.15,70.940674],[-71.18623,70.978027],[-70.79248,71.10332],[-70.655225,70.870898],[-71.380469,70.605957],[-71.800146,70.457031],[-71.683691,70.417578],[-71.375098,70.548438],[-71.429443,70.127783],[-70.979785,70.581055],[-70.084717,70.829541],[-69.560107,70.777148],[-69.065723,70.728076],[-68.40083,70.56499],[-68.482568,70.414844],[-68.84292,70.314453],[-69.698975,70.189307],[-69.79585,70.046924],[-68.918555,70.206982],[-68.723291,70.145654],[-68.897021,69.952734],[-68.489355,70.064844],[-68.210449,70.128418],[-68.203516,70.281494],[-67.716016,70.219824],[-67.172656,69.799463],[-67.336719,69.720996],[-68.189453,69.730615],[-68.669922,69.643652],[-69.250781,69.511914],[-68.058154,69.475879],[-67.360937,69.47251],[-66.716748,69.311865],[-66.707422,69.168213],[-67.483789,69.166992],[-68.198193,69.202686],[-68.993457,69.079346],[-67.832617,69.065967],[-67.883203,68.783984],[-68.542773,68.842773],[-69.329785,68.875781],[-68.540625,68.749365],[-68.14834,68.616113],[-67.766016,68.547021],[-67.320703,68.487793],[-66.742725,68.457764],[-67.032959,68.326074],[-66.905127,68.098486],[-66.702344,68.120557],[-66.630957,68.210645],[-66.274707,68.040771],[-66.443945,67.833838],[-65.98584,68.068555],[-65.864355,67.922852],[-65.509082,67.968262],[-65.40127,67.674854],[-65.415332,67.879248],[-64.922314,68.031641],[-65.026025,67.892041],[-64.637793,67.840234],[-64.019434,67.654883],[-64.303271,67.353467],[-64.589258,67.315527],[-64.063232,67.265918],[-63.591602,67.377539],[-63.161621,67.174365],[-63.306787,66.994482],[-63.143701,66.924316],[-62.710449,66.954102],[-61.968555,67.019043],[-61.299707,66.64873],[-61.724121,66.637793],[-62.089307,66.625928],[-61.862695,66.312842],[-62.374512,66.41084],[-62.419824,66.288574],[-62.023926,66.067529],[-62.467773,66.01748],[-62.448389,65.945508],[-62.485645,65.804492],[-62.817285,65.647705],[-63.45874,65.853027],[-63.651953,65.674316],[-63.364258,65.543213],[-63.606592,64.928076],[-63.895605,65.109277],[-64.250439,65.114307],[-64.285742,65.400195],[-64.665332,65.168945],[-65.108496,65.46377],[-65.311475,65.701514],[-65.276953,65.890674],[-64.77251,66.078564],[-64.504395,66.325488],[-65.004492,66.077734],[-65.825732,65.996924],[-65.688379,66.213086],[-66.063721,66.132715],[-66.476953,66.279736],[-66.862891,66.595313],[-66.968994,66.547168],[-67.317676,66.520361],[-67.31123,66.30376],[-67.868457,66.490137],[-67.547217,66.187207],[-67.350439,65.929736],[-67.958203,66.013818],[-68.748926,66.200049],[-68.217187,66.078857],[-68.186719,65.870996],[-67.866455,65.773682],[-67.906055,65.563477],[-67.490137,65.626221],[-67.303418,65.48291],[-67.336523,65.346582],[-66.998584,65.172998],[-66.911523,65.081348],[-66.799609,65.019678],[-66.666699,64.973828],[-66.22373,64.854102],[-66.214648,64.722412],[-65.938525,64.885742],[-65.513184,64.706494],[-65.512793,64.525977],[-65.094531,64.48457],[-65.507471,64.318311],[-65.281982,64.181641],[-65.187305,64.037988],[-64.787793,64.032764],[-64.798145,63.915967],[-64.498486,63.790332],[-64.550293,63.572559],[-64.586914,63.243164],[-64.933301,63.599268],[-65.133838,63.689062],[-65.016699,63.292822],[-64.894824,63.125635],[-64.672363,62.921973],[-64.923242,62.88916],[-65.050195,62.646143],[-65.396533,62.788184],[-65.805664,62.911572],[-65.978857,63.000684],[-66.201074,63.00625],[-66.496387,63.097266],[-66.630859,63.119043],[-66.748535,63.111084],[-66.974707,63.255566],[-67.260937,63.340723],[-67.893262,63.73374],[-67.758789,63.419727],[-68.632861,63.741113],[-68.670557,63.513672],[-68.14126,63.172314],[-67.664893,63.072656],[-67.36665,62.91416],[-66.921533,62.678076],[-66.45874,62.463135],[-66.015625,62.230273],[-66.133154,62.102393],[-66.123877,61.893066],[-66.551318,61.925586],[-67.368994,62.134082],[-68.633643,62.281299],[-69.366016,62.571875],[-69.962109,62.776172],[-70.571338,62.869189],[-71.096191,63.019678],[-71.347266,63.066113],[-71.992236,63.416162],[-71.614258,63.444092],[-71.513477,63.586572],[-71.725293,63.706152],[-72.28877,63.756982],[-72.174268,63.893408],[-72.586133,63.900781],[-72.913184,64.117188],[-73.454541,64.399268],[-73.413086,64.57417],[-73.867871,64.585352],[-74.025586,64.422656],[-74.130469,64.607812],[-74.512451,64.670166],[-74.681396,64.830664],[-74.91626,64.791992],[-74.640039,64.55708],[-75.215039,64.469385],[-75.766699,64.391943],[-76.406836,64.303174],[-76.723828,64.242041],[-77.28252,64.280371],[-77.760498,64.360156],[-78.174561,64.617725],[-78.144629,64.807715],[-77.876172,65.072949],[-77.461475,65.328174],[-77.326709,65.453125],[-76.778906,65.413867],[-75.648145,65.14082],[-75.590869,64.927686],[-75.427148,64.855859],[-75.357129,65.00874],[-75.772949,65.257031],[-75.166309,65.283936],[-74.849854,65.389062],[-74.390723,65.397559],[-73.87793,65.518848],[-73.643408,65.653223],[-74.276172,66.012744],[-74.374902,66.208154],[-73.357373,66.636279],[-72.985352,66.765381],[-72.667725,67.070459],[-72.234131,67.284424],[-72.725293,67.811621],[-73.331445,68.308984],[-73.644482,68.294531],[-73.87334,68.46416],[-73.798437,68.658643],[-74.072998,68.714941],[-74.182812,68.535449],[-74.647949,68.70752],[-74.745996,68.796729],[-74.752393,68.89209],[-74.954004,68.961084],[-74.805469,69.064258],[-75.213281,68.909375],[-75.623047,68.887744],[-76.585059,68.69873],[-76.581738,68.816309],[-76.495166,69.03042],[-75.858594,69.060303],[-75.749072,69.299561],[-76.316211,69.421631],[-76.524951,69.548682],[-76.234082,69.662109],[-76.686523,69.59126],[-77.089941,69.635107],[-76.868604,69.745166],[-77.232471,69.85459],[-77.662988,69.965723],[-77.842529,70.24707],[-78.490723,70.315576],[-78.830859,70.463184],[-79.159766,70.575244],[-79.405225,70.400732],[-78.862842,70.241895],[-78.818799,70.010449],[-79.51543,69.887598],[-80.386816,70.010449],[-81.55957,70.11123],[-81.329492,70.024365],[-80.842871,69.79165],[-81.957715,69.86875],[-82.925391,69.968164],[-83.859082,69.962744],[-84.909082,70.078223],[-86.198193,70.105127],[-86.499805,70.350391],[-86.624316,70.40127],[-87.171973,70.399854],[-87.237891,70.309717],[-87.789453,70.258252],[-88.4021,70.44248],[-89.208301,70.759717],[-89.455908,71.061719],[-88.51665,71.030566],[-87.534424,70.956592],[-87.572314,71.107568],[-88.589502,71.240283],[-89.805371,71.462305],[-89.977344,71.848047],[-89.663818,72.157959],[-89.858691,72.24834],[-89.816846,72.467725],[-89.3271,72.841553],[-89.225342,73.108057],[-88.742529,73.33457],[-88.17002,73.595313],[-86.76875,73.833984],[-85.009326,73.778613],[-85.204297,73.603564],[-86.086475,73.260254],[-86.667773,72.762549],[-86.322559,72.46084],[-86.341357,72.123193],[-85.750098,71.641357],[-85.023389,71.353223],[-85.94541,71.162646],[-86.589355,71.010791]]],[[[-61.801123,49.093896],[-63.041504,49.224951],[-63.776611,49.602002],[-64.372949,49.925928],[-63.291992,49.816846],[-62.133008,49.40708],[-61.696143,49.139014],[-61.801123,49.093896]]],[[[-63.811279,46.468701],[-63.534375,46.540625],[-63.286084,46.460205],[-62.681934,46.459424],[-62.040869,46.445703],[-62.526074,46.202881],[-62.502588,46.022949],[-62.804883,45.973193],[-63.02207,46.066602],[-63.056348,46.223926],[-63.056885,46.295361],[-63.152783,46.18833],[-63.641016,46.230469],[-63.750537,46.384375],[-64.11084,46.425439],[-64.388037,46.640869],[-64.223242,46.90127],[-63.981494,46.912988],[-63.863721,46.572363],[-63.811279,46.468701]]],[[[-82.000488,62.954199],[-81.990186,62.776318],[-82.490967,62.446582],[-83.129687,62.204102],[-83.714404,62.173584],[-83.912402,62.425537],[-83.376416,62.904932],[-82.965771,62.873926],[-82.129248,62.977686],[-82.000488,62.954199]]],[[[-79.545312,62.411719],[-79.272021,62.185986],[-79.462158,61.894092],[-79.714258,61.612549],[-80.00415,61.702539],[-80.276172,61.858594],[-80.234668,62.152686],[-79.868066,62.404346],[-79.545312,62.411719]]],[[[-75.675879,68.32251],[-75.063477,68.141211],[-75.127344,67.965234],[-75.201953,67.45918],[-76.048975,67.262012],[-76.944189,67.250293],[-77.224219,67.508203],[-77.125879,67.94707],[-76.595801,68.278955],[-75.982764,68.332324],[-75.675879,68.32251]]],[[[-79.537305,73.654492],[-77.382129,73.53667],[-77.005322,73.356055],[-76.569775,73.159277],[-76.30957,72.9979],[-76.183398,72.843066],[-78.314209,72.881836],[-79.500537,72.755957],[-80.051611,72.977002],[-80.292725,73.245605],[-80.82417,73.380664],[-80.73584,73.483105],[-80.848877,73.72124],[-80.412305,73.76543],[-79.537305,73.654492]]],[[[-80.731689,52.747266],[-81.352246,52.852002],[-81.951123,53.132227],[-81.135596,53.205811],[-80.709521,52.787402],[-80.731689,52.747266]]],[[[-78.826514,56.145312],[-78.856885,56.23208],[-78.761865,56.420703],[-78.672803,56.260498],[-78.826514,56.145312]]],[[[-78.935596,56.266064],[-79.227832,55.878516],[-79.142285,56.180713],[-79.455322,55.896191],[-79.764746,55.806787],[-79.564551,56.120947],[-80.008252,55.911035],[-79.515283,56.326514],[-79.458887,56.539746],[-79.47627,56.312842],[-79.458301,56.211084],[-79.272412,56.600439],[-79.155176,56.537598],[-78.994971,56.436426],[-78.931201,56.32793],[-78.935596,56.266064]]],[[[-79.977588,56.207031],[-80.005078,56.31792],[-79.74917,56.376514],[-79.632568,56.386523],[-79.977588,56.207031]]],[[[-89.833252,77.267627],[-91.147266,77.387305],[-91.149463,77.608057],[-90.674854,77.648633],[-89.719482,77.442139],[-89.74668,77.292578],[-89.833252,77.267627]]],[[[-104.558154,77.141748],[-105.379932,77.254248],[-105.848145,77.563428],[-105.862988,77.754395],[-105.073877,77.548291],[-104.770215,77.413232],[-104.456982,77.220801],[-104.558154,77.141748]]],[[[-98.791602,79.981104],[-98.885205,79.725684],[-99.30625,79.802881],[-99.999902,79.884033],[-100.120361,80.03042],[-99.731201,80.144092],[-98.894678,80.081787],[-98.791602,79.981104]]],[[[-105.288916,72.919922],[-105.800146,73.093311],[-106.525732,73.413379],[-106.831006,73.599072],[-105.512305,73.765771],[-104.718262,73.636279],[-104.552344,73.465576],[-104.968652,73.088672],[-105.288916,72.919922]]],[[[-102.227344,76.014893],[-102.318115,75.895166],[-102.943555,75.763428],[-103.201562,75.958496],[-103.984521,76.046533],[-104.012061,76.222998],[-102.584082,76.281641],[-102.227344,76.014893]]],[[[-104.022852,76.583105],[-103.613135,76.563428],[-103.033545,76.431494],[-103.472217,76.329053],[-104.506445,76.478955],[-104.500391,76.630371],[-103.959082,76.63877],[-104.022852,76.583105]]],[[[-118.328125,75.579688],[-119.306055,75.585352],[-119.226807,75.698633],[-118.13667,75.994482],[-117.512598,76.099414],[-117.89082,75.805469],[-118.328125,75.579688]]],[[[-113.832471,77.754639],[-114.98042,77.91543],[-114.726465,78.015527],[-114.302881,78.032715],[-113.897754,77.915576],[-113.61792,77.832422],[-113.832471,77.754639]]],[[[-130.927148,54.479053],[-130.950293,54.477783],[-130.959033,54.498682],[-130.953467,54.541846],[-130.921777,54.614893],[-130.906836,54.631787],[-130.777051,54.618896],[-130.758008,54.61377],[-130.753418,54.599707],[-130.763379,54.576709],[-130.805127,54.543799],[-130.927148,54.479053]]],[[[-131.029297,51.961621],[-131.047266,51.959717],[-131.080518,51.98042],[-131.103418,52.013867],[-131.117334,52.101025],[-131.107129,52.136572],[-131.098096,52.150635],[-131.010645,52.095264],[-131.029297,51.961621]]],[[[-130.236279,53.958545],[-130.407227,53.855518],[-130.624609,53.941406],[-130.643701,53.844531],[-130.707275,53.921484],[-130.447998,54.089014],[-130.236279,53.958545]]],[[[-129.848584,53.16792],[-130.305664,53.407373],[-130.394824,53.62041],[-129.754834,53.244775],[-129.848584,53.16792]]],[[[-130.575342,54.769678],[-130.493262,54.83418],[-130.312549,54.945947],[-130.214063,55.025879],[-130.203906,54.947021],[-130.349414,54.814551],[-130.535498,54.74873],[-130.575342,54.769678]]],[[[-128.552441,52.939746],[-128.624023,52.339893],[-128.749414,52.556055],[-128.831201,52.678809],[-129.094873,52.891846],[-129.111084,53.090674],[-128.970215,53.274365],[-128.552441,52.939746]]],[[[-126.09209,49.354004],[-126.064014,49.263623],[-126.186816,49.278125],[-126.229639,49.295654],[-126.231445,49.339062],[-126.208545,49.379785],[-126.115283,49.365039],[-126.09209,49.354004]]],[[[-124.153662,49.531152],[-124.493945,49.66748],[-124.623291,49.775098],[-124.153662,49.531152]]],[[[-126.641211,49.605811],[-126.938574,49.718457],[-126.896875,49.78291],[-126.698145,49.808496],[-126.641211,49.605811]]],[[[-125.184131,50.097119],[-125.345313,50.353955],[-125.139502,50.339697],[-125.112988,50.163477],[-125.184131,50.097119]]],[[[-128.936865,52.51001],[-129.250488,52.722168],[-129.215039,52.803857],[-128.936865,52.51001]]],[[[-127.924658,51.473877],[-128.091797,51.511133],[-128.031738,51.708398],[-127.916357,51.585449],[-127.924658,51.473877]]],[[[-128.36875,52.400879],[-128.42627,52.502734],[-128.247266,52.784375],[-128.343555,52.426074],[-128.36875,52.400879]]],[[[-129.313721,52.992188],[-129.328711,52.984229],[-129.37002,52.997607],[-129.409717,53.02373],[-129.477783,53.097754],[-129.500146,53.128906],[-129.514746,53.179395],[-129.501074,53.18833],[-129.471436,53.183008],[-129.450732,53.174707],[-129.343506,53.052783],[-129.313721,52.992188]]],[[[-129.167725,53.117871],[-129.323877,53.142139],[-129.251172,53.316699],[-129.167725,53.117871]]],[[[-123.4354,48.754443],[-123.477246,48.72876],[-123.499609,48.732178],[-123.517529,48.750146],[-123.582324,48.925781],[-123.554688,48.92207],[-123.467871,48.867383],[-123.487549,48.845703],[-123.422754,48.793359],[-123.406787,48.756055],[-123.4354,48.754443]]],[[[-59.787598,43.9396],[-59.922266,43.903906],[-60.037744,43.906641],[-60.114258,43.939111],[-60.11748,43.953369],[-59.936035,43.9396],[-59.866357,43.947168],[-59.727148,44.002832],[-59.787598,43.9396]]],[[[-60.961572,45.489941],[-61.002881,45.481738],[-61.0125,45.496045],[-61.076172,45.537305],[-61.081738,45.557812],[-61.025977,45.577344],[-60.912451,45.567285],[-60.953027,45.515527],[-60.961572,45.489941]]],[[[-61.914111,47.284521],[-61.83374,47.222607],[-61.827295,47.469092],[-61.395508,47.637646],[-61.750879,47.430811],[-61.914111,47.284521]]],[[[-64.508594,47.886719],[-64.533887,47.81377],[-64.621289,47.751904],[-64.664648,47.747607],[-64.68457,47.753613],[-64.660498,47.793555],[-64.663281,47.863037],[-64.591113,47.872461],[-64.564844,47.86626],[-64.508594,47.886719]]],[[[-64.476074,47.958887],[-64.591309,47.907227],[-64.540723,47.984961],[-64.51958,48.005078],[-64.500195,48.01377],[-64.48125,48.006934],[-64.476074,47.958887]]],[[[-66.273779,44.292285],[-66.324121,44.257324],[-66.311914,44.291602],[-66.250488,44.379004],[-66.210352,44.392041],[-66.273779,44.292285]]],[[[-66.7625,44.681787],[-66.89707,44.628906],[-66.844727,44.763916],[-66.802148,44.805371],[-66.74541,44.791406],[-66.753369,44.709814],[-66.7625,44.681787]]],[[[-73.566504,45.469092],[-73.643555,45.449121],[-73.775342,45.467627],[-73.920215,45.441943],[-73.960547,45.441406],[-73.85293,45.515723],[-73.687451,45.561426],[-73.522461,45.701172],[-73.476074,45.704736],[-73.538867,45.546436],[-73.55166,45.489844],[-73.566504,45.469092]]],[[[-73.695312,45.585498],[-73.815918,45.564893],[-73.857715,45.573584],[-73.724658,45.671826],[-73.572363,45.694482],[-73.695312,45.585498]]],[[[-71.025732,46.872949],[-71.11665,46.864844],[-71.094971,46.899561],[-70.97085,46.961426],[-70.879639,46.996094],[-70.825781,46.995361],[-70.913477,46.919531],[-71.025732,46.872949]]],[[[-55.536133,50.719678],[-55.569678,50.708691],[-55.600781,50.709033],[-55.629346,50.720801],[-55.633887,50.740186],[-55.604492,50.780713],[-55.527197,50.801221],[-55.469287,50.796387],[-55.472754,50.775928],[-55.503809,50.742139],[-55.536133,50.719678]]],[[[-54.554395,49.588867],[-54.818506,49.514453],[-54.78877,49.591211],[-54.61875,49.62207],[-54.554395,49.588867]]],[[[-55.36123,51.889648],[-55.408887,51.888818],[-55.419629,51.900049],[-55.399805,51.938477],[-55.346484,51.982861],[-55.274072,51.995166],[-55.293555,51.92998],[-55.36123,51.889648]]],[[[-54.093701,49.744434],[-54.019922,49.679492],[-53.980664,49.661963],[-54.238379,49.59165],[-54.269238,49.587012],[-54.286133,49.595361],[-54.28877,49.66084],[-54.277637,49.711475],[-54.258984,49.718994],[-54.199365,49.688525],[-54.137695,49.751172],[-54.093701,49.744434]]],[[[-54.227148,47.441357],[-54.276074,47.406543],[-54.325977,47.408105],[-54.320117,47.438525],[-54.258691,47.497656],[-54.227393,47.53999],[-54.22627,47.565527],[-54.214941,47.585107],[-54.168359,47.60708],[-54.128174,47.646826],[-54.147559,47.573096],[-54.227148,47.441357]]],[[[-64.823828,62.55874],[-64.418066,62.487402],[-64.837305,62.40625],[-64.841943,62.494141],[-64.823828,62.55874]]],[[[-68.233789,60.240918],[-68.338281,60.360596],[-67.978027,60.57041],[-67.844238,60.39165],[-68.233789,60.240918]]],[[[-70.337061,62.54873],[-70.766064,62.596875],[-71.136914,62.815918],[-70.834619,62.840088],[-70.291504,62.615967],[-70.337061,62.54873]]],[[[-64.832617,61.366064],[-65.054395,61.432031],[-65.432129,61.649512],[-64.789648,61.662207],[-64.696387,61.471484],[-64.832617,61.366064]]],[[[-65.030566,61.879053],[-64.94668,61.843359],[-64.84707,61.761523],[-65.230273,61.864014],[-65.125635,61.942236],[-65.030566,61.879053]]],[[[-69.160059,59.040234],[-69.352832,58.960742],[-69.303223,59.144873],[-69.155176,59.063574],[-69.160059,59.040234]]],[[[-64.407031,60.36709],[-64.441943,60.297852],[-64.558203,60.323242],[-64.737939,60.375635],[-64.808984,60.4104],[-64.833789,60.448437],[-64.836426,60.501025],[-64.782568,60.509619],[-64.646289,60.5146],[-64.53252,60.441406],[-64.499805,60.430225],[-64.407031,60.36709]]],[[[-60.994482,56.039307],[-60.982715,56.015137],[-61.137012,56.032568],[-61.191309,56.047852],[-61.19585,56.063916],[-61.188184,56.088965],[-61.157568,56.118359],[-61.086914,56.14082],[-61.048535,56.129248],[-60.966406,56.098828],[-60.955371,56.08042],[-60.994482,56.039307]]],[[[-61.743604,57.55459],[-61.659521,57.524951],[-61.6375,57.416064],[-61.795264,57.422461],[-61.975488,57.49541],[-62.01123,57.548486],[-62.007227,57.557617],[-61.983301,57.566748],[-61.9375,57.554102],[-61.893066,57.573145],[-61.84834,57.579346],[-61.743604,57.55459]]],[[[-67.914697,69.540967],[-67.940283,69.534863],[-68.202344,69.58042],[-68.221387,69.616748],[-68.093262,69.657031],[-67.989111,69.67876],[-67.908838,69.681836],[-67.829102,69.675],[-67.75459,69.631445],[-67.844922,69.591748],[-67.914697,69.540967]]],[[[-62.681543,67.056299],[-62.80542,67.028809],[-62.871631,67.062598],[-62.825098,67.072119],[-62.756982,67.112549],[-62.664404,67.148242],[-62.625293,67.176953],[-62.469727,67.190039],[-62.416797,67.188477],[-62.396338,67.17832],[-62.484619,67.134229],[-62.681543,67.056299]]],[[[-79.063086,75.925879],[-79.544531,75.825635],[-79.381787,76.01084],[-78.845166,76.106299],[-79.063086,75.925879]]],[[[-79.866992,56.774561],[-79.894482,56.757129],[-79.943652,56.776758],[-79.945703,56.826904],[-79.898145,56.865283],[-79.860547,56.863525],[-79.82666,56.843115],[-79.83501,56.816016],[-79.866992,56.774561]]],[[[-79.716504,57.515527],[-79.808447,57.442432],[-79.81084,57.559277],[-79.713477,57.555029],[-79.716504,57.515527]]],[[[-79.518164,56.656689],[-79.581738,56.764844],[-79.51123,56.771436],[-79.496533,56.667285],[-79.518164,56.656689]]],[[[-79.938232,53.30415],[-79.939307,53.274268],[-80.004102,53.280078],[-80.039355,53.297168],[-80.067871,53.324072],[-80.074023,53.344287],[-80.049707,53.364453],[-79.974561,53.352246],[-79.938232,53.30415]]],[[[-79.384277,51.951953],[-79.425586,51.944873],[-79.520605,51.95293],[-79.596875,51.978027],[-79.64375,52.010059],[-79.334863,52.098145],[-79.271289,52.086816],[-79.270215,52.071094],[-79.316602,52.023926],[-79.328955,51.992285],[-79.351514,51.968311],[-79.384277,51.951953]]],[[[-123.372363,48.886133],[-123.384814,48.875195],[-123.541016,48.945947],[-123.645605,49.038623],[-123.689258,49.095117],[-123.482324,48.954687],[-123.37793,48.908252],[-123.372363,48.886133]]],[[[-124.977734,50.02959],[-125.001563,50.020752],[-125.025977,50.134082],[-124.995654,50.175195],[-124.987012,50.19585],[-124.99082,50.217139],[-124.937842,50.165918],[-124.916406,50.131543],[-124.907471,50.083984],[-124.908447,50.071289],[-124.977734,50.02959]]],[[[-73.621729,67.783838],[-74.573389,67.828662],[-74.731445,68.048779],[-73.880713,68.021924],[-73.435254,67.97002],[-73.621729,67.783838]]],[[[-77.876709,63.470557],[-77.538477,63.287061],[-77.657666,63.1646],[-78.255957,63.239844],[-78.417285,63.469971],[-77.876709,63.470557]]],[[[-94.526562,75.749316],[-94.814746,75.821191],[-94.901221,75.930762],[-94.537891,75.996436],[-94.41377,75.884863],[-94.329541,75.765918],[-94.526562,75.749316]]],[[[-80.285254,59.624121],[-80.317236,59.621045],[-80.324658,59.633203],[-80.298975,59.67417],[-80.256641,59.67915],[-80.209961,59.724609],[-80.167236,59.708887],[-80.183057,59.683496],[-80.240527,59.644922],[-80.285254,59.624121]]],[[[-80.064209,59.770801],[-80.16709,59.763867],[-80.122217,59.823193],[-80.083643,59.851855],[-80.041162,59.870166],[-79.955859,59.876953],[-79.898633,59.853125],[-79.949609,59.809912],[-80.064209,59.770801]]],[[[-96.782324,72.936621],[-97.087695,73.098486],[-96.793164,73.165479],[-96.598486,73.073828],[-96.709229,72.946973],[-96.782324,72.936621]]],[[[-97.355518,74.526318],[-97.656104,74.465674],[-97.721582,74.489209],[-97.75,74.510547],[-97.516309,74.60249],[-97.416504,74.626563],[-97.318213,74.597998],[-97.291309,74.576367],[-97.303857,74.559668],[-97.355518,74.526318]]],[[[-98.270361,73.868506],[-98.816602,73.817139],[-99.416992,73.89541],[-99.004687,73.964941],[-98.584961,74.034521],[-97.667432,74.090137],[-97.861084,73.968457],[-98.270361,73.868506]]],[[[-90.199805,69.419092],[-90.330273,69.252197],[-90.455127,69.390479],[-90.228564,69.436035],[-90.199805,69.419092]]],[[[-90.492578,69.221094],[-90.685889,69.287158],[-90.662793,69.37417],[-90.485352,69.246631],[-90.492578,69.221094]]],[[[-74.000439,62.618408],[-74.626465,62.712744],[-74.394775,62.695801],[-74.000439,62.618408]]],[[[-74.880859,68.348682],[-75.400244,68.525488],[-75.287402,68.687744],[-74.884766,68.544629],[-74.82793,68.423779],[-74.880859,68.348682]]],[[[-78.531641,60.728564],[-78.668896,60.716895],[-78.669092,60.731348],[-78.612012,60.772314],[-78.399561,60.808105],[-78.241699,60.818652],[-78.278857,60.783887],[-78.372461,60.756396],[-78.531641,60.728564]]],[[[-78.982715,68.192822],[-79.064062,68.181787],[-79.174023,68.234961],[-79.174756,68.264453],[-79.153467,68.335254],[-78.952588,68.353027],[-78.868701,68.310303],[-78.828516,68.268164],[-78.982715,68.192822]]],[[[-76.677588,63.393945],[-76.783154,63.384033],[-76.921875,63.406348],[-77.057227,63.449756],[-77.364746,63.58833],[-77.133691,63.682031],[-76.763623,63.573584],[-76.652441,63.503564],[-76.677588,63.393945]]],[[[-79.430664,69.787793],[-79.552832,69.630859],[-79.954492,69.523486],[-80.227344,69.562402],[-80.32959,69.586768],[-80.794775,69.689258],[-80.465918,69.737109],[-80.294922,69.793799],[-80.061768,69.745508],[-79.593994,69.810498],[-79.430664,69.787793]]],[[[-78.029102,69.714893],[-78.307227,69.551807],[-78.795312,69.479736],[-78.401855,69.650635],[-78.262451,69.716846],[-78.029102,69.714893]]],[[[-77.64209,63.991895],[-77.714062,63.945703],[-77.928809,63.962012],[-77.95791,63.976025],[-77.965967,63.99292],[-77.931348,64.014795],[-77.710791,64.035645],[-77.617285,64.037207],[-77.569385,64.03042],[-77.563623,64.02207],[-77.64209,63.991895]]],[[[-83.123486,66.282813],[-83.023877,66.270654],[-82.948145,66.271924],[-82.931348,66.257324],[-83.01084,66.208447],[-83.059863,66.199268],[-83.1479,66.234229],[-83.213916,66.277051],[-83.232568,66.302979],[-83.237842,66.331543],[-83.222266,66.336475],[-83.123486,66.282813]]],[[[-79.210645,68.845459],[-79.405762,68.923047],[-79.242676,69.049268],[-78.804102,69.235107],[-78.689062,69.299756],[-78.45791,69.389502],[-78.234082,69.3146],[-78.53291,69.146045],[-78.705371,69.013672],[-79.210645,68.845459]]],[[[-76.995361,69.14375],[-77.321924,69.193604],[-77.340918,69.403857],[-76.994092,69.411768],[-76.67002,69.348584],[-76.91123,69.174658],[-76.995361,69.14375]]],[[[-86.913037,70.113232],[-86.563379,70.077246],[-86.734326,69.976318],[-87.19082,70.018555],[-87.168115,70.127246],[-86.913037,70.113232]]],[[[-83.725977,65.796729],[-83.23374,65.715039],[-83.381445,65.62998],[-83.606543,65.701367],[-83.649512,65.657764],[-83.701904,65.756201],[-84.008496,65.751514],[-84.193213,65.942139],[-84.450586,66.064404],[-84.122266,66.077832],[-83.693652,65.890381],[-83.725977,65.796729]]],[[[-86.595557,67.735938],[-86.892529,67.836572],[-86.84707,68.010254],[-86.898682,68.162891],[-86.569922,68.287695],[-86.42002,68.073926],[-86.446924,67.816992],[-86.595557,67.735938]]],[[[-84.674756,65.575],[-84.868945,65.650537],[-85.136279,65.82085],[-85.149609,66.015381],[-84.889453,65.97207],[-84.602637,65.657373],[-84.674756,65.575]]],[[[-93.043945,61.844092],[-93.084814,61.841699],[-93.176562,61.892725],[-93.19668,61.918555],[-93.075781,61.93501],[-92.993018,61.889697],[-92.999951,61.86748],[-93.043945,61.844092]]],[[[-101.226123,76.579346],[-101.509473,76.627734],[-100.621582,76.75249],[-101.226123,76.579346]]],[[[-103.003369,78.146436],[-103.118213,78.126367],[-103.252246,78.138135],[-103.270996,78.150635],[-103.273584,78.165771],[-103.260059,78.183496],[-103.110449,78.24585],[-102.973291,78.267236],[-102.891797,78.27124],[-102.825537,78.250049],[-102.788281,78.218164],[-103.003369,78.146436]]],[[[-101.693555,77.696582],[-102.458203,77.770166],[-102.263184,77.889355],[-101.193213,77.829785],[-101.002051,77.735107],[-101.693555,77.696582]]],[[[-89.726465,76.507422],[-90.054297,76.495117],[-90.55625,76.73457],[-90.136328,76.836963],[-89.69541,76.741162],[-89.822119,76.630615],[-89.726367,76.520801],[-89.726465,76.507422]]],[[[-96.078564,75.510107],[-96.461621,75.494238],[-96.857129,75.369141],[-96.982812,75.509814],[-96.417236,75.630713],[-96.039844,75.585791],[-96.078564,75.510107]]],[[[-95.306641,74.50542],[-95.834375,74.569043],[-95.660449,74.636914],[-95.274463,74.519189],[-95.306641,74.50542]]],[[[-121.076221,75.745264],[-121.026318,75.84751],[-120.993018,75.927441],[-120.896875,75.844531],[-121.076221,75.745264]]],[[[-113.560693,76.743262],[-114.835254,76.794678],[-113.70752,76.872949],[-113.560693,76.743262]]],[[[-104.119922,75.036328],[-104.887402,75.147754],[-104.690381,75.320703],[-104.074658,75.424512],[-103.75791,75.289062],[-103.642139,75.162939],[-104.119922,75.036328]]],[[[-100.217236,68.806689],[-100.397314,68.723828],[-100.521045,68.790674],[-100.625391,68.815918],[-100.611572,68.990186],[-100.413965,69.028076],[-100.178467,68.903906],[-100.217236,68.806689]]],[[[-99.994678,69.013525],[-100.241992,69.040381],[-100.153125,69.129492],[-99.994678,69.013525]]],[[[-100.30835,70.495801],[-100.647754,70.563135],[-100.537939,70.668604],[-100.323242,70.542432],[-100.30835,70.495801]]],[[[-95.513672,69.573633],[-95.437451,69.378467],[-95.730127,69.347559],[-95.682812,69.500293],[-95.817773,69.540576],[-95.893457,69.351758],[-95.994775,69.469678],[-95.797754,69.625732],[-95.513672,69.573633]]],[[[-101.171729,69.39707],[-101.267627,69.431494],[-101.230127,69.492822],[-101.312891,69.576074],[-101.000635,69.461914],[-101.171729,69.39707]]],[[[-101.845898,68.586328],[-102.308154,68.681982],[-102.013379,68.825391],[-101.721631,68.724121],[-101.845898,68.586328]]],[[[-104.540674,68.405908],[-104.965234,68.491748],[-104.907275,68.581787],[-104.444531,68.470703],[-104.540674,68.405908]]],[[[-107.899854,67.401807],[-108.07334,67.385059],[-108.127539,67.628564],[-107.989355,67.513574],[-107.899854,67.401807]]],[[[-109.166406,67.982373],[-109.053906,67.971875],[-108.970508,67.979736],[-108.909619,67.939404],[-108.886035,67.898535],[-108.893848,67.884473],[-108.920166,67.878809],[-109.09624,67.924023],[-109.161523,67.951709],[-109.183594,67.975],[-109.166406,67.982373]]],[[[-108.092725,67.005176],[-107.966455,66.997266],[-107.805518,66.998584],[-107.83335,66.921338],[-107.895166,66.871875],[-107.943945,66.857812],[-107.965137,66.884863],[-108.059717,66.946875],[-108.092725,67.005176]]],[[[-109.323145,67.990869],[-109.36084,67.987598],[-109.497949,68.047021],[-109.469141,68.097998],[-109.341699,68.04585],[-109.323535,68.01333],[-109.323145,67.990869]]],[[[-139.043115,69.576904],[-139.125732,69.539307],[-139.256982,69.578564],[-139.291406,69.597852],[-139.1396,69.649609],[-139.072656,69.647656],[-138.931543,69.616943],[-138.878857,69.589697],[-139.043115,69.576904]]]]}},{"type":"Feature","geometry":{"type":"Polygon","coordinates":[[[8.555859,4.755225],[8.800977,5.197461],[8.997168,5.917725],[9.442188,6.373389],[9.725586,6.65],[10.038867,6.921387],[10.205469,6.891602],[10.519043,6.930469],[10.737598,6.988281],[11.03252,6.6979],[11.237305,6.450537],[11.529102,6.655029],[11.65752,6.951562],[11.808594,7.201953],[12.016016,7.589746],[12.231152,8.227393],[12.582715,8.624121],[12.806543,8.886621],[12.929492,9.42627],[13.221191,9.645166],[13.269922,10.036182],[13.699902,10.873145],[14.143262,11.248535],[14.559766,11.492285],[14.597363,11.829834],[14.587012,12.209424],[14.272852,12.356494],[14.170313,12.524072],[14.461719,13.021777],[14.76123,12.655615],[14.973828,12.10835],[15.078027,11.642578],[15.029883,11.113672],[15.276074,10.357373],[15.540918,9.960303],[15.071582,9.965967],[14.243262,9.979736],[14.00498,9.588721],[14.332324,9.203516],[14.82627,8.810303],[15.252344,8.322363],[15.549805,7.787891],[15.480078,7.523779],[15.18584,7.134912],[14.982715,6.745312],[14.739258,6.279785],[14.475,6.126807],[14.503125,5.916895],[14.616895,5.865137],[14.568066,5.351074],[14.640625,5.179053],[14.77041,4.558105],[15.0875,4.163965],[15.067383,4.022949],[15.239844,3.702148],[15.676563,3.229687],[15.928711,3.075781],[16.082422,2.839111],[16.101855,2.632666],[16.183398,2.270068],[16.080078,2.106787],[16.136133,1.724219],[15.975195,1.76001],[15.41748,1.956738],[15.160059,2.035596],[14.902441,2.012305],[14.72832,2.122412],[14.484082,2.154736],[13.533496,2.159521],[13.130859,2.259424],[12.529785,2.281348],[11.939746,2.285156],[11.339941,2.233838],[10.502246,2.167627],[9.836914,2.242383],[9.821777,2.539258],[9.915039,3.239648],[9.642383,3.611768],[9.628125,3.87002],[9.649219,4.00835],[9.550586,4.028418],[9.462012,3.942529],[9.297363,3.972949],[8.977051,4.23042],[8.918262,4.55376],[8.761914,4.580029],[8.65625,4.516357],[8.570508,4.7521],[8.555859,4.755225]]]}},{"type":"Feature","geometry":{"type":"MultiPolygon","coordinates":[[[[103.045117,11.285059],[103.027344,11.275488],[103.010547,11.275781],[102.993359,11.29043],[102.99502,11.348096],[103.00752,11.383301],[103.036816,11.389941],[103.045117,11.285059]]],[[[103.317773,10.718506],[103.28125,10.679688],[103.222949,10.75957],[103.223437,10.781982],[103.317773,10.718506]]],[[[107.519434,14.705078],[107.364453,14.368701],[107.362109,14.019482],[107.593945,13.52168],[107.481543,12.933105],[107.538086,12.431787],[107.330078,12.319043],[107.050684,12.175879],[106.630957,11.969189],[106.410742,11.738379],[106.23916,11.70835],[105.926562,11.65293],[105.835352,11.559131],[105.891602,11.244824],[106.131543,10.921973],[105.938184,10.885156],[105.755078,10.98999],[105.405762,10.951611],[105.159473,10.897559],[105.061133,10.733789],[104.850586,10.534473],[104.514063,10.46333],[103.937109,10.586621],[103.661914,10.508936],[103.59209,10.721045],[103.59502,11.107764],[103.353613,10.921582],[103.091113,11.211084],[103.004199,11.710596],[102.918066,11.73208],[102.755664,12.42627],[102.490723,12.82832],[102.330762,13.288232],[102.546875,13.585693],[102.728906,13.841895],[103.031055,14.252539],[103.546387,14.417432],[103.898633,14.362793],[104.411621,14.36958],[104.969727,14.366113],[105.074121,14.227441],[105.185547,14.319092],[105.350195,14.10957],[105.764063,14.049072],[106.124707,14.049121],[106.008398,14.357178],[106.267969,14.466211],[106.531152,14.549414],[106.738184,14.387744],[106.938086,14.327344],[107.109375,14.416699],[107.379883,14.555322],[107.519434,14.705078]]]]}},{"type":"Feature","geometry":{"type":"MultiPolygon","coordinates":[[[[100.122461,20.31665],[99.825195,20.384473],[99.531641,20.342822],[99.50166,20.187744],[99.337891,20.078906],[99.074219,20.099365],[98.958008,19.804932],[98.760645,19.771094],[98.293652,19.687256],[98.015039,19.749512],[97.793555,19.265869],[97.754004,18.620801],[97.577344,18.528711],[97.373926,18.517969],[97.599316,18.302979],[97.719727,18.037402],[97.729102,17.77583],[98.174609,17.239893],[98.478125,16.732227],[98.660742,16.33042],[98.888281,16.351904],[98.592383,16.050684],[98.565234,15.403564],[98.329395,15.278564],[98.17793,15.147412],[98.400195,14.602979],[98.933594,14.049854],[99.156055,13.575781],[99.107422,13.103516],[99.219824,12.739746],[99.394238,12.473633],[99.522949,12.089648],[99.515234,11.630664],[99.190137,11.105273],[98.757227,10.660937],[98.746875,10.35083],[98.562598,10.034961],[98.464941,10.67583],[98.675586,10.986914],[98.733301,11.435254],[98.875977,11.719727],[98.636328,11.738379],[98.689453,11.956738],[98.630566,12.225488],[98.624414,12.440723],[98.637109,12.848242],[98.421289,13.483789],[98.200391,13.980176],[98.072656,13.986475],[97.909766,14.652686],[97.869141,14.738721],[97.774219,15.430957],[97.640625,16.253857],[97.668457,16.551611],[97.331055,16.671777],[97.200195,17.09541],[96.851465,17.401025],[96.908594,17.030957],[96.622461,16.563916],[96.282227,16.595996],[96.189063,16.768311],[96.293066,16.410059],[96.032129,16.284619],[95.679492,15.976758],[95.301465,15.756152],[95.333008,16.033252],[94.942578,15.818262],[94.897852,16.14082],[94.798145,15.971094],[94.680762,16.133301],[94.70332,16.511914],[94.5875,16.288818],[94.223828,16.016455],[94.353418,16.639941],[94.494336,17.166553],[94.494336,17.824609],[94.170703,18.732422],[94.038965,19.146191],[93.941016,19.146094],[93.800098,18.960596],[93.530566,19.397559],[93.886133,19.271924],[93.887891,19.503906],[93.739551,19.697266],[93.707031,19.912158],[93.362305,20.058301],[93.190625,19.851221],[93.095508,20.181348],[93.035352,20.406152],[92.82832,20.177588],[92.891113,20.340332],[92.708984,20.563965],[92.37832,20.717578],[92.268457,21.004688],[92.17959,21.293115],[92.372656,21.409033],[92.599805,21.270166],[92.584277,21.609033],[92.652637,22.049316],[92.771387,22.104785],[93.021973,22.145703],[93.151172,22.230615],[93.088184,22.633252],[93.150977,22.997314],[93.308008,23.030371],[93.408105,23.528027],[93.32627,24.064209],[93.564063,23.986084],[93.855469,23.943896],[94.170313,23.972656],[94.399414,24.514062],[94.707617,25.04873],[94.566504,25.191504],[94.622852,25.41001],[94.945703,25.700244],[95.092969,25.987305],[95.068945,26.191113],[95.128711,26.597266],[95.738379,26.950439],[96.061426,27.21709],[96.731641,27.331494],[97.038086,27.102051],[96.883594,27.514844],[97.049707,27.76001],[97.335156,27.937744],[97.310254,28.155225],[97.477734,28.425635],[97.658887,28.5],[97.816504,28.356348],[98.022266,28.211523],[98.130469,27.967578],[98.350488,27.538086],[98.504492,27.647656],[98.682422,27.245312],[98.738477,26.785742],[98.671875,26.298535],[98.564063,26.072412],[98.625391,25.826709],[98.333789,25.586768],[98.099609,25.415723],[97.917969,25.236133],[97.710742,24.970361],[97.583301,24.774805],[97.623633,24.422949],[97.690625,24.130811],[97.686035,23.898096],[98.2125,24.110645],[98.583398,24.069824],[98.833984,24.090576],[98.735059,23.783105],[98.819727,23.48252],[98.86377,23.19126],[99.418066,23.069238],[99.466797,22.927295],[99.337695,22.498047],[99.173438,22.15332],[99.388672,22.110791],[99.947852,21.98833],[99.978223,21.701611],[100.089258,21.55791],[100.350586,21.501025],[100.677148,21.504932],[101.120703,21.746094],[101.138867,21.56748],[100.756641,21.312646],[100.566602,21.038184],[100.617676,20.879248],[100.407422,20.823242],[100.129687,20.372217],[100.122461,20.31665]]],[[[98.209766,10.952734],[98.293457,10.779687],[98.284375,10.753125],[98.271484,10.739893],[98.251758,10.744434],[98.218164,10.837744],[98.155371,10.897949],[98.080469,10.886621],[98.142578,10.963135],[98.167285,10.980322],[98.209766,10.952734]]],[[[98.182617,9.933447],[98.134375,9.875391],[98.118066,9.877881],[98.140234,9.974658],[98.220703,10.045215],[98.291699,10.051318],[98.283398,10.007617],[98.23125,9.953955],[98.182617,9.933447]]],[[[98.22168,11.478223],[98.216211,11.455762],[98.209375,11.456543],[98.187305,11.472412],[98.201074,11.567187],[98.239062,11.644727],[98.278125,11.758398],[98.299609,11.783008],[98.30752,11.7229],[98.283789,11.594092],[98.263281,11.523633],[98.22168,11.478223]]],[[[98.516016,11.905029],[98.474316,11.899414],[98.454492,12.061279],[98.466211,12.084277],[98.525293,12.005176],[98.60957,11.956641],[98.576465,11.925098],[98.516016,11.905029]]],[[[98.553809,11.744873],[98.528418,11.538672],[98.464844,11.567187],[98.434766,11.56709],[98.396875,11.683545],[98.399512,11.714844],[98.376465,11.791504],[98.523535,11.804932],[98.553809,11.744873]]],[[[98.413965,12.597949],[98.436426,12.570508],[98.468262,12.571338],[98.459473,12.47373],[98.380859,12.353662],[98.334473,12.336182],[98.313867,12.335986],[98.331445,12.511426],[98.302539,12.611572],[98.312109,12.678174],[98.396484,12.647119],[98.413965,12.597949]]],[[[98.136719,12.150439],[98.037305,12.232471],[98.122461,12.278711],[98.136719,12.150439]]],[[[94.476758,15.945947],[94.411914,15.848389],[94.387891,15.994141],[94.49375,16.075342],[94.545996,16.152832],[94.60127,16.205518],[94.618652,16.141309],[94.566113,16.019287],[94.476758,15.945947]]],[[[97.575,16.253223],[97.537207,16.240137],[97.480371,16.305713],[97.469141,16.461035],[97.516406,16.496875],[97.541992,16.505078],[97.579004,16.486035],[97.593262,16.460791],[97.599609,16.429541],[97.589355,16.397363],[97.575,16.253223]]],[[[93.69082,18.684277],[93.674023,18.675684],[93.569922,18.75957],[93.4875,18.867529],[93.618262,18.888818],[93.744727,18.865527],[93.745508,18.808057],[93.718359,18.715723],[93.69082,18.684277]]],[[[93.491797,19.892578],[93.513281,19.754785],[93.444629,19.806445],[93.419531,19.877588],[93.412891,19.950342],[93.491797,19.892578]]],[[[93.714844,19.558252],[93.947461,19.408154],[93.755859,19.325684],[93.688379,19.544434],[93.714844,19.558252]]],[[[98.541699,10.961523],[98.518945,10.959375],[98.498047,10.964258],[98.477441,10.979736],[98.526563,11.086963],[98.541699,10.961523]]],[[[98.075488,11.692383],[98.083594,11.636816],[98.021094,11.695898],[98.010352,11.860254],[98.05957,11.756689],[98.080762,11.733203],[98.075488,11.692383]]],[[[98.066113,12.389795],[98.060352,12.353516],[98.002344,12.279004],[97.951758,12.322314],[97.938672,12.346094],[97.990234,12.393799],[98.045117,12.387012],[98.059863,12.397852],[98.066113,12.389795]]],[[[98.31543,13.099072],[98.30918,12.934717],[98.259277,13.014014],[98.250781,13.104395],[98.25459,13.188574],[98.265332,13.202246],[98.268555,13.189355],[98.298633,13.15166],[98.31543,13.099072]]],[[[94.804883,15.819336],[94.784375,15.793848],[94.743359,15.812109],[94.733496,15.823047],[94.828027,15.933008],[94.838184,15.89209],[94.804883,15.819336]]],[[[93.010156,19.923926],[93.023242,19.828857],[92.975195,19.868018],[92.912695,19.999805],[92.914648,20.086475],[92.95957,20.046191],[93.010156,19.923926]]]]}},{"type":"Feature","geometry":{"type":"Polygon","coordinates":[[[30.553613,-2.400098],[30.434375,-2.658887],[30.424023,-2.824023],[30.604297,-2.935254],[30.793555,-3.069336],[30.681836,-3.309375],[30.631934,-3.418652],[30.379102,-3.730762],[30.147168,-4.085352],[29.403223,-4.449316],[29.211816,-3.833789],[29.212305,-3.28125],[29.064746,-2.850781],[29.028613,-2.664551],[29.29707,-2.673047],[29.651367,-2.792773],[29.892578,-2.664648],[30.091895,-2.411523],[30.233789,-2.34707],[30.528906,-2.395605],[30.553613,-2.400098]]]}},{"type":"Feature","geometry":{"type":"Polygon","coordinates":[[[0.900488,10.993262],[0.490723,10.978174],[-0.299463,11.166895],[-0.430322,11.093262],[-0.597656,10.953662],[-0.771582,10.995264],[-1.232617,10.997217],[-1.900635,10.994678],[-2.7521,10.996973],[-2.914893,10.592334],[-2.786621,10.401904],[-2.766504,10.238184],[-2.749805,9.797217],[-2.69585,9.481348],[-2.875146,9.500928],[-3.042627,9.720898],[-3.289697,9.882227],[-3.877637,9.894922],[-4.332227,9.645703],[-4.62583,9.713574],[-4.969922,9.930078],[-5.175293,10.292627],[-5.523535,10.426025],[-5.45708,10.771387],[-5.347412,11.130273],[-5.244775,11.576758],[-5.288135,11.82793],[-4.968994,11.993311],[-4.586914,12.155029],[-4.421582,12.493066],[-4.2271,12.793701],[-4.328711,13.119043],[-4.051172,13.382422],[-3.527637,13.182715],[-3.266748,13.400781],[-3.038672,13.639111],[-2.918506,13.736377],[-2.586719,14.227588],[-2.057129,14.194629],[-1.695068,14.508496],[-1.049561,14.819531],[-0.666455,15.069775],[-0.40542,15.0125],[0.203809,14.865039],[0.250586,14.396436],[0.374023,14.076367],[0.68457,13.6854],[0.897949,13.610937],[1.125977,13.412354],[0.988477,13.364844],[1.00791,13.024805],[1.564941,12.6354],[1.956152,12.707422],[2.159766,12.636426],[2.203809,12.412598],[2.072949,12.309375],[2.38916,11.89707],[1.980371,11.418408],[1.501367,11.455566],[1.364844,11.378906],[1.178711,11.262744],[1.097559,11.156348],[1.013867,11.068115],[0.900488,10.993262]]]}},{"type":"Feature","geometry":{"type":"Polygon","coordinates":[[[28.014453,41.969043],[27.738867,41.961523],[27.474805,41.946875],[27.193359,42.0771],[26.800391,41.975146],[26.549707,41.896729],[26.327246,41.772803],[26.107422,41.725684],[26.11123,41.608203],[26.066406,41.350684],[25.621484,41.310107],[25.133398,41.315771],[24.77373,41.356104],[24.518262,41.552539],[24.230371,41.530811],[23.973535,41.452295],[23.53584,41.386035],[23.155957,41.32207],[22.951465,41.605615],[22.943945,41.775098],[22.682324,42.059131],[22.42207,42.328857],[22.524219,42.503906],[22.465625,42.750781],[22.558105,42.878467],[22.915234,43.075977],[22.85957,43.252344],[22.55459,43.454492],[22.394824,43.706641],[22.399023,43.969531],[22.603418,44.148584],[22.775195,44.195215],[22.985352,44.016992],[22.867676,43.864551],[23.950781,43.78667],[25.159668,43.686328],[25.933398,43.870557],[27.086914,44.167383],[27.670898,43.997803],[27.948926,43.918604],[28.423438,43.740479],[28.319629,43.426855],[27.928906,43.186133],[27.753711,42.706543],[27.821387,42.208008],[28.014453,41.969043]]]}},{"type":"Feature","geometry":{"type":"MultiPolygon","coordinates":[[[[115.140039,4.899756],[115.279297,4.456348],[115.24668,4.347217],[115.026758,4.691357],[115.140039,4.899756]]],[[[115.026758,4.899707],[114.74668,4.718066],[114.818262,4.42876],[114.810449,4.266504],[114.608301,4.023975],[114.416602,4.255859],[114.261035,4.414258],[114.063867,4.592676],[114.544727,4.724561],[114.99541,5.022363],[115.026758,4.899707]]]]}},{"type":"Feature","geometry":{"type":"MultiPolygon","coordinates":[[[[-66.876025,1.223047],[-66.30166,0.751953],[-65.925879,0.863135],[-65.644678,0.970361],[-65.556055,0.687988],[-65.263965,0.931885],[-64.910107,1.219727],[-64.584375,1.369873],[-64.304199,1.455273],[-64.035449,1.904443],[-63.844482,1.976709],[-63.43252,2.155566],[-63.584619,2.433936],[-64.046582,2.502393],[-64.037793,2.801514],[-64.227051,3.491211],[-64.668994,4.011816],[-64.722266,4.274414],[-64.525537,4.13999],[-64.121729,4.066992],[-63.746973,3.932568],[-63.379785,3.942871],[-63.045312,3.686475],[-62.739941,3.940332],[-62.543945,4.084326],[-62.081592,4.126318],[-61.367529,4.433008],[-61.036279,4.519336],[-60.833398,4.729199],[-60.603857,4.949365],[-60.711963,5.191553],[-60.459521,5.188086],[-60.181738,5.238818],[-59.990674,5.082861],[-60.031787,4.740527],[-60.148633,4.533252],[-59.906104,4.480322],[-59.699707,4.353516],[-59.691211,4.1604],[-59.551123,3.933545],[-59.679004,3.699805],[-59.828809,3.398584],[-59.972314,2.990479],[-59.889648,2.362939],[-59.751758,1.962402],[-59.668506,1.842334],[-59.535693,1.7],[-59.316992,1.4646],[-58.916602,1.248877],[-58.730322,1.24751],[-58.495703,1.312256],[-58.395801,1.481738],[-58.314209,1.591943],[-58.142236,1.516992],[-57.995117,1.574316],[-57.795654,1.7],[-57.500439,1.773828],[-57.275586,1.959229],[-57.037598,1.936475],[-56.76626,1.892187],[-56.525488,1.927246],[-56.227148,1.885352],[-55.921631,1.97666],[-56.073633,2.236768],[-56.045117,2.364404],[-55.957471,2.520459],[-55.658936,2.41875],[-55.187695,2.54751],[-55.005811,2.592969],[-54.876074,2.450391],[-54.70293,2.397949],[-54.591943,2.31377],[-54.293066,2.154248],[-54.089746,2.150488],[-53.794238,2.345996],[-53.683691,2.29292],[-53.366016,2.324219],[-53.229785,2.204883],[-52.964844,2.183545],[-52.700635,2.363672],[-52.554688,2.647656],[-52.356641,3.051562],[-52.229443,3.27168],[-51.990625,3.702002],[-51.82749,3.86958],[-51.652539,4.061279],[-51.3271,4.224756],[-50.994141,3.077539],[-50.736963,2.376758],[-50.658936,2.130957],[-50.458887,1.82959],[-49.957129,1.659863],[-49.937939,1.121436],[-50.343262,0.751025],[-50.816357,0.172559],[-51.28291,-0.085205],[-51.555029,-0.549121],[-51.819141,-1.117773],[-52.020459,-1.399023],[-52.310303,-1.55957],[-51.531201,-1.354102],[-50.992041,-0.986328],[-50.917871,-1.115234],[-50.818652,-1.37627],[-50.690039,-1.761719],[-50.260449,-1.922949],[-49.902979,-1.870605],[-49.398633,-1.971582],[-49.599316,-2.583887],[-49.45752,-2.50459],[-48.991309,-1.829785],[-48.462939,-1.613965],[-48.468066,-1.393848],[-48.306494,-1.039844],[-48.128467,-0.795215],[-47.960938,-0.769629],[-47.731494,-0.710449],[-47.470703,-0.748535],[-47.439063,-0.647656],[-47.126904,-0.74541],[-46.81123,-0.779688],[-46.516309,-0.996875],[-46.21499,-1.099805],[-45.778809,-1.250781],[-45.353027,-1.567383],[-45.18208,-1.507031],[-44.828369,-1.67168],[-44.720947,-1.792285],[-44.537793,-2.052734],[-44.70752,-2.241113],[-44.579004,-2.230469],[-44.381836,-2.365527],[-44.589014,-2.573438],[-44.723047,-3.204785],[-44.308154,-2.535156],[-44.101367,-2.560059],[-44.192676,-2.80957],[-43.728613,-2.518164],[-43.229687,-2.386035],[-42.593555,-2.661035],[-41.721875,-2.808887],[-41.194531,-2.886133],[-39.964697,-2.861523],[-39.352686,-3.197363],[-38.475781,-3.71748],[-37.795654,-4.404297],[-36.954883,-4.936719],[-36.386719,-5.084277],[-35.481689,-5.166016],[-35.095459,-6.185352],[-34.875977,-7.00293],[-34.857764,-7.533301],[-34.878613,-7.747461],[-34.96665,-8.407617],[-35.763965,-9.702539],[-35.885449,-9.847656],[-36.411621,-10.489941],[-37.093359,-11.054785],[-37.315137,-11.375977],[-37.320801,-11.266602],[-37.411816,-11.497266],[-38.019238,-12.591309],[-38.498926,-12.956641],[-38.743896,-12.748535],[-38.763721,-12.907227],[-39.030908,-13.365137],[-39.009082,-13.581445],[-39.034912,-13.991016],[-38.942334,-14.030664],[-38.943213,-15.564355],[-39.063232,-16.504395],[-39.215234,-17.31582],[-39.412598,-17.92002],[-39.741943,-18.845996],[-39.844727,-19.649121],[-40.298877,-20.292676],[-40.727051,-20.846191],[-41.047266,-21.505664],[-41.000293,-21.999023],[-41.98042,-22.580664],[-41.9875,-22.845117],[-42.829297,-22.97334],[-43.100684,-22.850098],[-43.229004,-22.747656],[-43.193604,-22.938574],[-43.736523,-23.066602],[-43.791406,-23.045996],[-44.047461,-22.944727],[-44.681152,-23.106934],[-44.619092,-23.316406],[-45.325391,-23.599707],[-45.5271,-23.804785],[-46.630762,-24.110352],[-47.831152,-24.95293],[-47.959375,-25.06543],[-48.202734,-25.416504],[-48.40249,-25.27207],[-48.56416,-25.447461],[-48.507031,-25.521289],[-48.665771,-25.844336],[-48.619434,-26.179395],[-48.700684,-26.34834],[-48.677734,-26.70293],[-48.55415,-27.195996],[-48.605664,-27.825195],[-48.797266,-28.442676],[-49.499902,-29.075391],[-50.619971,-30.897656],[-51.4604,-31.702441],[-52.068945,-32.063086],[-51.995117,-31.815039],[-51.680664,-31.774609],[-51.15752,-31.266797],[-50.954395,-31.052148],[-50.689307,-30.704199],[-50.581934,-30.438867],[-50.931885,-30.374316],[-51.233594,-30.121387],[-51.281787,-30.244141],[-51.287695,-30.591211],[-51.376465,-30.846875],[-51.506299,-31.104492],[-51.994873,-31.489941],[-52.191553,-31.967578],[-52.274609,-32.32373],[-52.762891,-33.266406],[-53.463574,-33.709863],[-53.530371,-33.500293],[-53.395215,-33.010352],[-53.157275,-32.680078],[-53.601709,-32.403027],[-53.761719,-32.056836],[-53.985156,-31.928125],[-54.477686,-31.622754],[-55.036035,-31.279004],[-55.278955,-31.18418],[-55.449561,-30.964453],[-55.650488,-30.89209],[-55.807764,-31.036719],[-56.015527,-31.059668],[-56.105859,-30.71377],[-56.832715,-30.107227],[-57.186914,-30.264844],[-57.608887,-30.187793],[-57.300684,-29.856543],[-56.772461,-29.417871],[-56.475977,-29.09248],[-56.102881,-28.651758],[-55.930176,-28.472852],[-55.858887,-28.354199],[-55.671973,-28.344922],[-55.582373,-28.120996],[-55.24375,-27.898828],[-55.039941,-27.767773],[-54.875732,-27.599219],[-54.665869,-27.526563],[-54.448145,-27.446484],[-54.156445,-27.253809],[-53.915625,-27.15957],[-53.727148,-26.804688],[-53.710938,-26.351855],[-53.823242,-25.95957],[-54.012305,-25.57793],[-54.206152,-25.52959],[-54.443945,-25.625],[-54.610547,-25.432715],[-54.412988,-24.86748],[-54.318262,-24.128125],[-54.440234,-23.901758],[-54.721387,-23.852148],[-55.081885,-23.997656],[-55.415918,-23.951367],[-55.518457,-23.627246],[-55.518457,-23.415625],[-55.561426,-23.154297],[-55.650732,-22.886426],[-55.647412,-22.621875],[-55.799561,-22.353906],[-56.06748,-22.284473],[-56.351855,-22.178613],[-56.550293,-22.135645],[-56.775195,-22.261328],[-57.142334,-22.215039],[-57.476367,-22.188574],[-57.764062,-22.10918],[-57.985693,-22.046387],[-57.949316,-21.851172],[-57.926172,-21.649512],[-57.906299,-21.417969],[-57.86001,-21.20625],[-57.892236,-20.89707],[-57.908496,-20.776367],[-57.979053,-20.657324],[-58.025391,-20.41582],[-58.137793,-20.237305],[-58.021143,-20.055176],[-58.029932,-19.832715],[-57.874512,-19.229492],[-57.728613,-18.967383],[-57.63916,-18.475],[-57.495654,-18.214648],[-57.780176,-17.671777],[-57.990918,-17.512891],[-58.417383,-17.080566],[-58.350391,-16.49082],[-58.375391,-16.283594],[-58.957275,-16.313184],[-60.187207,-16.132129],[-60.380469,-15.318262],[-60.27334,-15.08877],[-60.39624,-14.332813],[-60.428076,-14.1],[-60.506592,-13.789844],[-61.077002,-13.489746],[-61.575684,-13.524805],[-62.094775,-13.241992],[-62.352832,-13.132422],[-62.835156,-12.953711],[-63.06748,-12.669141],[-63.34668,-12.680078],[-63.688574,-12.478027],[-64.255029,-12.483301],[-64.61167,-12.203906],[-64.914355,-12.005957],[-65.037109,-11.829395],[-65.163379,-11.765137],[-65.206201,-11.580566],[-65.342383,-11.315039],[-65.371582,-11.110352],[-65.43999,-10.58623],[-65.313086,-10.253027],[-65.309326,-9.872656],[-65.491992,-9.731738],[-65.924707,-9.785449],[-66.575342,-9.899902],[-67.280469,-10.317285],[-67.66665,-10.598926],[-67.991699,-10.674414],[-68.311133,-10.975195],[-68.678369,-11.112793],[-68.84834,-11.011133],[-69.578613,-10.951758],[-70.066309,-10.982422],[-70.392285,-11.058594],[-70.642334,-11.010254],[-70.638525,-10.181543],[-70.567236,-9.70459],[-70.541113,-9.4375],[-70.758496,-9.57168],[-71.041748,-9.81875],[-71.608008,-10.006055],[-72.179102,-9.910156],[-72.289014,-9.629199],[-72.605469,-9.452051],[-73.089844,-9.265723],[-73.122559,-8.814063],[-73.351709,-8.51416],[-73.488135,-8.392188],[-73.610107,-8.191895],[-73.72041,-7.985742],[-73.7146,-7.829004],[-73.894629,-7.654785],[-73.981738,-7.535742],[-73.964307,-7.378906],[-73.804639,-7.341211],[-73.758203,-7.172754],[-73.758105,-6.905762],[-73.240332,-6.564063],[-73.135352,-6.344336],[-73.209375,-6.028711],[-72.970215,-5.589648],[-72.907471,-5.157715],[-72.60835,-5.00957],[-72.08252,-4.642285],[-71.668359,-4.487305],[-71.23501,-4.388184],[-70.866016,-4.22959],[-70.530664,-4.167578],[-70.23916,-4.301172],[-70.003955,-4.327246],[-69.911035,-3.996582],[-69.669043,-2.667676],[-69.478613,-1.621973],[-69.411426,-1.152246],[-69.44873,-0.99873],[-69.55459,-0.877441],[-69.620703,-0.720898],[-69.611914,-0.55332],[-69.82793,-0.381348],[-70.070947,0.018555],[-69.985449,0.58584],[-69.756738,0.626367],[-69.603613,0.680371],[-69.420801,0.698389],[-69.305518,0.652441],[-69.174072,0.635352],[-69.176758,0.712842],[-69.193848,0.898291],[-69.361377,1.064014],[-69.517139,1.059473],[-69.751318,1.076611],[-69.849463,1.543896],[-69.650049,1.739453],[-69.394336,1.725781],[-68.678467,1.721484],[-68.213281,1.774561],[-68.193799,1.987012],[-67.989746,1.752539],[-67.711865,1.922119],[-67.457764,2.121143],[-67.205811,1.844824],[-67.093652,1.21001],[-66.876025,1.223047]]],[[[-49.628662,-0.229199],[-49.215088,-0.158691],[-48.51543,-0.248242],[-48.428027,-0.441504],[-48.56665,-0.684473],[-48.624072,-0.986914],[-48.839697,-1.226562],[-48.928906,-1.482324],[-49.172705,-1.412598],[-49.344824,-1.595215],[-49.587891,-1.712402],[-49.911328,-1.762988],[-50.338428,-1.755957],[-50.617188,-1.637695],[-50.729492,-1.126758],[-50.576953,-1.103125],[-50.796094,-0.90625],[-50.703076,-0.528516],[-50.461572,-0.157422],[-49.628662,-0.229199]]],[[[-44.129297,-23.141895],[-44.098047,-23.169336],[-44.155762,-23.166602],[-44.220508,-23.19082],[-44.320068,-23.212305],[-44.360156,-23.17207],[-44.274121,-23.116211],[-44.242871,-23.074121],[-44.22041,-23.08291],[-44.191602,-23.113281],[-44.129297,-23.141895]]],[[[-48.584424,-26.401563],[-48.603076,-26.41377],[-48.665771,-26.289648],[-48.539746,-26.170313],[-48.497607,-26.21875],[-48.531104,-26.313184],[-48.568066,-26.379688],[-48.584424,-26.401563]]],[[[-45.260254,-23.88916],[-45.260889,-23.941309],[-45.302539,-23.914746],[-45.412842,-23.934961],[-45.451416,-23.895605],[-45.302344,-23.727539],[-45.272266,-23.751953],[-45.249072,-23.782617],[-45.233105,-23.825391],[-45.250293,-23.853027],[-45.260254,-23.88916]]],[[[-44.499316,-2.939648],[-44.597754,-3.037598],[-44.565332,-2.923926],[-44.581885,-2.845605],[-44.569092,-2.784961],[-44.501953,-2.72627],[-44.481445,-2.717578],[-44.487305,-2.789746],[-44.482568,-2.811914],[-44.499316,-2.939648]]],[[[-38.743848,-13.09707],[-38.783008,-13.118652],[-38.786963,-13.055078],[-38.684863,-12.974902],[-38.668115,-12.880176],[-38.614551,-12.924023],[-38.600293,-12.972461],[-38.601172,-12.992578],[-38.743848,-13.09707]]],[[[-38.903564,-13.473438],[-38.937891,-13.532324],[-38.977588,-13.523535],[-38.993213,-13.484082],[-39.022168,-13.445605],[-39.006592,-13.415527],[-38.980127,-13.398438],[-38.907129,-13.401074],[-38.903564,-13.473438]]],[[[-44.883105,-1.317871],[-44.947119,-1.366016],[-44.967871,-1.39082],[-45.02085,-1.372363],[-45.01123,-1.344727],[-44.995605,-1.347559],[-44.978662,-1.267285],[-44.888281,-1.276855],[-44.883105,-1.317871]]],[[[-49.738232,0.268164],[-50.00249,-0.029297],[-50.345117,0.134473],[-49.738232,0.268164]]],[[[-50.298975,1.938525],[-50.398779,1.892871],[-50.456104,1.910498],[-50.508984,2.029541],[-50.491016,2.128613],[-50.41875,2.161475],[-50.362646,2.154443],[-50.341992,2.141748],[-50.29209,1.97959],[-50.298975,1.938525]]],[[[-50.652881,-0.131641],[-50.926367,-0.327344],[-51.018994,-0.263086],[-51.038086,-0.225879],[-51.022363,-0.188379],[-51.025732,-0.172363],[-50.995068,-0.105273],[-50.842187,-0.050195],[-50.765283,-0.040869],[-50.666992,-0.058008],[-50.650586,-0.105859],[-50.652881,-0.131641]]],[[[-49.443896,-0.112402],[-49.708838,-0.14375],[-49.830078,-0.093896],[-49.802686,-0.051855],[-49.712305,0.015137],[-49.602197,0.062695],[-49.503467,0.083691],[-49.400488,0.057227],[-49.372314,0.001074],[-49.380859,-0.055469],[-49.443896,-0.112402]]],[[[-50.426123,0.139258],[-50.526221,0.246924],[-50.396875,0.581396],[-50.332275,0.259033],[-50.426123,0.139258]]],[[[-50.15293,0.393018],[-50.261328,0.35918],[-50.281543,0.39082],[-50.281689,0.516504],[-50.251172,0.585449],[-50.112793,0.604736],[-50.098633,0.625],[-50.058838,0.638037],[-50.036816,0.594824],[-50.040039,0.522803],[-50.15293,0.393018]]],[[[-51.83252,-1.433789],[-51.678271,-0.855078],[-51.160742,-0.666699],[-51.637695,-1.341895],[-51.83252,-1.433789]]],[[[-48.485889,-27.766992],[-48.55459,-27.812207],[-48.542187,-27.574805],[-48.505176,-27.495508],[-48.464746,-27.436328],[-48.414893,-27.399609],[-48.37793,-27.451465],[-48.40957,-27.566309],[-48.496777,-27.707031],[-48.485889,-27.766992]]]]}},{"type":"Feature","geometry":{"type":"Polygon","coordinates":[[[25.258789,-17.793555],[25.282422,-18.041211],[25.489258,-18.35127],[25.811914,-18.79707],[26.081934,-19.369922],[26.678223,-19.892773],[27.221484,-20.145801],[27.468945,-20.474805],[27.694824,-20.594531],[27.676953,-20.944824],[27.907422,-21.359082],[28.181641,-21.589355],[28.990723,-21.781445],[29.02334,-21.98125],[29.237207,-22.079492],[29.013477,-22.278418],[28.542871,-22.572949],[27.935059,-22.987012],[27.768555,-23.148926],[27.592676,-23.252637],[27.313379,-23.424219],[27.085547,-23.57793],[26.761133,-24.297168],[26.397168,-24.613574],[25.881836,-24.787988],[25.65918,-25.437891],[25.346191,-25.739941],[24.869238,-25.813477],[24.330566,-25.742871],[23.89375,-25.600879],[23.389258,-25.291406],[23.02207,-25.324121],[22.796094,-25.679102],[22.548633,-26.178418],[22.010938,-26.63584],[21.738086,-26.806836],[21.45498,-26.832813],[20.739844,-26.848828],[20.626758,-26.443848],[20.822656,-26.120605],[20.710742,-25.733203],[20.345215,-25.029883],[19.980176,-24.535742],[19.978906,-23.38916],[19.977637,-22.242578],[20.822754,-22.000195],[20.978711,-21.376074],[20.976172,-19.744336],[20.974121,-18.318848],[22.460059,-18.115723],[23.251563,-18.00752],[23.580566,-18.45293],[23.864258,-18.269531],[24.243945,-18.023438],[24.530566,-18.052734],[25.258789,-17.793555]]]}},{"type":"Feature","geometry":{"type":"Polygon","coordinates":[[[19.348633,44.880908],[19.223145,44.60957],[19.118457,44.359961],[19.338867,44.22583],[19.583691,44.011084],[19.305273,43.993359],[19.364063,43.844775],[19.45127,43.562061],[19.254492,43.584375],[19.080078,43.517725],[18.940234,43.496729],[18.978711,43.2854],[18.749219,43.283545],[18.621875,43.124609],[18.443848,42.968457],[18.545898,42.641602],[18.436328,42.559717],[18.044531,42.74126],[17.740234,42.915479],[17.657813,42.980078],[17.293066,43.305615],[17.08457,43.516553],[16.590527,43.913184],[16.214258,44.215137],[16.049023,44.537598],[15.761523,45.00752],[15.963184,45.210791],[16.293359,45.008838],[16.79082,45.196875],[17.258691,45.170557],[17.546289,45.122559],[17.874414,45.077246],[18.217969,45.13291],[18.488281,45.08584],[18.780176,44.947217],[19.007129,44.869189],[19.312695,44.897461],[19.348633,44.880908]]]}},{"type":"Feature","geometry":{"type":"Polygon","coordinates":[[[-69.510937,-17.506055],[-69.563818,-17.33291],[-69.50332,-17.104785],[-69.267236,-16.860938],[-69.020703,-16.642188],[-68.928027,-16.389063],[-68.913477,-16.261914],[-69.217578,-16.149121],[-69.301904,-15.399414],[-69.330713,-15.038965],[-69.276025,-14.745898],[-69.162695,-14.530957],[-69.004492,-14.265039],[-68.891699,-14.094336],[-69.074121,-13.682813],[-68.972266,-13.382324],[-68.867676,-12.755176],[-68.728125,-12.560742],[-69.046191,-11.875684],[-69.453613,-11.16875],[-69.00166,-10.994336],[-68.72749,-11.122461],[-68.397998,-11.01875],[-68.07168,-10.703125],[-67.721777,-10.683105],[-67.332715,-10.35791],[-66.72998,-9.975488],[-66.263574,-9.826074],[-65.558691,-9.797461],[-65.337891,-9.790234],[-65.298584,-10.146777],[-65.447119,-10.507422],[-65.323779,-11.024805],[-65.372852,-11.289941],[-65.282275,-11.511035],[-65.185742,-11.749512],[-65.090283,-11.741211],[-64.992529,-11.975195],[-64.690039,-12.146484],[-64.420508,-12.439746],[-63.788086,-12.469434],[-63.465234,-12.605176],[-63.116797,-12.65166],[-62.95791,-12.84707],[-62.525537,-13.064258],[-62.118018,-13.159766],[-61.789941,-13.525586],[-61.12915,-13.498535],[-60.595312,-13.745313],[-60.40498,-14.019238],[-60.460156,-14.263086],[-60.298877,-14.618555],[-60.530469,-15.143164],[-60.206641,-15.901953],[-59.434277,-16.295996],[-58.423682,-16.30791],[-58.350781,-16.410254],[-58.459814,-16.910742],[-58.205566,-17.363086],[-57.788867,-17.573047],[-57.552051,-18.183105],[-57.574023,-18.279297],[-57.730859,-18.917188],[-57.800391,-19.080957],[-58.131494,-19.744531],[-57.960156,-20.040723],[-58.159766,-20.164648],[-58.474219,-19.646094],[-60.007373,-19.297559],[-61.511816,-19.606445],[-62.011816,-20.199023],[-62.27666,-21.066016],[-62.628516,-22.183984],[-62.815088,-22.049609],[-63.675342,-22.004297],[-63.861035,-22.007227],[-64.209082,-22.491309],[-64.373975,-22.761035],[-64.605518,-22.228809],[-64.992627,-22.109668],[-65.686182,-22.110254],[-66.098584,-21.835059],[-66.282129,-21.947461],[-66.639014,-22.205371],[-66.800293,-22.409668],[-67.161914,-22.773828],[-67.707324,-22.88916],[-67.88916,-22.78418],[-67.950391,-22.333691],[-68.076758,-21.982813],[-68.198535,-21.447266],[-68.533838,-20.923633],[-68.563184,-20.720117],[-68.695801,-20.492969],[-68.712305,-20.338965],[-68.759326,-20.115527],[-68.560693,-19.96709],[-68.698291,-19.721094],[-68.470166,-19.409961],[-68.680664,-19.242383],[-68.968311,-18.967969],[-69.039404,-18.550098],[-69.126367,-18.202441],[-69.093945,-18.050488],[-69.49502,-17.619531],[-69.510937,-17.506055]]]}},{"type":"Feature","geometry":{"type":"Polygon","coordinates":[[[91.631934,27.759961],[91.594727,27.557666],[91.950977,27.458301],[92.031152,27.214307],[92.030859,27.04082],[91.99834,26.85498],[91.753711,26.830762],[91.426758,26.86709],[90.739648,26.77168],[90.345898,26.890332],[89.943164,26.723926],[89.606152,26.741113],[89.474609,26.803418],[89.040918,26.865039],[88.813574,27.099023],[88.881641,27.297461],[89.102344,27.592578],[89.480664,28.059961],[89.816895,28.256299],[90.220801,28.277734],[90.333789,28.119141],[90.630078,28.078564],[91.020801,27.970068],[91.273047,28.078369],[91.605566,27.951709],[91.631934,27.759961]]]}},{"type":"Feature","geometry":{"type":"Polygon","coordinates":[[[1.622656,6.216797],[1.639258,6.581543],[1.59082,6.772266],[1.624707,7.369189],[1.606641,8.559277],[1.424316,9.28501],[1.345117,9.750195],[0.958301,10.242041],[0.7875,10.710254],[0.924609,10.992822],[1.062305,11.058203],[1.135547,11.174365],[1.234668,11.261035],[1.391504,11.408008],[1.561426,11.449121],[2.230859,11.62915],[2.412695,11.999316],[2.598438,12.294336],[2.805273,12.383838],[3.267383,11.991895],[3.531738,11.787451],[3.487793,11.39541],[3.716406,11.07959],[3.829688,10.65376],[3.758496,10.412695],[3.57793,10.29248],[3.557227,9.907324],[3.325195,9.778467],[3.136133,9.451611],[2.898047,9.061377],[2.723633,8.441895],[2.686035,7.87373],[2.750977,7.541895],[2.750488,7.395068],[2.721387,6.980273],[2.753711,6.661768],[2.286914,6.328076],[1.622656,6.216797]]]}},{"type":"Feature","geometry":{"type":"MultiPolygon","coordinates":[[[[-89.161475,17.814844],[-88.942627,17.939648],[-88.743604,18.071631],[-88.372412,18.482324],[-88.247266,18.354687],[-88.207471,17.846094],[-88.267187,17.392578],[-88.313428,16.632764],[-88.695166,16.247656],[-88.937158,15.889844],[-89.227637,16.142822],[-89.182178,17.291211],[-89.161475,17.814844]]],[[[-87.950586,17.924951],[-87.998096,17.906348],[-87.959033,17.964014],[-87.95332,18.001074],[-87.89834,18.154932],[-87.858936,18.154053],[-87.848535,18.140381],[-87.950586,17.924951]]],[[[-87.85293,17.422852],[-87.92998,17.283008],[-87.934863,17.322949],[-87.902832,17.426465],[-87.859424,17.462793],[-87.83252,17.501074],[-87.826416,17.546289],[-87.788623,17.524219],[-87.798145,17.47959],[-87.85293,17.422852]]]]}},{"type":"Feature","geometry":{"type":"Polygon","coordinates":[[[4.226172,51.386475],[4.384766,51.427588],[4.58877,51.421924],[4.810547,51.452734],[4.943945,51.407764],[5.073438,51.406836],[5.429785,51.272998],[5.608789,51.198437],[5.818262,51.086426],[5.736621,50.932129],[5.693555,50.774756],[5.892461,50.752557],[6.154492,50.637256],[6.203027,50.499121],[6.364453,50.316162],[6.110059,50.123779],[5.866895,50.082812],[5.735254,49.875635],[5.787988,49.758887],[5.837598,49.57832],[5.610059,49.528223],[5.353516,49.619824],[5.124121,49.721484],[4.867578,49.788135],[4.860547,50.135889],[4.675098,50.046875],[4.176074,49.960254],[4.150293,50.023877],[4.135254,50.143799],[4.044141,50.321338],[3.748047,50.343506],[3.626758,50.457324],[3.27334,50.531543],[3.154883,50.748926],[2.862402,50.716016],[2.596777,50.875928],[2.536035,51.049512],[3.350098,51.377686],[3.471973,51.242236],[3.755664,51.254834],[4.040039,51.24707],[4.226172,51.386475]]]}},{"type":"Feature","geometry":{"type":"Polygon","coordinates":[[[31.763379,52.101074],[31.168457,52.062939],[30.755273,51.895166],[30.533008,51.596338],[30.63252,51.35542],[30.333398,51.325537],[30.06377,51.482031],[29.469629,51.40835],[29.174219,51.580615],[29.013086,51.598926],[28.793262,51.510352],[28.599023,51.542627],[28.183789,51.607861],[27.858594,51.592383],[27.7,51.477979],[27.452344,51.606104],[27.141992,51.752051],[26.566895,51.801904],[25.925293,51.913525],[25.066699,51.930518],[24.611328,51.889502],[24.280078,51.774707],[23.864258,51.623975],[23.608594,51.610498],[23.544824,51.710254],[23.651074,51.972998],[23.501172,52.140381],[23.175098,52.286621],[23.410938,52.516211],[23.91543,52.770264],[23.85918,53.112109],[23.559082,53.919824],[24.008496,53.931641],[24.317969,53.892969],[24.789258,53.998242],[25.111426,54.154932],[25.461133,54.292773],[25.510352,54.159619],[25.765234,54.179785],[25.616895,54.310107],[25.620313,54.4604],[25.723926,54.636035],[25.964453,54.947168],[26.23125,55.090137],[26.648438,55.204199],[26.760156,55.293359],[26.469531,55.371924],[26.593555,55.667529],[26.953027,55.812939],[27.45918,55.803516],[27.694238,55.941553],[28.147949,56.14292],[28.407031,56.089014],[28.74082,55.955371],[29.087402,56.021143],[29.397949,55.881055],[29.482227,55.68457],[29.823926,55.795117],[30.233594,55.845215],[30.625586,55.66626],[30.855957,55.60752],[30.900586,55.397412],[30.814453,55.278711],[30.977734,55.050488],[30.791016,54.806006],[31.152148,54.625342],[31.184766,54.452979],[31.628418,54.111182],[31.825293,53.93501],[31.992188,53.796875],[32.425195,53.617285],[32.706445,53.419434],[32.578027,53.312402],[32.141992,53.091162],[31.747461,53.18418],[31.388379,53.184814],[31.295117,52.989795],[31.564844,52.759229],[31.615918,52.546191],[31.601562,52.284814],[31.763379,52.101074]]]}},{"type":"Feature","geometry":{"type":"Polygon","coordinates":[[[-59.493311,13.081982],[-59.521875,13.062207],[-59.611328,13.1021],[-59.642773,13.150293],[-59.64668,13.303125],[-59.591602,13.317676],[-59.487891,13.196826],[-59.427637,13.152783],[-59.493311,13.081982]]]}},{"type":"Feature","geometry":{"type":"MultiPolygon","coordinates":[[[[89.051465,22.093164],[88.920703,22.632031],[88.866992,22.938867],[88.807617,23.229687],[88.697656,23.493018],[88.567383,23.674414],[88.726562,24.18623],[88.498535,24.346631],[88.225,24.460645],[88.030273,24.664453],[88.279492,24.881934],[88.573828,25.187891],[88.890137,25.194385],[88.854785,25.333545],[88.593457,25.495312],[88.25293,25.789795],[88.097363,25.956348],[88.333984,26.25752],[88.436719,26.437109],[88.369922,26.564111],[88.680664,26.352979],[88.828027,26.252197],[88.981543,26.286133],[88.983398,26.419531],[89.108301,26.202246],[89.466895,25.983545],[89.585742,26.186035],[89.822949,25.941406],[89.800879,25.336133],[90.003809,25.25835],[90.555273,25.166602],[91.293164,25.177979],[92.049707,25.169482],[92.485449,24.90332],[92.25127,24.895068],[92.198047,24.685742],[92.06416,24.374365],[91.899023,24.260693],[91.726562,24.205078],[91.526367,24.090771],[91.336426,24.018799],[91.165527,23.581055],[91.359375,23.068359],[91.399414,23.213867],[91.553516,22.991553],[91.773828,23.106104],[91.919141,23.471045],[91.978516,23.691992],[92.187109,23.675537],[92.333789,23.242383],[92.430469,22.821826],[92.531836,22.410303],[92.584277,21.609033],[92.599805,21.270166],[92.372656,21.409033],[92.17959,21.293115],[92.268457,21.004688],[92.307813,20.79043],[92.010938,21.51626],[91.824805,22.228662],[91.79707,22.297461],[91.482129,22.797412],[91.216211,22.642236],[90.65625,23.025488],[90.616113,23.531641],[90.568066,23.474268],[90.391504,23.366943],[90.595117,23.133936],[90.552246,22.904883],[90.480664,22.684668],[90.595508,22.43584],[90.494141,22.178906],[90.158789,21.816846],[90.087891,22.01748],[89.954199,22.022852],[89.985156,22.466406],[89.852539,22.090918],[89.628125,21.81416],[89.483203,22.275537],[89.451953,21.821094],[89.16709,21.784277],[89.051465,22.093164]]],[[[91.150781,22.175195],[91.044727,22.105176],[91.079492,22.519727],[91.158301,22.36543],[91.178223,22.283008],[91.150781,22.175195]]],[[[91.556738,22.382227],[91.510449,22.352783],[91.466895,22.378418],[91.411328,22.475684],[91.438867,22.598828],[91.456055,22.616504],[91.483984,22.576562],[91.523047,22.490723],[91.54834,22.425391],[91.556738,22.382227]]],[[[90.777637,22.089307],[90.674902,22.444971],[90.522559,22.74751],[90.683008,22.785303],[90.86582,22.390576],[90.777637,22.089307]]],[[[91.873828,21.832129],[91.837598,21.750244],[91.819727,21.809814],[91.835156,21.885352],[91.850684,21.927051],[91.861328,21.92666],[91.88252,21.883643],[91.873828,21.832129]]],[[[91.949219,21.508057],[91.888867,21.50332],[91.859473,21.532959],[91.873242,21.574414],[91.857031,21.708789],[91.907715,21.722949],[91.933984,21.722168],[91.948633,21.682568],[91.961914,21.609766],[91.949219,21.508057]]],[[[90.641797,22.962988],[90.65957,22.92002],[90.603906,22.945557],[90.562305,22.975439],[90.536328,23.014893],[90.579883,23.035449],[90.641797,22.962988]]]]}},{"type":"Feature","geometry":{"type":"Polygon","coordinates":[[[50.607227,25.883105],[50.489453,26.058447],[50.585938,26.240723],[50.607227,25.883105]]]}},{"type":"Feature","geometry":{"type":"MultiPolygon","coordinates":[[[[-77.657715,24.249463],[-77.615381,24.216357],[-77.531885,23.939404],[-77.771289,23.752539],[-77.914062,24.090918],[-77.849561,24.25752],[-77.657715,24.249463]]],[[[-77.225635,25.904199],[-77.293945,26.095508],[-77.230127,26.424707],[-77.510596,26.845996],[-77.787549,26.935645],[-77.36875,26.747607],[-77.257178,26.638818],[-77.167285,26.240332],[-77.225635,25.904199]]],[[[-73.026855,21.192383],[-73.661035,20.937402],[-73.66958,21.082227],[-73.424512,21.201758],[-73.058496,21.313379],[-73.026855,21.192383]]],[[[-77.743848,24.707422],[-77.853418,24.40293],[-78.07583,24.364648],[-78.257617,24.482764],[-78.318994,24.590234],[-78.298828,24.753906],[-78.162793,25.202344],[-77.918945,24.942822],[-77.743848,24.707422]]],[[[-78.492871,26.729053],[-78.088672,26.714307],[-78.233887,26.637354],[-78.799219,26.528467],[-78.7125,26.599023],[-78.597119,26.797949],[-78.492871,26.729053]]],[[[-77.347559,25.013867],[-77.460498,24.993115],[-77.541211,25.013574],[-77.561914,25.030029],[-77.527344,25.057666],[-77.45127,25.080713],[-77.329102,25.083008],[-77.275586,25.055762],[-77.269141,25.043848],[-77.347559,25.013867]]],[[[-74.05752,22.723486],[-74.034766,22.705566],[-74.098584,22.66543],[-74.242236,22.715088],[-74.274609,22.71167],[-74.303125,22.764453],[-74.313965,22.803564],[-74.307031,22.8396],[-74.221484,22.811572],[-74.175391,22.759912],[-74.05752,22.723486]]],[[[-74.429443,24.068066],[-74.508691,23.959717],[-74.550928,23.968945],[-74.526904,24.105078],[-74.472021,24.12666],[-74.450488,24.125488],[-74.429443,24.068066]]],[[[-74.206738,22.21377],[-74.052344,22.400635],[-73.906396,22.527441],[-73.954199,22.715527],[-73.974609,22.361182],[-74.206738,22.21377]]],[[[-76.648828,25.487402],[-76.126611,25.140527],[-76.169531,24.649414],[-76.319971,24.817676],[-76.1604,25.119336],[-76.620703,25.431641],[-76.726953,25.551611],[-76.648828,25.487402]]],[[[-75.664551,23.450146],[-75.706348,23.444238],[-75.781006,23.470654],[-75.955957,23.592285],[-76.037109,23.602783],[-76.010449,23.671387],[-75.948633,23.647412],[-75.80752,23.542529],[-75.754248,23.48999],[-75.664551,23.450146]]],[[[-74.840479,22.894336],[-75.22334,23.165332],[-75.157568,23.336377],[-75.315967,23.668359],[-75.064209,23.150195],[-74.840479,22.894336]]],[[[-75.308398,24.2],[-75.503223,24.139062],[-75.493896,24.33042],[-75.743994,24.654687],[-75.526465,24.449512],[-75.308398,24.2]]],[[[-73.041016,22.429053],[-72.762598,22.344385],[-72.981055,22.369238],[-73.041016,22.429053]]],[[[-72.916113,21.506689],[-73.049316,21.457617],[-73.062695,21.515332],[-72.994775,21.561621],[-72.916113,21.506689]]]]}},{"type":"Feature","geometry":{"type":"MultiPolygon","coordinates":[[[[44.817188,39.650439],[45.031641,39.765137],[45.152832,39.582666],[45.349902,39.529883],[45.750488,39.562939],[45.766309,39.378467],[45.951855,39.178125],[45.921875,38.90791],[45.335547,39.13916],[45.113086,39.311572],[44.817188,39.650439]]],[[[48.86875,38.435498],[48.417383,38.58623],[48.225195,38.689209],[47.992676,38.884277],[48.241992,38.978955],[48.274121,39.099121],[48.112891,39.281104],[48.281738,39.44834],[47.772852,39.648584],[47.188379,39.340967],[46.783203,39.087402],[46.489844,39.069434],[46.420313,39.207373],[46.506641,39.298535],[46.365137,39.416797],[46.481445,39.555176],[46.025879,39.718555],[45.661816,39.956201],[45.630176,40.014209],[45.93125,40.104687],[45.569531,40.416846],[45.401367,40.707129],[45.524023,40.896729],[45.273438,41.00625],[45.070703,41.10083],[45.084766,41.195459],[45.280957,41.449561],[45.725488,41.261621],[46.086523,41.183838],[46.430957,41.077051],[46.662402,41.245508],[46.384961,41.459863],[46.190527,41.624854],[46.251855,41.751758],[46.429883,41.890967],[46.616016,41.806934],[46.930859,41.67041],[47.142578,41.516064],[47.520605,41.229053],[47.963672,41.333984],[48.391406,41.601904],[48.664648,41.786621],[49.143262,41.217773],[49.556152,40.716309],[49.990625,40.576807],[50.306836,40.412207],[49.791992,40.287891],[49.415137,39.839844],[49.362793,39.349561],[49.165332,39.030273],[49.013477,39.133984],[48.850879,38.815332],[48.86875,38.435498]],[[45.552344,40.616064],[45.562305,40.64917],[45.53418,40.664014],[45.504492,40.664844],[45.478809,40.64834],[45.478809,40.606982],[45.514355,40.599561],[45.552344,40.616064]]],[[[45.023633,41.027246],[45.002051,41.01582],[44.969043,41.027246],[44.958887,41.052637],[44.961426,41.079248],[44.994336,41.085596],[45.021094,41.077979],[45.028711,41.053857],[45.023633,41.027246]]]]}},{"type":"Feature","geometry":{"type":"Polygon","coordinates":[[[9.527539,47.270752],[9.524023,47.524219],[9.748926,47.575537],[10.059863,47.449072],[10.158789,47.374268],[10.240625,47.284131],[10.430371,47.541064],[10.741602,47.524121],[10.952148,47.426709],[11.191211,47.425195],[11.392969,47.487158],[12.185645,47.619531],[12.268359,47.702734],[12.526563,47.636133],[12.796191,47.607031],[12.878906,47.506445],[13.047949,47.57915],[12.928125,47.712842],[12.953516,47.890625],[12.814258,48.16084],[13.215234,48.301904],[13.459863,48.564551],[13.692188,48.532764],[13.797461,48.686426],[13.924316,48.728027],[14.367578,48.576221],[14.691309,48.599219],[14.922559,48.771387],[15.066797,48.997852],[15.252734,48.963867],[15.700781,48.860449],[16.219336,48.739404],[16.543555,48.79624],[16.833203,48.714307],[16.948828,48.588574],[16.86543,48.386914],[17.147363,48.005957],[17.030078,47.837109],[16.973438,47.695312],[16.747559,47.686279],[16.521094,47.724463],[16.639746,47.608887],[16.574414,47.424658],[16.462598,47.273145],[16.482813,47.140381],[16.46123,47.022461],[16.252539,46.971924],[15.980469,46.705859],[15.760254,46.710742],[15.216992,46.642969],[14.840625,46.580469],[14.596973,46.436084],[14.465918,46.416113],[14.019629,46.482178],[13.7,46.520264],[12.805566,46.625879],[12.388281,46.702637],[12.130762,46.984766],[12.169434,47.082129],[11.625488,46.996582],[11.133887,46.936182],[10.927344,46.769482],[10.579785,46.853711],[10.414941,46.964404],[9.996875,46.885352],[9.74502,47.037109],[9.610547,47.107129],[9.551074,47.212256],[9.527539,47.270752]]]}},{"type":"Feature","geometry":{"type":"MultiPolygon","coordinates":[[[[143.178906,-11.954492],[143.110254,-12.303516],[143.401563,-12.639941],[143.529492,-13.303809],[143.643359,-13.963672],[143.961816,-14.462891],[144.473047,-14.231836],[145.064453,-14.791016],[145.25166,-15.097461],[145.349512,-15.701563],[145.436426,-16.30498],[145.638281,-16.726074],[145.901953,-17.070215],[146.022852,-18.175781],[146.311719,-18.666699],[146.587305,-19.139453],[147.092773,-19.332617],[147.418555,-19.378125],[147.742383,-19.770117],[148.081055,-19.898633],[148.600488,-20.145215],[148.805078,-20.491699],[148.912402,-20.845215],[149.280273,-21.299512],[149.524023,-22.023633],[149.771582,-22.42627],[150.005566,-22.521582],[150.076172,-22.164453],[150.541309,-22.559082],[150.622852,-22.367285],[150.783008,-23.176563],[151.087695,-23.696094],[151.575391,-24.033594],[152.055371,-24.494434],[152.456348,-24.802441],[152.654297,-25.201953],[152.984961,-25.816211],[153.08418,-26.303809],[153.385742,-27.768555],[153.569141,-28.533398],[153.348047,-29.29043],[153.188184,-30.163867],[153.021582,-31.086621],[152.559277,-32.045703],[152.33125,-32.55752],[152.13457,-32.699902],[151.812891,-32.901074],[151.483789,-33.347461],[151.29209,-33.580957],[151.244629,-33.985059],[151.191211,-34.015234],[150.927441,-34.386621],[150.80918,-34.993848],[150.697363,-35.041895],[150.714648,-35.155176],[150.374121,-35.58418],[150.128906,-36.12041],[149.960254,-36.845508],[149.962305,-37.443848],[149.56543,-37.72998],[148.2625,-37.830664],[147.395605,-38.219141],[146.292578,-38.699805],[146.336621,-38.894238],[146.483789,-39.065039],[146.332031,-39.07666],[146.018164,-38.86709],[145.691895,-38.655664],[145.424219,-38.477344],[145.475781,-38.24375],[145.191211,-38.383594],[144.780273,-38.347363],[145.119922,-38.091309],[144.538477,-38.077148],[144.589453,-38.157617],[144.328711,-38.348242],[143.538965,-38.820898],[142.840234,-38.580859],[142.187695,-38.399414],[141.491797,-38.379785],[140.627246,-38.028418],[139.784277,-37.245801],[139.846582,-36.748047],[139.465918,-36.010352],[138.968945,-35.580762],[139.230566,-35.597656],[139.302539,-35.399414],[139.017676,-35.443262],[138.729688,-35.550781],[138.252148,-35.486523],[138.489941,-34.763574],[138.089258,-34.169824],[137.874121,-34.727441],[137.272363,-35.178711],[136.883594,-35.239746],[137.308398,-34.916992],[137.468555,-34.490234],[137.650391,-33.859082],[137.866016,-33.314063],[137.913184,-32.770703],[137.790918,-32.823242],[137.354199,-33.430176],[136.936523,-33.750195],[136.430664,-34.02998],[135.891016,-34.660938],[135.969727,-34.981836],[135.647559,-34.939648],[135.230664,-34.579785],[135.175977,-34.496582],[135.427344,-34.601953],[135.286328,-34.142285],[134.88877,-33.626367],[134.607715,-33.190137],[134.158398,-32.733398],[133.930176,-32.411719],[133.400586,-32.188477],[132.323633,-32.02002],[131.284961,-31.520996],[130.783008,-31.604004],[128.946191,-31.702637],[127.319824,-32.264063],[125.917188,-32.296973],[124.758789,-32.882715],[124.126074,-33.129395],[123.506836,-33.916211],[122.955664,-33.883789],[121.946387,-33.856738],[120.530566,-33.919727],[119.729102,-34.041504],[119.081348,-34.459375],[118.006445,-35.013281],[117.143945,-35.033691],[115.986719,-34.79502],[115.194824,-34.308496],[114.973437,-34.051172],[115.181641,-33.643457],[115.683008,-33.192871],[115.70791,-32.567969],[115.45459,-31.302539],[114.994531,-30.216211],[114.958984,-29.433594],[114.591797,-28.666211],[114.133496,-27.976465],[113.333008,-26.417383],[113.253125,-26.197266],[113.342871,-26.126074],[113.546582,-26.436719],[113.836426,-26.500586],[113.589063,-26.098633],[113.451367,-25.599121],[113.697852,-26.004199],[113.76582,-26.159766],[113.942383,-26.258691],[114.215723,-26.289453],[113.992773,-25.544824],[113.503516,-24.594629],[113.489844,-23.869629],[113.764844,-23.180469],[113.682813,-22.637793],[114.123926,-21.828613],[114.141602,-22.483105],[114.416992,-22.261035],[115.161719,-21.630566],[115.893555,-21.116699],[116.836328,-20.64707],[117.40625,-20.721191],[118.199219,-20.375195],[119.358789,-20.012305],[120.433691,-19.841992],[121.337695,-19.319922],[121.721973,-18.659961],[122.262109,-18.159082],[122.237402,-17.968555],[122.160254,-17.313672],[122.522559,-16.942871],[122.848047,-16.552441],[123.14209,-16.863086],[123.525195,-17.485742],[123.60791,-17.219922],[123.664062,-17.023242],[123.829492,-16.996875],[123.74502,-16.800977],[123.49043,-16.490723],[123.646484,-16.343066],[123.85918,-16.382324],[124.129785,-16.278809],[124.52998,-16.395215],[124.669238,-16.33877],[124.388281,-16.203027],[124.576855,-16.113672],[124.64834,-15.805469],[124.381641,-15.758203],[124.561621,-15.496289],[124.692578,-15.273633],[125.062988,-15.442285],[124.90918,-15.310059],[124.91416,-15.109961],[125.038184,-15.004102],[125.355664,-15.119824],[125.239453,-14.874609],[125.28457,-14.584082],[125.579785,-14.483203],[125.70459,-14.291406],[125.690527,-14.525391],[125.839551,-14.533887],[126.020703,-14.494531],[126.100879,-14.184375],[126.119043,-13.957715],[126.298828,-14.13623],[126.569727,-14.160938],[126.775586,-13.788477],[127.293066,-13.934766],[127.763477,-14.299414],[128.159863,-14.827344],[128.111719,-15.312012],[128.258984,-15.245605],[128.218359,-14.995703],[128.409863,-14.828906],[129.058203,-14.884375],[129.237891,-15.080176],[129.458984,-14.933203],[129.650293,-15.086816],[129.763477,-14.84502],[129.662988,-14.720898],[129.60791,-14.559668],[129.619629,-14.038379],[129.789258,-13.719922],[130.072656,-13.476172],[130.134961,-13.145508],[130.399902,-12.687891],[130.60957,-12.491309],[130.776563,-12.495313],[130.873828,-12.367188],[131.019531,-12.213867],[131.291602,-12.067871],[131.72627,-12.278125],[132.182324,-12.226953],[132.441602,-12.176367],[132.712793,-12.123438],[132.644727,-11.727148],[132.133594,-11.500684],[131.811816,-11.271387],[132.155469,-11.311133],[132.333984,-11.223535],[132.857129,-11.391113],[133.185254,-11.705664],[133.654492,-11.811328],[134.351074,-12.025781],[134.816406,-12.054688],[135.352344,-12.129199],[135.885254,-11.82168],[135.895801,-11.969531],[135.704395,-12.209863],[135.937793,-12.152148],[136.192676,-12.435156],[136.249902,-12.173047],[136.609766,-12.133594],[136.947461,-12.349902],[136.594336,-13.003809],[136.294141,-13.137988],[135.929199,-13.621582],[135.806348,-14.23418],[135.405176,-14.758203],[135.832617,-15.160156],[136.291406,-15.570117],[136.644141,-15.675586],[136.686719,-15.788477],[137.002148,-15.87832],[137.526367,-16.16709],[138.24502,-16.718359],[139.009863,-16.899316],[139.248438,-17.328613],[139.945996,-17.653613],[140.648438,-17.54375],[141.219141,-16.646191],[141.393164,-15.904688],[141.603516,-14.852734],[141.535449,-14.018652],[141.58877,-13.425098],[141.782227,-12.778711],[141.892871,-12.681348],[141.74668,-12.529395],[141.870508,-11.975586],[141.951563,-11.896191],[142.326465,-10.88418],[142.605078,-10.748242],[142.779688,-11.115332],[142.850586,-11.632324],[143.066406,-11.924121],[143.178906,-11.954492]]],[[[153.077441,-25.750781],[152.999023,-25.448438],[153.189258,-25.070508],[153.14375,-24.814844],[153.282129,-24.738281],[153.141406,-25.512793],[153.077441,-25.750781]]],[[[139.507812,-16.573047],[139.283008,-16.719434],[139.162695,-16.625879],[139.587891,-16.395215],[139.507812,-16.573047]]],[[[136.714648,-13.803906],[136.870703,-13.763672],[136.814941,-13.907324],[136.787012,-14.157813],[136.931348,-14.245996],[136.460547,-14.23457],[136.427734,-14.126465],[136.582813,-13.721094],[136.714648,-13.803906]]],[[[130.459277,-11.679297],[130.60625,-11.816602],[130.076563,-11.825488],[130.197559,-11.658203],[130.294922,-11.336816],[130.432813,-11.592188],[130.459277,-11.679297]]],[[[130.618848,-11.376074],[131.023047,-11.334375],[131.320508,-11.246875],[131.538574,-11.436914],[131.29209,-11.710938],[130.422754,-11.445801],[130.40293,-11.180469],[130.618848,-11.376074]]],[[[113.183008,-26.053125],[113.156445,-26.094531],[112.964258,-25.783105],[112.908203,-25.569824],[112.94707,-25.531543],[112.982422,-25.520215],[113.096289,-25.815039],[113.131543,-25.882617],[113.131836,-25.951953],[113.14834,-25.973828],[113.183008,-26.053125]]],[[[137.596484,-35.738672],[138.123438,-35.852344],[137.670898,-35.897949],[137.382227,-36.020898],[136.912695,-36.04668],[136.579102,-35.808691],[137.530469,-35.605078],[137.596484,-35.738672]]],[[[145.486523,-38.354883],[145.33584,-38.420996],[145.280273,-38.390625],[145.28584,-38.341016],[145.295313,-38.318945],[145.426563,-38.31416],[145.486523,-38.354883]]],[[[145.314453,-38.49082],[145.349219,-38.538184],[145.355078,-38.557031],[145.270898,-38.519727],[145.128418,-38.527637],[145.217773,-38.458594],[145.287891,-38.472168],[145.314453,-38.49082]]],[[[149.04375,-20.291504],[149.019922,-20.302539],[148.987402,-20.301758],[148.938867,-20.283691],[148.981055,-20.153516],[149.004395,-20.221484],[149.045313,-20.277539],[149.04375,-20.291504]]],[[[148.935547,-20.149902],[148.913477,-20.154297],[148.886914,-20.143555],[148.906445,-20.101953],[148.931641,-20.068945],[148.967871,-20.044336],[148.95625,-20.134668],[148.935547,-20.149902]]],[[[151.146582,-23.49082],[151.228809,-23.594922],[151.238281,-23.775781],[151.146582,-23.49082]]],[[[150.516699,-22.322559],[150.488477,-22.324707],[150.462402,-22.307715],[150.484668,-22.267871],[150.488477,-22.210742],[150.521484,-22.22832],[150.548828,-22.306934],[150.516699,-22.322559]]],[[[149.92832,-22.193066],[149.893652,-22.223242],[149.869531,-22.150391],[149.875391,-22.074023],[149.912305,-22.04873],[149.92793,-22.149316],[149.92832,-22.193066]]],[[[153.53877,-27.436426],[153.452734,-27.711719],[153.426563,-27.706445],[153.395801,-27.665039],[153.400879,-27.505664],[153.435449,-27.405371],[153.521875,-27.422461],[153.53877,-27.436426]]],[[[153.44248,-27.316016],[153.420898,-27.330957],[153.376563,-27.235352],[153.365039,-27.138867],[153.379883,-27.049414],[153.432324,-27.029883],[153.466797,-27.038086],[153.426367,-27.201465],[153.44248,-27.316016]]],[[[142.274805,-10.704785],[142.191406,-10.762012],[142.137207,-10.731934],[142.125488,-10.668457],[142.131055,-10.640625],[142.197949,-10.591992],[142.274805,-10.704785]]],[[[142.338965,-10.192188],[142.279395,-10.254199],[142.216211,-10.235645],[142.195117,-10.199316],[142.21875,-10.149414],[142.29873,-10.14043],[142.338965,-10.192188]]],[[[142.167578,-10.154102],[142.141992,-10.18125],[142.097656,-10.121777],[142.148828,-10.051758],[142.191992,-10.085254],[142.167578,-10.154102]]],[[[146.27832,-18.23125],[146.298828,-18.484766],[146.098828,-18.251758],[146.27832,-18.23125]]],[[[136.598535,-11.378906],[136.526563,-11.438867],[136.52168,-11.393848],[136.559766,-11.35791],[136.649023,-11.211621],[136.687988,-11.177637],[136.710547,-11.158398],[136.727344,-11.104785],[136.731738,-11.024609],[136.780273,-11.0125],[136.741406,-11.194629],[136.598535,-11.378906]]],[[[136.338672,-11.602344],[136.180273,-11.676758],[136.267383,-11.576465],[136.449219,-11.487109],[136.479297,-11.465918],[136.470508,-11.509277],[136.379395,-11.583203],[136.338672,-11.602344]]],[[[137.093652,-15.778125],[137.050879,-15.824414],[136.996484,-15.775781],[136.985059,-15.725977],[136.942676,-15.711719],[136.963379,-15.665723],[136.985742,-15.652441],[137.00957,-15.594824],[137.064551,-15.662891],[137.071094,-15.738086],[137.093652,-15.778125]]],[[[136.862695,-15.619922],[136.846777,-15.627344],[136.845605,-15.544043],[136.876855,-15.502539],[136.890234,-15.588867],[136.862695,-15.619922]]],[[[136.591016,-15.628223],[136.531152,-15.632422],[136.514258,-15.627344],[136.502734,-15.583105],[136.522559,-15.543164],[136.586035,-15.533691],[136.612305,-15.544141],[136.591016,-15.628223]]],[[[139.45918,-17.114551],[139.42168,-17.131641],[139.408203,-17.090625],[139.45918,-17.049121],[139.492773,-16.99043],[139.560059,-17.041992],[139.570898,-17.094434],[139.45918,-17.114551]]],[[[136.237402,-13.824512],[136.213672,-13.835938],[136.122656,-13.816602],[136.122266,-13.780566],[136.134375,-13.753125],[136.15957,-13.736719],[136.21543,-13.664746],[136.257422,-13.706641],[136.275391,-13.791113],[136.237402,-13.824512]]],[[[132.593359,-11.302832],[132.573633,-11.318359],[132.49375,-11.163672],[132.516309,-11.116016],[132.483789,-11.037305],[132.537793,-11.028418],[132.578809,-10.968848],[132.593262,-10.997656],[132.596875,-11.106445],[132.629102,-11.169141],[132.593359,-11.302832]]],[[[125.198828,-14.579492],[125.134766,-14.641699],[125.091211,-14.591699],[125.117383,-14.491992],[125.159961,-14.456055],[125.198145,-14.474805],[125.193555,-14.552637],[125.198828,-14.579492]]],[[[124.597266,-15.401953],[124.55957,-15.430176],[124.524219,-15.421484],[124.52373,-15.382422],[124.482813,-15.340332],[124.504102,-15.29248],[124.519336,-15.26748],[124.550879,-15.270313],[124.564551,-15.31084],[124.605078,-15.356543],[124.597266,-15.401953]]],[[[115.446191,-20.787793],[115.388086,-20.866016],[115.318066,-20.850586],[115.308594,-20.811133],[115.354297,-20.746289],[115.43457,-20.667969],[115.457617,-20.716309],[115.446191,-20.787793]]],[[[145.042969,-40.786719],[145.349414,-40.826367],[145.576465,-40.904102],[145.821484,-41.024609],[146.650586,-41.116211],[146.836035,-41.109375],[147.105762,-40.994238],[147.387695,-40.985547],[147.62168,-40.844727],[148.032813,-40.780957],[148.291602,-41.174609],[148.286914,-41.55498],[148.30166,-42.004199],[148.331055,-42.15918],[148.276953,-42.219434],[148.183105,-42.064746],[148.167188,-42.012305],[148.066602,-42.170312],[147.973535,-42.505859],[147.957715,-42.960449],[147.78584,-43.22002],[147.773926,-43.003418],[147.693457,-42.871973],[147.536719,-42.996484],[147.301953,-42.840527],[147.280762,-43.031738],[147.172852,-43.255859],[147.077344,-43.275879],[146.873926,-43.6125],[146.413184,-43.519531],[145.981738,-43.408398],[146.208008,-43.316211],[145.873242,-43.292383],[145.567383,-42.967969],[145.237109,-42.455566],[145.468262,-42.492871],[145.339648,-42.190723],[145.258984,-42.107324],[144.77793,-41.418848],[144.662402,-41.078906],[144.818555,-40.72168],[145.042969,-40.786719]]],[[[143.92793,-40.116113],[143.838574,-39.904102],[143.939355,-39.658105],[144.120898,-39.785254],[144.035059,-40.078223],[143.92793,-40.116113]]],[[[148.000391,-39.757617],[148.289844,-40.06543],[148.299414,-40.172461],[148.046875,-40.212793],[147.87627,-39.905469],[147.933008,-39.725977],[148.000391,-39.757617]]],[[[147.356055,-43.396973],[147.10498,-43.431152],[147.198438,-43.379199],[147.3125,-43.280273],[147.356055,-43.396973]]],[[[148.104297,-42.710449],[148.048145,-42.719238],[148.029688,-42.714844],[148.030859,-42.663379],[148.022754,-42.64043],[148.072559,-42.593164],[148.142773,-42.615918],[148.169531,-42.651758],[148.100586,-42.680566],[148.104297,-42.710449]]],[[[147.43457,-43.240723],[147.371875,-43.24082],[147.348828,-43.232422],[147.337598,-43.183301],[147.296094,-43.161719],[147.319141,-43.145313],[147.327344,-43.114648],[147.352539,-43.080273],[147.397266,-43.118262],[147.43457,-43.240723]]],[[[144.784375,-40.506738],[144.748047,-40.589453],[144.710156,-40.485254],[144.751172,-40.470215],[144.783398,-40.434863],[144.79082,-40.440332],[144.784375,-40.506738]]],[[[148.32627,-40.306934],[148.352734,-40.497266],[148.020117,-40.404199],[148.32627,-40.306934]]],[[[148.236914,-40.515137],[148.187793,-40.592578],[148.126953,-40.543945],[148.117285,-40.521484],[148.193164,-40.503125],[148.218359,-40.505078],[148.236914,-40.515137]]],[[[158.878809,-54.709766],[158.845215,-54.749219],[158.835938,-54.704004],[158.896973,-54.506055],[158.958887,-54.472363],[158.945605,-54.575],[158.878809,-54.709766]]]]}},{"type":"Feature","geometry":{"type":"MultiPolygon","coordinates":[[[[105.725391,-10.492969],[105.696875,-10.56416],[105.644336,-10.525],[105.584082,-10.5125],[105.595703,-10.459668],[105.645508,-10.452246],[105.669824,-10.449414],[105.705469,-10.430664],[105.725391,-10.492969]]],[[[96.84043,-12.181836],[96.849512,-12.197363],[96.832617,-12.126172],[96.835645,-12.171289],[96.84043,-12.181836]]],[[[96.918262,-12.194141],[96.906543,-12.199805],[96.896777,-12.195508],[96.893945,-12.192578],[96.892969,-12.187207],[96.904395,-12.186523],[96.913379,-12.181836],[96.918945,-12.17334],[96.920508,-12.161523],[96.925293,-12.173242],[96.924316,-12.184668],[96.918262,-12.194141]]]]}},{"type":"Feature","geometry":{"type":"Polygon","coordinates":[[[73.707422,-53.137109],[73.336328,-53.029883],[73.305273,-52.966309],[73.837793,-53.112793],[73.707422,-53.137109]]]}},{"type":"Feature","geometry":{"type":"Polygon","coordinates":[[[167.939453,-29.017676],[167.988672,-29.058984],[167.961914,-29.088477],[167.944434,-29.072949],[167.918262,-29.071875],[167.924023,-29.03584],[167.920605,-29.013965],[167.939453,-29.017676]]]}},{"type":"Feature","geometry":{"type":"Polygon","coordinates":[[[123.594531,-12.425684],[123.595215,-12.435938],[123.573145,-12.43418],[123.572461,-12.423926],[123.594531,-12.425684]]]}},{"type":"Feature","geometry":{"type":"MultiPolygon","coordinates":[[[[44.768262,39.703516],[44.289258,40.040381],[43.791699,40.070264],[43.678125,40.239307],[43.569336,40.482373],[43.696484,40.794141],[43.455273,41.064697],[43.793164,41.131104],[44.227344,41.21333],[44.848535,41.220166],[45.001367,41.290967],[45.188574,41.147412],[45.070508,41.075586],[45.419141,40.985693],[45.591406,40.829736],[45.376172,40.638086],[45.964648,40.233789],[45.885938,40.024854],[45.580957,39.989014],[45.863184,39.80835],[46.202051,39.594482],[46.478125,39.475098],[46.378418,39.382275],[46.55,39.201416],[46.401465,39.167676],[46.490625,38.906689],[46.077441,38.954883],[45.925,39.281934],[45.796484,39.488135],[45.610742,39.549805],[45.252539,39.595459],[45.124609,39.696338],[44.768262,39.703516]],[[45.023633,41.027246],[45.028711,41.053857],[45.021094,41.077979],[44.994336,41.085596],[44.961426,41.079248],[44.958887,41.052637],[44.969043,41.027246],[45.002051,41.01582],[45.023633,41.027246]]],[[[45.552344,40.616064],[45.514355,40.599561],[45.478809,40.606982],[45.478809,40.64834],[45.504492,40.664844],[45.53418,40.664014],[45.562305,40.64917],[45.552344,40.616064]]]]}},{"type":"Feature","geometry":{"type":"MultiPolygon","coordinates":[[[[-57.608887,-30.187793],[-57.831201,-30.495215],[-57.834082,-30.91748],[-57.868408,-31.104395],[-58.053857,-31.494922],[-58.006982,-31.684961],[-58.189014,-31.924219],[-58.164795,-32.184863],[-58.219971,-32.563965],[-58.308887,-33.08291],[-58.547217,-33.663477],[-58.409033,-34.060742],[-58.525488,-34.296191],[-57.763574,-34.894531],[-57.158887,-35.505957],[-57.26499,-36.144141],[-56.717383,-36.389063],[-56.727148,-36.957715],[-57.546973,-38.085645],[-59.67627,-38.79668],[-61.382861,-38.980859],[-62.189258,-38.813281],[-62.338086,-39.150586],[-62.053662,-39.373828],[-62.082764,-39.568359],[-62.323975,-39.950684],[-62.246338,-40.674609],[-62.959033,-41.109668],[-64.123193,-41.007812],[-64.819873,-40.793262],[-65.069434,-40.805273],[-65.127881,-41.23877],[-64.986377,-42.102051],[-64.537744,-42.25459],[-64.570996,-42.416016],[-64.062207,-42.353418],[-64.083252,-42.182813],[-63.684766,-42.188672],[-63.617334,-42.695801],[-64.130664,-42.861426],[-64.487842,-42.513477],[-65.026904,-42.758887],[-64.319141,-42.968945],[-64.839941,-43.188867],[-65.283594,-43.62998],[-65.265527,-44.279687],[-65.69834,-44.796191],[-65.757715,-45.007129],[-66.533447,-45.157813],[-67.257617,-45.577246],[-67.608887,-46.166797],[-67.386621,-46.553809],[-65.853662,-47.156738],[-65.814307,-47.638184],[-66.172363,-47.857617],[-65.810059,-47.941113],[-66.393359,-48.342383],[-67.130957,-48.687891],[-67.693701,-49.304004],[-67.913965,-49.984473],[-68.487891,-49.97793],[-68.638477,-49.862988],[-68.752686,-49.987695],[-68.421875,-50.15791],[-68.939453,-50.382324],[-69.15498,-50.864453],[-69.267969,-51.006152],[-69.02959,-51.446484],[-69.360547,-51.559473],[-69.180127,-51.662305],[-68.69082,-52.013086],[-68.460986,-52.29043],[-69.206201,-52.136133],[-70.482861,-52.002246],[-71.918652,-51.989551],[-72.136963,-51.744043],[-72.366406,-51.470313],[-72.376807,-51.09541],[-72.300635,-50.789551],[-72.509814,-50.60752],[-72.955566,-50.696484],[-73.221631,-50.610742],[-73.386621,-50.231152],[-73.47041,-49.794531],[-73.483643,-49.397656],[-73.09458,-49.096875],[-72.728467,-48.896289],[-72.585938,-48.6625],[-72.354736,-48.36582],[-72.509082,-47.97334],[-72.341504,-47.57207],[-72.041699,-47.241406],[-71.954248,-47.0875],[-71.856445,-46.791602],[-71.731299,-46.427832],[-71.875684,-46.160547],[-71.680078,-45.878711],[-71.693311,-45.534766],[-71.35376,-45.230469],[-71.812354,-44.930664],[-71.957031,-44.791504],[-71.455176,-44.749805],[-71.159717,-44.560254],[-71.82002,-44.383105],[-71.812354,-44.106055],[-71.715967,-43.858398],[-71.750635,-43.590137],[-71.820215,-43.322949],[-71.898584,-43.145313],[-72.113623,-42.776758],[-72.053467,-42.473242],[-72.064404,-42.205371],[-71.860791,-42.147852],[-71.844482,-41.771973],[-71.892187,-41.393359],[-71.941357,-40.78916],[-71.804639,-40.43916],[-71.722656,-40.299707],[-71.763672,-40.094629],[-71.637891,-39.886816],[-71.692578,-39.605176],[-71.53125,-39.56416],[-71.42002,-39.287207],[-71.353174,-38.888867],[-70.951611,-38.738477],[-70.899658,-38.497852],[-71.028174,-38.041211],[-71.162842,-37.55918],[-71.163477,-37.227441],[-71.192187,-36.843652],[-71.073242,-36.578027],[-70.853174,-36.411719],[-70.721924,-36.283203],[-70.404785,-36.061719],[-70.419727,-35.60918],[-70.47041,-35.326172],[-70.466602,-35.193652],[-70.286768,-34.774512],[-70.14126,-34.492871],[-70.002832,-34.27627],[-69.857373,-34.180469],[-69.882568,-33.600977],[-69.819629,-33.283789],[-70.084863,-33.201758],[-70.021973,-32.88457],[-70.169629,-32.47168],[-70.344629,-32.176465],[-70.254395,-31.957715],[-70.450146,-31.841895],[-70.554688,-31.317383],[-70.429395,-31.129297],[-70.311816,-30.992578],[-70.269385,-30.677246],[-70.153223,-30.360938],[-69.888037,-30.213281],[-69.959961,-30.07832],[-69.982617,-29.54541],[-69.827881,-29.103223],[-69.687891,-28.562012],[-69.436914,-28.192676],[-69.174414,-27.924707],[-68.999414,-27.449023],[-68.769775,-27.11543],[-68.537354,-27.085352],[-68.318652,-26.877539],[-68.591602,-26.47041],[-68.414502,-26.153711],[-68.600293,-25.485645],[-68.430713,-25.149316],[-68.447119,-24.998926],[-68.562012,-24.747363],[-68.358105,-24.497266],[-67.88623,-24.243359],[-67.319141,-23.934668],[-67.194873,-22.82168],[-66.991113,-22.509863],[-66.711719,-22.216309],[-66.322461,-22.053125],[-66.174658,-21.805664],[-65.771045,-22.099609],[-65.057812,-22.102734],[-64.700098,-22.185547],[-64.445508,-22.585352],[-64.266406,-22.60332],[-63.92168,-22.028613],[-63.716943,-22.027539],[-62.834277,-21.999121],[-62.650977,-22.233691],[-62.37251,-22.43916],[-61.798535,-23.182031],[-61.505518,-23.391992],[-61.03291,-23.755664],[-60.110303,-24.00918],[-59.372949,-24.453906],[-58.422803,-24.894141],[-58.136475,-24.977148],[-57.587158,-25.405078],[-57.725488,-25.667188],[-57.865234,-25.906934],[-58.082422,-26.138574],[-58.154687,-26.262598],[-58.187939,-26.592578],[-58.245557,-26.731055],[-58.322559,-26.857617],[-58.503223,-27.029492],[-58.604834,-27.314355],[-57.111816,-27.470117],[-56.715723,-27.49375],[-56.370508,-27.537402],[-56.067334,-27.307715],[-55.714648,-27.414844],[-55.564893,-27.15],[-55.345801,-26.973145],[-55.088867,-26.844531],[-54.888916,-26.666797],[-54.631934,-26.005762],[-54.443945,-25.625],[-54.206152,-25.52959],[-54.012305,-25.57793],[-53.823242,-25.95957],[-53.710938,-26.351855],[-53.727148,-26.804688],[-53.915625,-27.15957],[-54.156445,-27.253809],[-54.448145,-27.446484],[-54.665869,-27.526563],[-54.875732,-27.599219],[-55.039941,-27.767773],[-55.24375,-27.898828],[-55.582373,-28.120996],[-55.671973,-28.344922],[-55.858887,-28.354199],[-55.930176,-28.472852],[-56.102881,-28.651758],[-56.475977,-29.09248],[-56.772461,-29.417871],[-57.300684,-29.856543],[-57.608887,-30.187793]]],[[[-68.653223,-54.853613],[-68.63667,-53.788867],[-68.629932,-52.652637],[-68.240137,-53.081836],[-68.520801,-53.177246],[-68.161133,-53.306445],[-67.861084,-53.662207],[-67.069482,-54.148047],[-66.235645,-54.533496],[-65.251953,-54.638086],[-65.471143,-54.914648],[-65.95376,-54.919336],[-66.398682,-55.009375],[-67.1271,-54.903809],[-68.331689,-54.816309],[-68.653223,-54.853613]]],[[[-64.54917,-54.716211],[-64.054932,-54.729883],[-63.832568,-54.767969],[-64.453271,-54.840332],[-64.757324,-54.826562],[-64.54917,-54.716211]]],[[[-61.875781,-39.171875],[-61.865967,-39.234863],[-61.918018,-39.227441],[-62.041602,-39.166895],[-62.083301,-39.110156],[-62.093018,-39.08623],[-61.96665,-39.112207],[-61.907129,-39.135645],[-61.875781,-39.171875]]]]}},{"type":"Feature","geometry":{"type":"MultiPolygon","coordinates":[[[[-61.716064,17.037012],[-61.748145,16.997168],[-61.859668,17.01333],[-61.882031,17.063135],[-61.887109,17.098145],[-61.817285,17.168945],[-61.738574,17.138477],[-61.708203,17.105078],[-61.686035,17.098438],[-61.686475,17.069824],[-61.694971,17.048926],[-61.716064,17.037012]]],[[[-61.747119,17.574951],[-61.762012,17.548682],[-61.843799,17.596143],[-61.86875,17.685449],[-61.866162,17.704297],[-61.852441,17.714062],[-61.819922,17.696875],[-61.776758,17.690479],[-61.749609,17.661328],[-61.747119,17.574951]]]]}},{"type":"Feature","geometry":{"type":"MultiPolygon","coordinates":[[[[13.072754,-4.634766],[12.674805,-4.905371],[12.451465,-5.071484],[12.518945,-5.424609],[12.255273,-5.746484],[12.180078,-5.538672],[12.039941,-5.035156],[12.204297,-4.778613],[12.38457,-4.619141],[12.798242,-4.430566],[13.048047,-4.619238],[13.072754,-4.634766]]],[[[23.966504,-10.871777],[24.041406,-11.374121],[23.986816,-11.587207],[23.962305,-11.987891],[23.944727,-12.54375],[23.968066,-12.956934],[23.63584,-13.000977],[22.470996,-13.000977],[21.979102,-13.477734],[21.979492,-14.761426],[21.979785,-15.955566],[22.305078,-16.689551],[22.955859,-17.285742],[22.624023,-17.781641],[21.416895,-18.000684],[20.908301,-18.006055],[20.392969,-17.887402],[19.377148,-17.825488],[18.825977,-17.766309],[18.460352,-17.424609],[17.835352,-17.392773],[16.531055,-17.39082],[15.000586,-17.388574],[14.01748,-17.408887],[13.791992,-17.288379],[13.403711,-17.007812],[12.963184,-17.01543],[12.548145,-17.212695],[12.114355,-17.164551],[11.780078,-16.871289],[11.769434,-15.915332],[11.967871,-15.633984],[12.378906,-14.039062],[12.983203,-12.775684],[13.685547,-12.123828],[13.833594,-10.929688],[13.539453,-10.420703],[13.209375,-9.703223],[12.998535,-9.048047],[13.077246,-8.934277],[13.37832,-8.624707],[13.09082,-7.780176],[12.402148,-6.353418],[12.380371,-6.084277],[13.068164,-5.864844],[13.371484,-5.861816],[14.11377,-5.865137],[14.749414,-5.880078],[16.060156,-5.864941],[16.585156,-6.025293],[16.717773,-6.241406],[16.813086,-6.772559],[16.984766,-7.257422],[17.24502,-7.62334],[17.643359,-8.090723],[18.047168,-8.100781],[18.562695,-7.935938],[19.142676,-8.001465],[19.419336,-7.557324],[19.527637,-7.144434],[20.190039,-6.946289],[20.536914,-7.121777],[20.910938,-7.281445],[21.781641,-7.314648],[21.780078,-7.86543],[21.871875,-8.903516],[21.948633,-9.725586],[22.302441,-10.39668],[22.280469,-10.783984],[22.226172,-11.121973],[22.392969,-11.159473],[22.814746,-11.080273],[23.463965,-10.969336],[23.901172,-10.983203],[23.966504,-10.871777]]]]}},{"type":"Feature","geometry":{"type":"Polygon","coordinates":[[[1.706055,42.50332],[1.48623,42.434473],[1.421973,42.530811],[1.501367,42.642725],[1.740234,42.556738],[1.706055,42.50332]]]}},{"type":"Feature","geometry":{"type":"Polygon","coordinates":[[[8.576563,36.937207],[8.444238,36.760742],[8.208789,36.495117],[8.306738,36.18877],[8.28291,35.719287],[8.359863,35.299609],[8.254688,34.828955],[8.045605,34.512695],[7.554492,34.125],[7.534375,33.71792],[7.762695,33.233105],[8.210938,32.926709],[8.68291,32.310449],[9.102344,31.846143],[9.363281,30.83291],[9.420996,30.179297],[9.640137,29.636426],[9.820703,29.114795],[9.916016,27.785693],[9.79541,27.044775],[9.859375,26.551953],[9.422363,26.14707],[10.000684,25.33208],[10.218652,24.676221],[10.438965,24.480225],[11.536914,24.29082],[11.967871,23.517871],[9.896484,22.296729],[7.825195,21.075586],[6.730664,20.248047],[5.836621,19.47915],[4.671289,19.227783],[3.683496,19.041602],[3.323438,18.988379],[3.106055,19.150098],[3.219629,19.34541],[3.20166,19.5604],[3.130273,19.850195],[2.667773,19.99292],[2.219336,20.247803],[1.685449,20.378369],[1.290234,20.713574],[1.172754,20.981982],[0.671875,21.411865],[-0.637988,22.268311],[-1.9479,23.124805],[-3.257861,23.98125],[-4.516992,24.804492],[-5.516943,25.423779],[-6.238672,25.848193],[-6.990869,26.290576],[-7.743115,26.732959],[-8.495312,27.175342],[-8.68335,27.900391],[-8.68335,28.620752],[-8.399316,28.880176],[-7.943848,29.174756],[-7.427686,29.425],[-7.142432,29.61958],[-6.635352,29.568799],[-6.510693,29.726025],[-6.427637,29.816113],[-6.004297,29.83125],[-5.293652,30.058643],[-4.778516,30.552393],[-4.148779,30.80957],[-3.666797,30.964014],[-3.730176,31.1354],[-3.821387,31.255469],[-3.837109,31.512354],[-3.768164,31.689551],[-3.017383,31.834277],[-2.887207,32.068848],[-2.448389,32.12998],[-1.635156,32.099561],[-1.225928,32.164551],[-1.065527,32.468311],[-1.352148,32.703369],[-1.625098,33.18335],[-1.714111,33.781836],[-1.791797,34.36792],[-1.816602,34.55708],[-1.795605,34.751904],[-2.219629,35.104199],[-1.48374,35.303076],[-0.91748,35.668408],[-0.048242,35.832812],[0.514941,36.261816],[1.974512,36.567578],[2.972852,36.784473],[4.877832,36.862402],[5.424609,36.675439],[6.327832,37.046045],[7.143457,36.943359],[7.607715,36.999756],[8.576563,36.937207]]]}},{"type":"Feature","geometry":{"type":"Polygon","coordinates":[[[19.342383,41.869092],[19.361426,42.069092],[19.399609,42.341895],[19.654492,42.628564],[19.737793,42.525146],[19.939063,42.506689],[20.185742,42.425879],[20.485449,42.223389],[20.566211,41.873682],[20.516211,41.574756],[20.487012,41.336084],[20.656055,41.06167],[20.933496,40.903125],[20.987891,40.717773],[20.950195,40.494385],[20.75166,40.334912],[20.657422,40.117383],[20.408008,40.049463],[20.311328,39.950781],[20.364063,39.791748],[20.27207,39.701172],[20.059766,39.699121],[19.964844,39.872266],[19.360156,40.347705],[19.440527,40.375684],[19.3375,40.663818],[19.480078,41.236377],[19.545801,41.596826],[19.342383,41.869092]]]}},{"type":"Feature","geometry":{"type":"Polygon","coordinates":[[[66.522266,37.348486],[67.319727,37.20957],[67.607422,37.22251],[67.766016,37.140137],[68.212109,37.021533],[68.386914,37.1375],[68.723242,37.268018],[68.855371,37.316846],[69.05,37.266504],[69.353809,37.150049],[69.420117,37.486719],[69.940625,37.600293],[70.188672,37.582471],[70.214648,37.924414],[70.518555,38.191992],[71.052148,38.417871],[71.278516,37.918408],[71.551953,37.933154],[71.505078,37.60293],[71.471875,37.015088],[71.733789,36.684033],[72.358789,36.98291],[73.211133,37.408496],[73.632617,37.437207],[73.717285,37.329443],[73.749609,37.231787],[74.203516,37.372461],[74.524219,37.382373],[74.875391,37.241992],[74.738965,37.285645],[74.372168,37.157715],[74.541406,37.022168],[74.001855,36.823096],[73.411133,36.881689],[72.622852,36.82959],[72.249805,36.734717],[71.822266,36.486084],[71.545898,36.377686],[71.185059,36.04209],[71.427539,35.83374],[71.587402,35.46084],[71.545508,35.288867],[71.60166,35.150684],[71.358105,34.909619],[71.065625,34.599609],[71.022949,34.431152],[71.091309,34.120264],[70.415723,33.950439],[69.889648,34.007275],[70.219727,33.454687],[69.920117,33.1125],[69.453125,32.832812],[69.289941,32.530566],[69.186914,31.838086],[68.782324,31.646436],[68.520703,31.794141],[68.161035,31.802979],[67.626758,31.53877],[67.733496,31.379248],[67.452832,31.234619],[66.924316,31.305615],[66.595801,31.019971],[66.346875,30.802783],[66.281836,30.193457],[66.286914,29.92002],[65.666211,29.701318],[64.918945,29.552783],[64.39375,29.544336],[64.09873,29.391943],[62.373438,29.425391],[60.843359,29.858691],[61.78418,30.831934],[61.660156,31.382422],[60.820703,31.495166],[60.789941,31.987109],[60.644531,32.794385],[60.718066,33.323535],[60.906934,33.538965],[60.51084,33.638916],[60.570215,34.219629],[60.762598,34.475244],[60.802344,34.554639],[60.957813,34.710059],[61.070215,34.921729],[61.126465,35.156543],[61.189258,35.312012],[61.278516,35.51377],[61.377734,35.593115],[61.719727,35.419434],[62.089648,35.379687],[62.307813,35.170801],[62.610547,35.233154],[62.980273,35.40918],[63.169727,35.678125],[63.12998,35.846191],[63.696582,35.967822],[64.042383,36.025098],[64.358008,36.226074],[64.674316,36.750195],[64.951563,37.193555],[65.608008,37.368408],[65.765039,37.569141],[66.471875,37.344727],[66.522266,37.348486]]]}},{"type":"Feature","geometry":{"type":"Polygon","coordinates":[[[77.048633,35.109912],[76.882227,35.435742],[77.090039,35.552051],[77.572559,35.471826],[77.571582,35.37876],[77.048633,35.109912]]]}},{"type":"Feature","geometry":{"type":"MultiPolygon","coordinates":[[[[-45.717773,-60.520898],[-45.228125,-60.639746],[-45.173682,-60.733008],[-45.937305,-60.619922],[-45.83418,-60.543457],[-45.717773,-60.520898]]],[[[-90.536182,-68.797754],[-90.595215,-68.800195],[-90.623633,-68.801367],[-90.652051,-68.770898],[-90.636719,-68.737891],[-90.625684,-68.713867],[-90.570605,-68.713965],[-90.525146,-68.738477],[-90.519189,-68.764258],[-90.532959,-68.797266],[-90.536182,-68.797754]]],[[[-57.020654,-63.372852],[-56.973682,-63.624609],[-57.152246,-63.479102],[-57.736914,-63.616602],[-58.722852,-64.077441],[-58.977246,-64.265918],[-58.905127,-64.352148],[-58.891895,-64.537402],[-59.460742,-64.345605],[-59.645996,-64.583691],[-59.963086,-64.431348],[-60.555957,-64.676563],[-61.331836,-65.023828],[-61.703125,-64.987207],[-61.855615,-65.235352],[-62.145312,-65.331738],[-61.756006,-65.569238],[-62.305029,-65.84043],[-61.839062,-66.119531],[-61.266113,-65.97998],[-60.988135,-65.940234],[-60.565381,-65.979395],[-60.955664,-66.071973],[-61.028418,-66.336523],[-61.431934,-66.144727],[-61.756006,-66.429199],[-62.24126,-66.19707],[-62.754834,-66.310156],[-62.637549,-66.511133],[-62.628906,-66.706152],[-63.25752,-66.26377],[-63.687549,-66.319824],[-63.964355,-66.58877],[-63.769043,-66.803223],[-64.400977,-66.85332],[-64.735449,-66.894141],[-64.785498,-67.12373],[-64.858252,-67.242773],[-65.248535,-67.341992],[-65.523438,-67.444629],[-65.418066,-67.65957],[-65.527832,-67.92998],[-65.54624,-68.14668],[-64.884717,-68.056348],[-65.365186,-68.2875],[-64.996484,-68.407813],[-65.15835,-68.617969],[-64.156836,-68.686914],[-63.216602,-68.418848],[-63.114746,-68.470605],[-63.747021,-68.70459],[-63.455957,-69.041895],[-62.839746,-69.371875],[-62.202441,-70.02793],[-62.217871,-70.233203],[-62.000781,-70.497168],[-61.696484,-70.675781],[-61.961084,-70.900586],[-61.25166,-71.002246],[-61.148438,-71.341895],[-61.789551,-71.616016],[-61.562793,-71.675293],[-60.949023,-71.747266],[-62.256641,-72.017578],[-61.310254,-72.112695],[-60.719434,-72.072656],[-60.730322,-72.425977],[-60.93916,-72.699707],[-60.384668,-73.007324],[-59.956836,-73.030566],[-60.560693,-73.211426],[-61.24209,-73.250293],[-61.914746,-73.215723],[-61.405469,-73.46709],[-60.902734,-73.870605],[-61.54541,-73.895996],[-61.319434,-74.035938],[-61.570801,-74.194727],[-61.120605,-74.306934],[-61.010791,-74.47832],[-62.088867,-74.452832],[-61.894434,-74.713086],[-62.372461,-74.952148],[-63.072314,-74.677539],[-63.197998,-74.909082],[-63.924707,-75.004492],[-63.231055,-75.153809],[-63.972461,-75.329395],[-63.25752,-75.398535],[-65.044385,-75.7875],[-67.518213,-76.109766],[-70.210156,-76.674121],[-72.722314,-76.689063],[-75.443506,-76.586719],[-76.244189,-76.585352],[-76.823584,-76.993457],[-75.386914,-77.474219],[-72.875146,-77.693848],[-74.812061,-78.177832],[-79.679004,-77.842578],[-81.103125,-77.841797],[-77.858105,-78.350977],[-77.54502,-78.65957],[-80.292285,-78.822754],[-83.08252,-78.24668],[-83.687744,-78.148047],[-83.35498,-78.407617],[-83.696631,-78.537305],[-82.589209,-78.916309],[-81.163184,-79.400391],[-80.47876,-79.426172],[-79.455664,-79.304395],[-76.031592,-79.627051],[-77.222266,-79.994141],[-78.907129,-80.089648],[-76.407324,-80.094922],[-75.709033,-80.382715],[-75.236523,-80.802637],[-73.937842,-80.815918],[-72.173584,-80.763867],[-70.687891,-80.62627],[-70.012451,-80.917773],[-68.589844,-80.967969],[-67.96543,-81.148242],[-62.490234,-81.556738],[-62.945898,-81.683984],[-64.475684,-81.67168],[-65.486621,-81.775],[-64.137109,-81.869336],[-66.133838,-81.953418],[-65.913184,-82.183203],[-65.170117,-82.318262],[-63.466309,-82.306836],[-60.687109,-82.188574],[-62.553027,-82.50332],[-62.128613,-82.822363],[-61.218408,-82.991797],[-61.530566,-83.279395],[-60.397021,-83.440723],[-57.797754,-82.958594],[-56.075049,-82.570215],[-53.986084,-82.200586],[-52.798877,-82.153613],[-50.653027,-81.975488],[-47.360254,-82.004004],[-46.119141,-82.039551],[-46.516748,-82.45459],[-44.454883,-82.365918],[-43.180371,-82.017188],[-41.433838,-81.297754],[-39.762305,-81.032031],[-36.812402,-80.974707],[-35.775879,-80.812695],[-33.328711,-80.54043],[-32.255713,-80.460742],[-30.425293,-80.279688],[-24.240283,-80.061914],[-24.088281,-79.814844],[-25.258643,-79.7625],[-30.17793,-79.304297],[-31.412793,-79.145215],[-34.994922,-78.977539],[-36.265625,-78.615527],[-34.80835,-77.820605],[-33.591162,-77.31123],[-32.063379,-77.159863],[-29.891553,-76.597949],[-27.134521,-76.157324],[-23.197266,-75.717676],[-20.989014,-75.634375],[-18.850928,-75.470215],[-18.516943,-75.389941],[-18.516943,-75.051953],[-17.43584,-74.379102],[-16.429541,-74.323926],[-15.08916,-74.163281],[-15.259619,-73.888867],[-16.180859,-73.830273],[-16.387744,-73.681348],[-16.279102,-73.388477],[-15.007031,-73.047461],[-14.168311,-72.843262],[-13.602832,-72.79209],[-11.777344,-72.444043],[-10.958105,-71.901953],[-11.333057,-71.785547],[-12.351318,-71.389746],[-11.663037,-71.33125],[-10.825439,-71.55332],[-10.230566,-71.200977],[-10.359961,-70.982422],[-9.599365,-71.095313],[-8.646484,-71.672754],[-7.713721,-71.546484],[-7.756885,-71.017188],[-7.619775,-70.829004],[-6.54751,-70.816895],[-5.587891,-70.856738],[-6.126758,-71.265625],[-4.253223,-71.338477],[-2.812012,-71.320996],[-1.500635,-71.412305],[-0.89585,-71.349219],[-0.326953,-71.641895],[0.834961,-71.202344],[3.506934,-70.844434],[6.950977,-70.535254],[8.523047,-70.473828],[9.885547,-70.40293],[11.70127,-70.766602],[12.461621,-70.370117],[12.723438,-70.143652],[13.297949,-70.22959],[15.063867,-70.294727],[16.381055,-70.145117],[18.124609,-70.540332],[18.627344,-70.269434],[19.132324,-70.491895],[19.409277,-70.916992],[21.070801,-70.843457],[21.848926,-70.276758],[22.396484,-70.561328],[22.979004,-70.810352],[23.803613,-70.40459],[24.385742,-70.704395],[25.650195,-70.990625],[26.917969,-70.953711],[28.386426,-70.682031],[30.834082,-70.246289],[32.456543,-70.025977],[32.989355,-69.624219],[32.567578,-69.074219],[33.465625,-68.670703],[34.074219,-68.885352],[34.058594,-69.110547],[35.224805,-69.637305],[36.331152,-69.639355],[37.114844,-69.810449],[38.144336,-69.824219],[38.859277,-70.006055],[39.705078,-69.425586],[40.215625,-68.804883],[41.356348,-68.514941],[42.960938,-68.095313],[44.372852,-67.961328],[45.569336,-67.736426],[46.436523,-67.533398],[46.559668,-67.268164],[47.40293,-67.40918],[47.489844,-67.72793],[48.32168,-67.785254],[48.648047,-67.794043],[49.219336,-67.226855],[48.465234,-67.043457],[50.006152,-67.175195],[50.508887,-66.938574],[50.332422,-66.444629],[51.88457,-66.02002],[54.947852,-65.916309],[55.974023,-66.209375],[57.185449,-66.613281],[56.294531,-66.603418],[56.479688,-66.85918],[56.365918,-67.2125],[57.361133,-67.052637],[58.31748,-67.163086],[59.867578,-67.403125],[62.173926,-67.575488],[63.699023,-67.508301],[66.488379,-67.765527],[68.32793,-67.889551],[69.55918,-67.763184],[69.788672,-68.279492],[69.761914,-68.598535],[69.530762,-69.024023],[69.371875,-69.331445],[68.95918,-69.540234],[69.082617,-69.866602],[68.178125,-69.837305],[67.416602,-70.177148],[68.559375,-70.4125],[69.250195,-70.431055],[68.767969,-71.090723],[68.037402,-71.391016],[67.281055,-72.290625],[66.746484,-72.999805],[67.003125,-73.236426],[68.015527,-72.918164],[69.157031,-72.418652],[69.962109,-72.13291],[70.731641,-71.822266],[71.349219,-71.513867],[71.771387,-70.80127],[72.622363,-70.47207],[73.041406,-70.009668],[74.226758,-69.800391],[75.635547,-69.848926],[76.359766,-69.490234],[77.81748,-69.068945],[78.563477,-68.39375],[80.363086,-67.946875],[82.607031,-67.613086],[83.903711,-67.291992],[85.116797,-67.125586],[86.750195,-67.037109],[88.31416,-66.81748],[89.698438,-66.823047],[91.546094,-66.57207],[92.48584,-66.604297],[93.358008,-66.585449],[94.313477,-66.647168],[95.247949,-66.571191],[96.788867,-66.550586],[98.257617,-66.46748],[98.858887,-66.670801],[100.591211,-66.425195],[101.381348,-65.973047],[102.674219,-65.865137],[103.951172,-65.988086],[106.386914,-66.410645],[107.785059,-66.664062],[108.910059,-66.861914],[110.622266,-66.524023],[112.130273,-65.900098],[113.502148,-65.886328],[114.618555,-66.467969],[115.635352,-66.771191],[114.259766,-67.172266],[114.319043,-67.405664],[115.38418,-67.238086],[116.713477,-67.047168],[117.744727,-67.128516],[118.518945,-67.160938],[119.767969,-66.991504],[119.953711,-67.075879],[120.400391,-67.236035],[122.033105,-66.901758],[123.666602,-66.676855],[124.597852,-66.708203],[125.397949,-66.424414],[126.42373,-66.462402],[127.541211,-67.051074],[128.816406,-67.080371],[129.741211,-66.468555],[130.578516,-66.208594],[132.320312,-66.16543],[133.842773,-66.153613],[134.289453,-66.476758],[135.351953,-66.127148],[136.55332,-66.438965],[137.753809,-66.406445],[138.376465,-66.54043],[140.901563,-66.751953],[142.158984,-66.873633],[143.168945,-66.948633],[143.911133,-67.090723],[144.621191,-67.141406],[143.941992,-67.794043],[144.879102,-67.720898],[146.276367,-67.750879],[146.878223,-68.191211],[147.568555,-68.375098],[149.716895,-68.417773],[150.935938,-68.358496],[151.28877,-68.81709],[152.545508,-68.72959],[153.495703,-68.764355],[153.784668,-68.349609],[154.576367,-68.634277],[155.520313,-69.024414],[157.481348,-69.308691],[158.432617,-69.299414],[159.930957,-69.630566],[160.651855,-70.080566],[161.625098,-70.916113],[162.286523,-70.969043],[162.674805,-70.30459],[163.998438,-70.636523],[165.853906,-70.645313],[167.569434,-70.810254],[167.966309,-71.09248],[169.66377,-71.511328],[170.276855,-71.443945],[170.859082,-71.868555],[170.030078,-72.115527],[170.28584,-72.477148],[169.440332,-72.486816],[168.428418,-72.383398],[169.828613,-72.728809],[169.033398,-73.200391],[167.853027,-73.122461],[166.466992,-72.997461],[167.709082,-73.394238],[166.428809,-73.526953],[165.970605,-73.630762],[165.548926,-73.846094],[165.129492,-73.382617],[164.887695,-73.837695],[165.037207,-74.263477],[165.302832,-74.59375],[164.410742,-74.533398],[163.556543,-74.417383],[162.96123,-74.656055],[162.410059,-75.237598],[161.67959,-75.217773],[161.903516,-75.404199],[162.577637,-75.758008],[162.648242,-76.049023],[162.824609,-76.463574],[162.60957,-76.828711],[162.850195,-77.023535],[163.607617,-77.387793],[164.036426,-77.853027],[164.429688,-78.042188],[164.628125,-78.315625],[165.524023,-78.063574],[166.510352,-78.497363],[167.049023,-78.686035],[166.116797,-78.571094],[163.503125,-78.758594],[161.757422,-78.544922],[161.813379,-78.907422],[161.737305,-79.059961],[160.482715,-79.201465],[160.20918,-79.554395],[160.322754,-79.635547],[159.896484,-79.858984],[160.558789,-80.010547],[158.560352,-80.348926],[160.637305,-80.449902],[160.823242,-80.674023],[160.260156,-80.786719],[160.72793,-81.112891],[160.469824,-81.340625],[161.996094,-81.653027],[162.854395,-81.920703],[162.426563,-82.314453],[163.011816,-82.534961],[164.747168,-82.354395],[166.742188,-82.757031],[167.232617,-82.952344],[167.827539,-83.030762],[168.481641,-83.126758],[167.973047,-83.243164],[167.842773,-83.316211],[170.81748,-83.435742],[171.537109,-83.581348],[173.397266,-83.758789],[175.187402,-83.877441],[177.581055,-84.074902],[178.944434,-84.181445],[180,-89.998926],[174.375,-89.998926],[168.75,-89.998926],[163.125,-89.998926],[157.5,-89.998926],[151.875,-89.998926],[146.25,-89.998926],[140.625,-89.998926],[135,-89.998926],[129.375,-89.998926],[123.75,-89.998926],[118.125,-89.998926],[112.5,-89.998926],[106.875,-89.998926],[101.25,-89.998926],[95.625,-89.998926],[90,-89.998926],[84.375,-89.998926],[78.75,-89.998926],[73.125,-89.998926],[67.5,-89.998926],[61.875,-89.998926],[56.25,-89.998926],[50.625,-89.998926],[45,-89.998926],[39.375,-89.998926],[33.75,-89.998926],[28.124902,-89.998926],[22.5,-89.998926],[16.875,-89.998926],[11.25,-89.998926],[5.625,-89.998926],[0,-89.998926],[-5.625049,-89.998926],[-11.250049,-89.998926],[-16.875,-89.998926],[-22.5,-89.998926],[-28.125,-89.998926],[-33.75,-89.998926],[-39.375,-89.998926],[-45,-89.998926],[-50.625,-89.998926],[-56.25,-89.998926],[-61.875,-89.998926],[-67.5,-89.998926],[-73.125,-89.998926],[-78.75,-89.998926],[-84.375,-89.998926],[-90,-89.998926],[-95.625,-89.998926],[-101.25,-89.998926],[-106.875,-89.998926],[-112.5,-89.998926],[-118.125,-89.998926],[-123.75,-89.998926],[-129.375,-89.998926],[-135,-89.998926],[-140.625,-89.998926],[-146.25,-89.998926],[-151.875,-89.998926],[-157.5,-89.998926],[-163.125,-89.998926],[-168.750049,-89.998926],[-174.375,-89.998926],[-180,-89.998926],[-180,-87.881055],[-180,-85.05752],[-177.73042,-84.395215],[-175.874609,-84.510352],[-171.703662,-84.542383],[-166.911084,-84.819238],[-157.12749,-85.185645],[-156.988281,-84.982227],[-156.620996,-84.839648],[-163.685449,-84.513086],[-164.916846,-84.431348],[-165.125146,-84.374609],[-163.821387,-84.290527],[-164.602832,-84.09668],[-164.08291,-83.946094],[-166.649463,-83.791992],[-168.347363,-83.636816],[-171.187842,-83.256445],[-174.235938,-82.793457],[-172.392041,-82.893066],[-169.440771,-83.095996],[-168.417676,-83.228809],[-166.216895,-83.200781],[-164.445557,-83.467676],[-162.912061,-83.34707],[-159.923535,-83.494727],[-157.027783,-83.234375],[-157.521875,-83.106641],[-155.150244,-82.858398],[-153.882617,-82.176563],[-154.061377,-81.76543],[-154.907813,-81.510352],[-156.528223,-81.162305],[-148.023438,-80.835742],[-149.207422,-80.67041],[-150.132764,-80.510449],[-150.435449,-80.211035],[-148.766064,-80.108105],[-148.430273,-79.971289],[-148.082959,-79.856738],[-150.490625,-79.545605],[-151.903564,-79.280566],[-152.243506,-79.102734],[-155.209912,-78.964844],[-155.919775,-78.510352],[-154.695068,-78.216992],[-157.266797,-78.199805],[-158.500391,-77.77832],[-158.213574,-77.157129],[-157.139307,-77.24209],[-155.91958,-77.098047],[-153.909961,-77.226953],[-153.460596,-77.416016],[-150.956396,-77.573535],[-149.588477,-77.774219],[-148.155713,-77.462305],[-148.843604,-77.283691],[-148.196338,-77.211328],[-147.207227,-77.28584],[-145.677148,-77.488086],[-145.794287,-77.32998],[-145.563184,-77.161719],[-145.933936,-77.029004],[-145.675684,-76.79668],[-147.34043,-76.438379],[-149.654248,-76.365332],[-148.631787,-76.167969],[-146.817334,-76.318066],[-145.44209,-76.40918],[-146.323486,-76.020313],[-144.220605,-75.731445],[-142.094189,-75.529785],[-140.874316,-75.745898],[-140.470996,-75.447266],[-137.618164,-75.075586],[-136.461914,-75.03584],[-134.840381,-74.694141],[-133.474854,-74.851855],[-131.706543,-74.810938],[-129.238281,-74.828906],[-126.383984,-74.742578],[-121.543945,-74.75],[-118.80293,-74.422266],[-117.068311,-74.473242],[-114.991016,-74.275],[-113.508496,-74.088867],[-113.753271,-74.366699],[-113.597314,-74.558789],[-114.097217,-74.909082],[-113.593408,-74.943652],[-111.69624,-74.792188],[-111.695898,-74.504102],[-111.466797,-74.200781],[-110.533936,-74.288867],[-110.531934,-74.836328],[-111.104199,-75.19082],[-108.254492,-75.252539],[-106.618848,-75.343945],[-104.159668,-75.120703],[-102.771338,-75.116992],[-101.039355,-75.421875],[-99.531348,-75.308984],[-98.557861,-75.189746],[-99.848584,-74.92168],[-100.264893,-74.822949],[-100.530859,-74.488867],[-101.342773,-74.350098],[-102.44082,-73.925781],[-102.410645,-73.616406],[-101.310742,-73.695215],[-99.781104,-73.720117],[-99.161914,-73.64082],[-100.020801,-73.402539],[-101.815967,-73.31123],[-103.307715,-72.945312],[-102.855859,-72.716211],[-102.362939,-72.911426],[-101.841504,-73.020898],[-100.563574,-73.015527],[-98.012402,-73.033203],[-96.955762,-73.206445],[-95.880566,-73.293848],[-94.586475,-73.249512],[-92.828369,-73.164648],[-90.430908,-73.243262],[-90.035205,-72.960156],[-89.229395,-72.825781],[-88.194092,-72.7875],[-88.419385,-73.229004],[-87.401025,-73.191992],[-85.980762,-73.208496],[-84.981201,-73.502051],[-83.564844,-73.705957],[-81.606104,-73.795703],[-81.262402,-73.314941],[-80.379834,-73.308105],[-80.442236,-72.944531],[-78.963721,-73.312402],[-77.845605,-73.515039],[-76.764502,-73.566309],[-76.8875,-73.820508],[-75.59502,-73.71123],[-74.594043,-73.715234],[-72.929199,-73.447949],[-71.697559,-73.353027],[-69.968604,-73.226465],[-67.66709,-72.83457],[-66.95166,-71.897266],[-67.529932,-71.28457],[-67.888477,-70.42168],[-68.469824,-69.643848],[-68.461523,-69.383984],[-67.110449,-69.248047],[-67.390527,-68.86123],[-67.116895,-68.574805],[-66.977588,-68.146777],[-66.915381,-67.692578],[-66.923145,-67.491602],[-67.564746,-67.50293],[-67.440479,-67.090723],[-66.955078,-66.984766],[-66.836035,-67.282422],[-66.498682,-67.289062],[-66.533301,-66.979297],[-66.503613,-66.689844],[-65.95376,-66.645605],[-65.678467,-66.402734],[-65.617285,-66.135254],[-65.22207,-66.068457],[-64.72168,-65.992773],[-64.653223,-65.866895],[-64.435352,-65.768359],[-64.213477,-65.63291],[-63.862207,-65.555957],[-64.05127,-65.417188],[-63.760254,-65.033496],[-63.059082,-65.139355],[-62.774658,-64.841699],[-62.503467,-64.656445],[-62.139648,-64.726758],[-61.500488,-64.545605],[-61.082129,-64.314746],[-60.277246,-63.923926],[-59.036426,-63.670313],[-57.868066,-63.31875],[-57.020654,-63.372852]]],[[[-45.222656,-78.810742],[-43.72207,-78.818457],[-43.363672,-79.084766],[-42.965381,-79.477051],[-43.267285,-79.978613],[-43.742188,-80.00293],[-43.45376,-80.155078],[-49.410449,-80.666895],[-54.1625,-80.870117],[-54.371582,-80.623633],[-53.676074,-80.283691],[-53.176416,-80.160938],[-52.460986,-80.066602],[-51.711328,-79.989844],[-50.339258,-79.479492],[-50.419531,-79.321289],[-50.573291,-79.172266],[-50.50249,-78.949902],[-50.335449,-78.818262],[-50.14165,-78.556738],[-49.08125,-78.047461],[-46.825684,-77.785254],[-44.851953,-77.988379],[-43.854492,-78.258496],[-43.788281,-78.432617],[-45.213086,-78.687012],[-45.222656,-78.810742]]],[[[-59.733936,-80.344141],[-59.926367,-80.774316],[-62.02334,-80.889063],[-63.067529,-80.627441],[-64.126465,-80.667871],[-66.18374,-80.441992],[-66.681104,-80.260449],[-66.295801,-80.234766],[-65.980078,-80.384473],[-61.312842,-80.306543],[-61.694336,-80.134375],[-61.24624,-79.97832],[-61.026318,-79.808887],[-59.752441,-79.937988],[-59.407812,-80.150879],[-59.612402,-80.255469],[-59.733936,-80.344141]]],[[[-70.051123,-69.189063],[-69.707568,-69.320898],[-69.09126,-70.090332],[-68.450781,-70.817871],[-68.252441,-71.313477],[-68.460742,-72.085352],[-69.209326,-72.53418],[-70.922949,-72.613086],[-72.433301,-72.658301],[-72.780371,-72.580566],[-73.086377,-72.407813],[-72.376074,-72.296289],[-70.671143,-72.356348],[-70.42417,-72.167773],[-71.177734,-72.264063],[-71.897559,-72.120801],[-70.844629,-71.945801],[-71.574414,-71.850586],[-72.336621,-71.632227],[-73.166699,-71.90459],[-73.829883,-71.870215],[-73.899268,-72.152344],[-74.321777,-72.072656],[-74.908252,-72.033301],[-75.353076,-71.878418],[-75.324902,-71.725586],[-75.099658,-71.555371],[-74.418652,-71.643262],[-74.420312,-71.507227],[-74.236084,-71.388379],[-73.724268,-71.516992],[-73.380176,-71.52793],[-73.473975,-71.324902],[-72.621582,-71.388379],[-72.994531,-71.186523],[-71.718506,-71.145117],[-70.741113,-70.992578],[-69.916455,-71.133789],[-69.82251,-70.973438],[-69.993018,-70.89707],[-70.660645,-70.817871],[-71.190039,-70.65957],[-70.09043,-70.350684],[-69.618359,-70.398047],[-70.327637,-70.159668],[-71.120508,-70.196484],[-71.853613,-69.969336],[-71.766504,-69.649414],[-71.963232,-69.328711],[-72.137891,-69.114551],[-71.868994,-68.941016],[-70.154297,-68.922949],[-70.051123,-69.189063]]],[[[-98.091113,-71.9125],[-97.816016,-71.918848],[-97.525635,-72.149219],[-97.195508,-72.091016],[-96.38335,-71.836328],[-96.978906,-72.221875],[-96.482324,-72.207617],[-95.609521,-72.175],[-96.078174,-72.453809],[-96.692676,-72.547656],[-97.250293,-72.520898],[-98.163428,-72.556055],[-99.148828,-72.471973],[-100.104053,-72.287012],[-101.784766,-72.177734],[-102.313623,-72.081055],[-100.400928,-71.865723],[-99.833203,-72.046094],[-99.254102,-71.972168],[-98.394287,-71.781543],[-98.091113,-71.9125]]],[[[-120.55625,-73.756055],[-120.989502,-74.157031],[-121.004687,-74.292871],[-122.859082,-74.342676],[-122.764746,-74.218652],[-122.71001,-73.993652],[-123.034668,-73.837598],[-123.249072,-73.738672],[-122.435693,-73.681641],[-120.55625,-73.756055]]],[[[-126.329883,-73.28623],[-125.735791,-73.405664],[-125.326172,-73.617871],[-125.723193,-73.702734],[-125.798584,-73.801953],[-125.224414,-73.800781],[-124.61748,-73.735254],[-124.100537,-73.906836],[-123.851172,-74.057031],[-123.836719,-74.225684],[-124.872998,-74.208301],[-125.682715,-74.035449],[-126.465576,-73.746289],[-126.710938,-73.653613],[-127.12207,-73.73418],[-127.332031,-73.56748],[-127.267627,-73.304004],[-126.596875,-73.278906],[-126.329883,-73.28623]]],[[[-159.05293,-79.807422],[-163.317236,-79.504785],[-164.281641,-79.245508],[-163.814648,-78.928809],[-163.124121,-78.719141],[-162.160693,-78.793457],[-160.249609,-79.271484],[-159.366406,-79.545215],[-159.051367,-79.694531],[-159.05293,-79.807422]]],[[[167.084082,-77.32168],[169.352734,-77.524707],[168.322559,-77.68252],[167.025098,-77.756445],[166.236816,-77.547461],[166.626367,-77.376758],[166.506348,-77.189355],[167.084961,-77.307422],[167.084082,-77.32168]]],[[[-31.118848,-79.798438],[-30.779932,-79.647363],[-29.720752,-79.929883],[-30.844434,-79.938477],[-31.68042,-79.634277],[-31.118848,-79.798438]]],[[[-33.93418,-79.32041],[-36.565967,-79.208789],[-35.597314,-79.091895],[-33.947168,-79.305371],[-33.93418,-79.32041]]],[[[-70.334082,-79.679883],[-71.525781,-79.623633],[-71.783545,-79.444336],[-70.625879,-78.901563],[-69.398242,-78.686133],[-66.728076,-78.383691],[-67.480957,-78.682422],[-69.394434,-79.279785],[-70.116309,-79.666016],[-70.334082,-79.679883]]],[[[-57.845996,-64.053906],[-57.710059,-64.015137],[-57.249463,-64.09707],[-57.413965,-64.295898],[-57.580762,-64.350391],[-57.822852,-64.302051],[-57.920703,-64.33125],[-58.214062,-64.369727],[-58.162207,-64.160742],[-58.397607,-64.134766],[-58.274805,-63.916211],[-57.925684,-63.806055],[-57.826953,-63.949219],[-57.845996,-64.053906]]],[[[-55.528027,-63.173535],[-55.106445,-63.249316],[-55.750195,-63.29668],[-56.378516,-63.437305],[-56.475342,-63.318262],[-56.042187,-63.157129],[-55.528027,-63.173535]]],[[[-57.978418,-61.911914],[-57.636523,-61.998242],[-58.147559,-62.063477],[-58.341455,-62.119434],[-58.594043,-62.247754],[-58.819043,-62.171289],[-58.683594,-62.008203],[-57.978418,-61.911914]]],[[[-63.180566,-64.469531],[-62.928223,-64.519336],[-63.275439,-64.717383],[-63.646875,-64.803027],[-64.00708,-64.768555],[-64.226221,-64.635352],[-63.916162,-64.457227],[-63.605566,-64.31416],[-63.229639,-64.323633],[-63.180566,-64.469531]]],[[[-62.325781,-64.424414],[-62.579687,-64.514258],[-62.720898,-64.444531],[-62.590283,-64.139648],[-62.451416,-64.012402],[-62.058496,-64.138086],[-62.303711,-64.401367],[-62.325781,-64.424414]]],[[[-67.988477,-67.474414],[-68.325098,-67.532422],[-68.58042,-67.732813],[-68.818311,-67.753418],[-69.120361,-67.57793],[-68.819922,-67.233594],[-68.416846,-66.85332],[-67.711133,-66.633008],[-67.969189,-66.982129],[-67.827783,-67.081934],[-67.956348,-67.255371],[-68.144434,-67.382422],[-67.988477,-67.474414]]],[[[-73.706641,-70.635156],[-74.504736,-70.973438],[-76.363965,-71.116797],[-76.377637,-70.894141],[-75.126953,-70.751758],[-74.953613,-70.590234],[-74.527148,-70.769727],[-74.225,-70.614648],[-73.957812,-70.560938],[-73.706641,-70.635156]]],[[[-74.987109,-69.727832],[-74.437988,-69.949609],[-74.848828,-70.179297],[-75.80415,-70.038184],[-75.339941,-69.840234],[-75.136377,-69.740625],[-74.987109,-69.727832]]],[[[-74.354443,-73.098438],[-74.615381,-73.311426],[-74.366113,-73.464258],[-76.003223,-73.287988],[-76.062402,-73.108789],[-75.505859,-73.108887],[-75.243848,-73.009375],[-75.731055,-72.879297],[-74.275781,-72.95127],[-74.354443,-73.098438]]],[[[-91.160693,-73.182227],[-91.356885,-72.909473],[-91.612402,-72.593848],[-90.76333,-72.681055],[-90.750977,-72.916602],[-91.160693,-73.182227]]],[[[167.642773,-78.141406],[166.625977,-78.284277],[166.0125,-78.13125],[166.759863,-78.197949],[167.422363,-78.006445],[167.642773,-78.141406]]],[[[100.981445,-65.677539],[100.292578,-65.65127],[100.545117,-65.408984],[101.220605,-65.472266],[100.981445,-65.677539]]],[[[26.857227,-70.381152],[26.357617,-70.434277],[25.98252,-70.199902],[26.68623,-70.114453],[26.857227,-70.381152]]],[[[-5.894092,-70.552246],[-6.156104,-70.611523],[-6.180859,-70.585547],[-6.266113,-70.550195],[-6.437988,-70.452637],[-6.243652,-70.445703],[-6.068262,-70.404688],[-5.971631,-70.421484],[-5.949512,-70.432227],[-5.894092,-70.552246]]],[[[-3.280225,-70.533789],[-3.287451,-70.344043],[-2.713525,-70.320215],[-3.280225,-70.533789]]],[[[-66.173633,-80.077832],[-66.4104,-79.97334],[-67.077246,-79.761816],[-67.687939,-79.528418],[-66.785205,-79.608008],[-65.579248,-79.770801],[-65.989404,-80.054004],[-66.173633,-80.077832]]],[[[-67.261914,-79.452637],[-68.548926,-79.437402],[-68.032568,-79.227148],[-67.172949,-79.311523],[-67.261914,-79.452637]]],[[[-55.16543,-61.22041],[-55.297021,-61.248535],[-55.346924,-61.211621],[-55.369141,-61.146387],[-55.440234,-61.106152],[-55.387012,-61.072656],[-54.670996,-61.116992],[-54.709961,-61.139746],[-55.057617,-61.168652],[-55.16543,-61.22041]]],[[[-55.872559,-63.535645],[-55.956738,-63.57998],[-56.178369,-63.513281],[-56.235205,-63.468848],[-56.209863,-63.436914],[-55.85791,-63.407324],[-55.761816,-63.42207],[-55.719189,-63.49209],[-55.872559,-63.535645]]],[[[-57.240479,-64.566797],[-57.445898,-64.459863],[-56.894727,-64.333008],[-57.240479,-64.566797]]],[[[-56.059961,-63.078516],[-56.258984,-63.173145],[-56.354102,-63.168848],[-56.54585,-63.09834],[-56.600537,-63.061621],[-56.61416,-63.045117],[-56.488574,-62.982227],[-56.140381,-63.005273],[-56.061768,-63.012695],[-56.058447,-63.018555],[-56.051025,-63.054688],[-56.059961,-63.078516]]],[[[-57.37417,-63.807227],[-57.360205,-63.824805],[-57.16084,-63.815723],[-57.104004,-63.841211],[-57.218018,-63.875586],[-57.247754,-63.868359],[-57.34375,-63.878516],[-57.616357,-63.853613],[-57.683252,-63.812695],[-57.439355,-63.791406],[-57.37417,-63.807227]]],[[[-61.997607,-69.721875],[-62.49624,-69.288184],[-62.238965,-69.175781],[-61.783691,-69.441895],[-61.970117,-69.691406],[-61.997607,-69.721875]]],[[[-60.625,-62.560059],[-59.849561,-62.614941],[-60.378027,-62.616504],[-60.995068,-62.679102],[-60.974707,-62.591699],[-60.625,-62.560059]]],[[[-71.985352,-69.698438],[-72.202051,-69.740137],[-72.34458,-69.707031],[-72.776758,-69.64502],[-72.957324,-69.529102],[-72.936768,-69.468848],[-72.857324,-69.433105],[-72.726172,-69.413086],[-72.464307,-69.451855],[-72.331152,-69.491797],[-71.985352,-69.698438]]],[[[-95.027051,-72.665039],[-95.219434,-72.669824],[-95.272949,-72.646875],[-95.215625,-72.599414],[-94.753027,-72.517188],[-94.566113,-72.468066],[-94.538379,-72.475781],[-94.513867,-72.491699],[-94.433936,-72.58916],[-94.426025,-72.612598],[-95.027051,-72.665039]]],[[[-104.537939,-73.166309],[-104.65957,-73.212109],[-104.880957,-73.200586],[-105.05293,-73.125977],[-105.123437,-73.026367],[-105.131787,-72.991504],[-105.08457,-72.965918],[-104.972412,-72.941016],[-104.537939,-73.166309]]],[[[-119.548926,-74.110254],[-119.905127,-74.081543],[-119.802588,-73.814648],[-118.959277,-73.809473],[-119.058594,-73.997656],[-119.548926,-74.110254]]],[[[-127.36582,-74.622656],[-128.000049,-74.489453],[-128.042871,-74.312207],[-127.145166,-74.480176],[-127.36582,-74.622656]]],[[[-161.993799,-83.11875],[-163.348389,-83.021582],[-163.634326,-82.902246],[-162.798486,-82.864844],[-161.828223,-83.042578],[-161.993799,-83.11875]]],[[[-160.467139,-81.589453],[-163.890137,-81.423633],[-163.868994,-81.324023],[-160.937891,-81.463477],[-160.467139,-81.589453]]],[[[163.975977,-74.832715],[163.844629,-74.832715],[163.763379,-74.802832],[163.737207,-74.733789],[163.741699,-74.711523],[164.002344,-74.628906],[164.208496,-74.607715],[164.098242,-74.731934],[164.05918,-74.752734],[163.975977,-74.832715]]],[[[162.968066,-75.56709],[162.788281,-75.696191],[162.661914,-75.691895],[162.591211,-75.668555],[162.72002,-75.59668],[162.842383,-75.566211],[162.916992,-75.557324],[162.968066,-75.56709]]],[[[169.843652,-73.60498],[169.659375,-73.418066],[169.783203,-73.324219],[169.843652,-73.60498]]],[[[164.833594,-67.54043],[164.696289,-67.407813],[164.850098,-67.363672],[164.833594,-67.54043]]],[[[163.301953,-66.821191],[163.283594,-66.881934],[163.23457,-66.867969],[163.163867,-66.819141],[163.089648,-66.700586],[163.156152,-66.688477],[163.237891,-66.708789],[163.271094,-66.767578],[163.299121,-66.798438],[163.301953,-66.821191]]],[[[162.611426,-66.477344],[162.557129,-66.525098],[162.511328,-66.520117],[162.302734,-66.399707],[162.32627,-66.347461],[162.297266,-66.303711],[162.302051,-66.264648],[162.310547,-66.25127],[162.563281,-66.432617],[162.611426,-66.477344]]],[[[96.612695,-66.03584],[96.727344,-66.06084],[96.931641,-66.058398],[97.005566,-66.096777],[97.018848,-66.139453],[97.015625,-66.163965],[96.933984,-66.200781],[96.394531,-66.225],[96.307031,-66.18584],[96.398828,-66.080176],[96.499805,-66.045898],[96.612695,-66.03584]]],[[[100.264746,-66.216602],[100.133203,-66.229492],[100.082031,-66.202734],[100.07627,-66.188086],[100.174414,-66.131055],[100.290527,-66.112402],[100.281543,-66.17998],[100.264746,-66.216602]]],[[[98.846094,-66.469824],[98.751758,-66.481641],[98.655078,-66.45332],[98.605176,-66.399902],[98.596484,-66.382617],[98.748633,-66.369238],[98.949805,-66.420508],[98.846094,-66.469824]]],[[[103.397266,-65.445312],[103.124219,-65.338379],[102.75957,-65.167871],[103.19082,-65.237109],[103.378906,-65.426465],[103.397266,-65.445312]]],[[[92.601367,-65.808301],[92.470508,-65.82168],[92.333008,-65.807227],[92.262793,-65.760059],[92.248145,-65.739941],[92.301465,-65.706738],[92.496387,-65.702148],[92.633789,-65.730664],[92.664551,-65.760449],[92.669629,-65.774805],[92.601367,-65.808301]]],[[[85.822363,-66.95332],[85.650098,-66.979688],[85.622266,-66.965332],[85.617383,-66.950879],[85.358789,-66.854297],[85.314453,-66.775977],[85.340332,-66.72334],[85.552832,-66.728516],[85.80625,-66.774609],[85.937695,-66.894141],[85.822363,-66.95332]]],[[[86.541797,-66.76748],[86.42666,-66.791992],[86.337012,-66.787598],[86.232227,-66.73291],[86.277734,-66.69668],[86.383301,-66.674805],[86.520605,-66.686914],[86.556738,-66.705762],[86.651953,-66.718164],[86.541797,-66.76748]]],[[[85.328516,-66.611914],[85.222461,-66.643457],[85.136133,-66.637109],[85.07959,-66.604297],[85.06875,-66.583789],[85.121094,-66.518555],[85.164746,-66.521582],[85.193945,-66.556055],[85.328516,-66.611914]]],[[[69.918359,-71.917773],[69.791992,-72.04668],[69.743555,-72.044141],[69.692578,-71.968262],[69.737109,-71.921973],[69.796094,-71.893945],[69.895215,-71.907813],[69.918359,-71.917773]]],[[[68.461719,-72.300098],[68.408887,-72.300195],[68.436133,-72.260449],[68.566309,-72.190137],[68.66709,-72.103125],[68.729297,-72.08916],[68.84043,-72.16543],[68.817188,-72.228711],[68.669531,-72.275977],[68.461719,-72.300098]]],[[[72.002246,-70.632617],[71.659375,-70.497461],[71.796582,-70.264258],[72,-70.456836],[72.078125,-70.609082],[72.002246,-70.632617]]],[[[48.545996,-66.78418],[48.293945,-66.750098],[48.751074,-66.719629],[48.545996,-66.78418]]],[[[16.222656,-70.007617],[15.613867,-69.939063],[15.699023,-69.773242],[16.625488,-69.750293],[16.222656,-70.007617]]],[[[3.036914,-70.597363],[2.697754,-70.623535],[2.622754,-70.593359],[2.584668,-70.53457],[2.631445,-70.500391],[3.072168,-70.381641],[3.192773,-70.392676],[3.230566,-70.402637],[3.259863,-70.448828],[3.221289,-70.519141],[3.171094,-70.553906],[3.036914,-70.597363]]],[[[-2.95498,-71.21377],[-3.060596,-71.236621],[-3.201465,-71.230273],[-3.309375,-71.200879],[-3.385645,-71.142969],[-3.403857,-71.119824],[-3.391699,-71.081152],[-3.398975,-71.062109],[-3.263037,-71.051758],[-3.212793,-71.075977],[-3.191357,-71.094824],[-2.95498,-71.21377]]],[[[1.299316,-70.255176],[1.211523,-70.381348],[1.156348,-70.378125],[1.10459,-70.304199],[0.990332,-70.224316],[0.952539,-70.168945],[0.949609,-70.094043],[1.026758,-70.049805],[1.314844,-70.022754],[1.412207,-70.040723],[1.460938,-70.135645],[1.299316,-70.255176]]],[[[-2.532812,-70.767773],[-2.119043,-70.855371],[-2.606738,-71.141113],[-2.805176,-71.014746],[-3.006982,-70.851465],[-3.040039,-70.674414],[-2.532812,-70.767773]]],[[[4.525879,-70.478711],[4.076172,-70.325293],[4.49502,-70.251367],[4.525879,-70.478711]]],[[[-20.607422,-73.886621],[-20.42334,-74.317383],[-20.737012,-74.480957],[-21.051221,-74.176074],[-21.930371,-74.056641],[-20.979199,-73.79043],[-20.520703,-73.711816],[-20.607422,-73.886621]]],[[[-16.104492,-72.679102],[-16.174805,-72.702832],[-16.317578,-72.702148],[-16.453027,-72.652344],[-16.509766,-72.582227],[-16.516553,-72.530859],[-16.455371,-72.473535],[-16.355859,-72.458594],[-16.302881,-72.478027],[-16.17251,-72.6],[-16.104492,-72.679102]]],[[[-12.508887,-72.17334],[-12.588428,-72.196094],[-12.720166,-72.187695],[-12.888428,-72.137109],[-12.943701,-72.098926],[-12.963281,-72.064453],[-12.914795,-72.014648],[-12.875488,-72.000684],[-12.788867,-72.006543],[-12.636621,-72.071289],[-12.534766,-72.140039],[-12.508887,-72.17334]]],[[[-32.342529,-79.673633],[-32.514893,-79.682813],[-32.583252,-79.658301],[-32.50083,-79.592285],[-32.376611,-79.534668],[-32.15,-79.529883],[-31.933447,-79.567871],[-31.956738,-79.603809],[-32.001172,-79.607031],[-32.342529,-79.673633]]],[[[-54.070703,-61.299121],[-54.11543,-61.308496],[-54.183887,-61.269727],[-54.192236,-61.246582],[-54.121973,-61.201758],[-54.049902,-61.14209],[-54.024316,-61.135254],[-54.041309,-61.255371],[-54.070703,-61.299121]]],[[[-58.837939,-62.302539],[-59.059424,-62.347754],[-59.174561,-62.301758],[-59.202441,-62.283105],[-59.063818,-62.239063],[-58.990625,-62.249219],[-58.962109,-62.263867],[-58.878662,-62.267871],[-58.837939,-62.302539]]],[[[-61.158447,-69.975781],[-61.308643,-69.97793],[-61.378467,-69.949805],[-61.404346,-69.93252],[-61.386475,-69.893262],[-61.327148,-69.856348],[-61.151855,-69.883105],[-61.10791,-69.955273],[-61.158447,-69.975781]]],[[[-60.655908,-68.767578],[-60.693359,-68.79502],[-60.820068,-68.778418],[-60.894043,-68.758887],[-61.014941,-68.709766],[-60.947168,-68.680664],[-60.813574,-68.687695],[-60.704834,-68.72207],[-60.655908,-68.767578]]],[[[-60.740625,-70.710547],[-60.826074,-70.710547],[-60.896484,-70.689648],[-60.958008,-70.629004],[-60.975537,-70.599121],[-60.941797,-70.53252],[-60.883887,-70.517578],[-60.553662,-70.508789],[-60.45249,-70.544238],[-60.448975,-70.60332],[-60.487695,-70.64668],[-60.740625,-70.710547]]],[[[-60.552246,-71.05293],[-60.652148,-71.058691],[-60.789746,-71.041113],[-60.906348,-71.007422],[-60.946484,-70.967383],[-60.889062,-70.934375],[-60.782812,-70.914062],[-60.613135,-70.920117],[-60.533301,-70.9625],[-60.516309,-70.999512],[-60.535937,-71.040918],[-60.552246,-71.05293]]],[[[-59.389014,-62.444336],[-59.525244,-62.451465],[-59.619434,-62.39502],[-59.660693,-62.354297],[-59.478516,-62.352148],[-59.39585,-62.367285],[-59.353369,-62.412891],[-59.389014,-62.444336]]],[[[-60.504883,-62.967383],[-60.554688,-62.977539],[-60.619727,-62.969043],[-60.617725,-62.986621],[-60.563672,-63.008984],[-60.62168,-63.017969],[-60.69292,-62.995703],[-60.74043,-62.948633],[-60.705859,-62.905566],[-60.637402,-62.895215],[-60.504883,-62.967383]]],[[[-60.653125,-63.866602],[-60.777686,-63.902148],[-60.852441,-63.891016],[-60.972168,-63.849023],[-60.810059,-63.836621],[-60.79668,-63.716699],[-60.714844,-63.668848],[-60.562354,-63.695898],[-60.655908,-63.758984],[-60.688867,-63.80791],[-60.65498,-63.850098],[-60.653125,-63.866602]]],[[[-61.952441,-64.077148],[-62.043896,-64.080371],[-62.020752,-64.027344],[-61.936279,-63.990234],[-61.798242,-63.966602],[-61.88623,-64.026953],[-61.911133,-64.054492],[-61.952441,-64.077148]]],[[[-63.316211,-64.861133],[-63.474414,-64.906543],[-63.55835,-64.905957],[-63.459277,-64.796289],[-63.366895,-64.79209],[-63.219385,-64.729785],[-63.177246,-64.73877],[-63.256934,-64.79082],[-63.316211,-64.861133]]],[[[-62.615088,-63.069336],[-62.655273,-63.073828],[-62.638867,-63.031934],[-62.527051,-62.923828],[-62.317432,-62.874121],[-62.344043,-62.917773],[-62.411475,-62.971582],[-62.615088,-63.069336]]],[[[-65.845264,-65.84248],[-66.153467,-65.77373],[-65.968311,-65.570996],[-65.669678,-65.65293],[-65.835742,-65.81377],[-65.845264,-65.84248]]],[[[-66.595312,-66.200684],[-66.818652,-66.312695],[-66.85,-66.305469],[-66.867529,-66.293848],[-66.866992,-66.274805],[-66.791504,-66.233594],[-66.779004,-66.11084],[-66.631348,-66.066797],[-66.575195,-66.082422],[-66.622852,-66.133887],[-66.592627,-66.178613],[-66.595312,-66.200684]]],[[[-67.362402,-66.894531],[-67.409229,-66.901953],[-67.520801,-66.897266],[-67.593262,-66.875586],[-67.499512,-66.803613],[-67.51084,-66.75625],[-67.425977,-66.736914],[-67.331689,-66.753516],[-67.26875,-66.815234],[-67.256982,-66.840918],[-67.362402,-66.894531]]],[[[-67.348926,-67.766211],[-67.730664,-67.679492],[-67.246729,-67.59873],[-67.299707,-67.737207],[-67.348926,-67.766211]]],[[[-71.69502,-70.265137],[-71.647754,-70.29541],[-71.431592,-70.267285],[-71.354883,-70.297852],[-71.340283,-70.31748],[-71.437744,-70.391504],[-71.551221,-70.438867],[-71.684668,-70.442285],[-71.781982,-70.318848],[-71.795264,-70.288379],[-71.69502,-70.265137]]],[[[-73.878418,-73.356836],[-74.134424,-73.27666],[-73.674219,-73.100391],[-73.878418,-73.356836]]],[[[-93.795605,-72.919727],[-93.965527,-72.920215],[-94.078125,-72.883887],[-94.113184,-72.860059],[-94.046973,-72.823047],[-94.004248,-72.819727],[-93.799561,-72.882031],[-93.755811,-72.907617],[-93.795605,-72.919727]]],[[[-116.738623,-74.165039],[-117.376465,-74.082813],[-116.451416,-74.017676],[-116.514111,-74.095508],[-116.738623,-74.165039]]],[[[-132.39126,-74.441895],[-132.546289,-74.498438],[-132.857178,-74.461719],[-132.831689,-74.421582],[-132.55249,-74.386621],[-132.362305,-74.409961],[-132.39126,-74.441895]]],[[[-131.066699,-74.583789],[-131.95249,-74.514355],[-131.937793,-74.349121],[-131.233887,-74.413574],[-131.066699,-74.583789]]],[[[-147.588281,-76.649805],[-147.578857,-76.662793],[-147.729639,-76.653418],[-147.954297,-76.597168],[-148.001074,-76.577148],[-147.899707,-76.558008],[-147.769678,-76.576855],[-147.649121,-76.61084],[-147.588281,-76.649805]]],[[[-145.238086,-75.71123],[-145.348389,-75.716113],[-145.541162,-75.692676],[-146.042773,-75.611914],[-146.15083,-75.573535],[-146.075732,-75.533398],[-145.895508,-75.504785],[-145.760791,-75.513867],[-145.417383,-75.587988],[-145.31543,-75.641406],[-145.252246,-75.682813],[-145.238086,-75.71123]]],[[[-146.606738,-76.961328],[-146.981445,-77.005664],[-147.078906,-76.992773],[-147.044141,-76.929688],[-147.101465,-76.886523],[-147.115625,-76.866211],[-147.08667,-76.837305],[-146.866504,-76.837109],[-146.244385,-76.883105],[-146.163965,-76.948535],[-146.606738,-76.961328]]],[[[-148.59585,-77.006836],[-149.014648,-77.019141],[-149.244824,-76.993066],[-149.302539,-76.91582],[-149.238086,-76.900195],[-148.704102,-76.935645],[-148.508936,-76.95459],[-148.439746,-76.977148],[-148.474316,-76.997754],[-148.59585,-77.006836]]],[[[-149.333252,-76.717383],[-148.92793,-76.730078],[-148.662598,-76.720508],[-148.38418,-76.744434],[-148.320801,-76.77168],[-148.370947,-76.794922],[-148.669531,-76.802051],[-148.8146,-76.840723],[-148.983887,-76.845313],[-149.238477,-76.817773],[-149.468945,-76.757129],[-149.333252,-76.717383]]],[[[-149.218115,-77.336328],[-148.928857,-77.386816],[-149.438672,-77.370605],[-149.662354,-77.300977],[-149.518652,-77.274707],[-149.375439,-77.27998],[-149.249121,-77.315039],[-149.218115,-77.336328]]],[[[-150.23252,-76.776465],[-150.655176,-76.788965],[-150.830469,-76.761523],[-150.873535,-76.736719],[-150.837646,-76.71416],[-150.177393,-76.691309],[-150.103564,-76.718848],[-150.084766,-76.735156],[-150.23252,-76.776465]]],[[[-146.690137,-76.246387],[-146.894482,-76.260938],[-147.150928,-76.197461],[-147.34541,-76.14668],[-147.407764,-76.10459],[-147.420898,-76.090234],[-147.418066,-76.073438],[-147.360645,-76.062793],[-146.949023,-76.098145],[-146.690137,-76.246387]]],[[[-146.790039,-76.633105],[-146.907813,-76.714063],[-147.221338,-76.670898],[-147.355322,-76.618848],[-147.278613,-76.552539],[-147.135303,-76.531543],[-146.947461,-76.55498],[-146.877881,-76.563281],[-146.790039,-76.633105]]],[[[-150.39707,-77.369141],[-150.474854,-77.37373],[-151.344482,-77.296289],[-151.511621,-77.27334],[-151.218018,-77.226465],[-151.021533,-77.22002],[-150.499121,-77.335059],[-150.35625,-77.349023],[-150.39707,-77.369141]]],[[[-153.930469,-80.033301],[-154.94165,-79.966309],[-155.674268,-79.765527],[-153.930469,-80.033301]]],[[[-149.230664,-77.120508],[-149.856348,-77.099414],[-150.680225,-76.948438],[-149.789844,-76.889258],[-149.416406,-77.078906],[-149.230664,-77.120508]]],[[[-157.9875,-82.10498],[-158.076221,-82.112012],[-158.154102,-82.058496],[-158.545312,-81.948828],[-158.773193,-81.875488],[-158.926318,-81.818652],[-158.988721,-81.779297],[-158.913721,-81.779785],[-158.346729,-81.900488],[-158.26084,-81.947266],[-157.83457,-82.030762],[-157.9875,-82.10498]]]]}},{"type":"Feature","geometry":{"type":"Polygon","coordinates":[[[-63.123047,18.068945],[-63.011182,18.068945],[-63.012305,18.04541],[-63.023047,18.019189],[-63.09043,18.041406],[-63.124707,18.064307],[-63.123047,18.068945]]]}},{"type":"Feature","geometry":{"type":"Polygon","coordinates":[[[179.213672,-8.524219],[179.200586,-8.534961],[179.195703,-8.534766],[179.200879,-8.512109],[179.197949,-8.488672],[179.198535,-8.47002],[179.203027,-8.466309],[179.211621,-8.488086],[179.216602,-8.514844],[179.213672,-8.524219]]]}}],"bbox":[-180,-89.99892578125,180,83.599609375]}